iso3_country,sector,subsector,start_time,end_time,gas,emissions_quantity,emissions_quantity_units,temporal_granularity,created_date,modified_date
IND,fossil-fuel-operations,coal-mining,2015-01-01 00:00:00,2015-12-31 00:00:00,ch4,1093815.2542949575,tonnes,annual,2023-10-03 21:10:35.920758,
IND,fossil-fuel-operations,coal-mining,2015-01-01 00:00:00,2015-12-31 00:00:00,co2,0.0,tonnes,annual,2023-10-03 21:10:35.920746,
IND,fossil-fuel-operations,coal-mining,2015-01-01 00:00:00,2015-12-31 00:00:00,co2e_100yr,30626827.12025881,tonnes,annual,2023-10-03 21:10:35.920774,
IND,fossil-fuel-operations,coal-mining,2015-01-01 00:00:00,2015-12-31 00:00:00,co2e_20yr,91880481.36077644,tonnes,annual,2023-10-03 21:10:35.920782,
IND,fossil-fuel-operations,coal-mining,2015-01-01 00:00:00,2015-12-31 00:00:00,n2o,0.0,tonnes,annual,2023-10-03 21:10:35.920765,
IND,fossil-fuel-operations,coal-mining,2016-01-01 00:00:00,2016-12-31 00:00:00,ch4,1100766.2846969164,tonnes,annual,2023-10-03 21:10:36.062987,
IND,fossil-fuel-operations,coal-mining,2016-01-01 00:00:00,2016-12-31 00:00:00,co2,0.0,tonnes,annual,2023-10-03 21:10:36.062976,
IND,fossil-fuel-operations,coal-mining,2016-01-01 00:00:00,2016-12-31 00:00:00,co2e_100yr,30821455.971513655,tonnes,annual,2023-10-03 21:10:36.063003,
IND,fossil-fuel-operations,coal-mining,2016-01-01 00:00:00,2016-12-31 00:00:00,co2e_20yr,92464367.91454098,tonnes,annual,2023-10-03 21:10:36.063011,
IND,fossil-fuel-operations,coal-mining,2016-01-01 00:00:00,2016-12-31 00:00:00,n2o,0.0,tonnes,annual,2023-10-03 21:10:36.062994,
IND,fossil-fuel-operations,coal-mining,2017-01-01 00:00:00,2017-12-31 00:00:00,ch4,1117553.7974494158,tonnes,annual,2023-10-03 21:10:36.203036,
IND,fossil-fuel-operations,coal-mining,2017-01-01 00:00:00,2017-12-31 00:00:00,co2,0.0,tonnes,annual,2023-10-03 21:10:36.203025,
IND,fossil-fuel-operations,coal-mining,2017-01-01 00:00:00,2017-12-31 00:00:00,co2e_100yr,31291506.328583643,tonnes,annual,2023-10-03 21:10:36.203053,
IND,fossil-fuel-operations,coal-mining,2017-01-01 00:00:00,2017-12-31 00:00:00,co2e_20yr,93874518.98575091,tonnes,annual,2023-10-03 21:10:36.203061,
IND,fossil-fuel-operations,coal-mining,2017-01-01 00:00:00,2017-12-31 00:00:00,n2o,0.0,tonnes,annual,2023-10-03 21:10:36.203043,
IND,fossil-fuel-operations,coal-mining,2018-01-01 00:00:00,2018-12-31 00:00:00,ch4,1119232.638502262,tonnes,annual,2023-10-03 21:10:36.350656,
IND,fossil-fuel-operations,coal-mining,2018-01-01 00:00:00,2018-12-31 00:00:00,co2,0.0,tonnes,annual,2023-10-03 21:10:36.350646,
IND,fossil-fuel-operations,coal-mining,2018-01-01 00:00:00,2018-12-31 00:00:00,co2e_100yr,31338513.87806334,tonnes,annual,2023-10-03 21:10:36.350672,
IND,fossil-fuel-operations,coal-mining,2018-01-01 00:00:00,2018-12-31 00:00:00,co2e_20yr,94015541.63419002,tonnes,annual,2023-10-03 21:10:36.35068,
IND,fossil-fuel-operations,coal-mining,2018-01-01 00:00:00,2018-12-31 00:00:00,n2o,0.0,tonnes,annual,2023-10-03 21:10:36.350664,
IND,fossil-fuel-operations,coal-mining,2019-01-01 00:00:00,2019-12-31 00:00:00,ch4,1119232.638502262,tonnes,annual,2023-10-03 21:10:36.490197,
IND,fossil-fuel-operations,coal-mining,2019-01-01 00:00:00,2019-12-31 00:00:00,co2,0.0,tonnes,annual,2023-10-03 21:10:36.490186,
IND,fossil-fuel-operations,coal-mining,2019-01-01 00:00:00,2019-12-31 00:00:00,co2e_100yr,31338513.87806334,tonnes,annual,2023-10-03 21:10:36.490213,
IND,fossil-fuel-operations,coal-mining,2019-01-01 00:00:00,2019-12-31 00:00:00,co2e_20yr,94015541.63419002,tonnes,annual,2023-10-03 21:10:36.490221,
IND,fossil-fuel-operations,coal-mining,2019-01-01 00:00:00,2019-12-31 00:00:00,n2o,0.0,tonnes,annual,2023-10-03 21:10:36.490204,
IND,fossil-fuel-operations,coal-mining,2020-01-01 00:00:00,2020-12-31 00:00:00,ch4,1127901.640048847,tonnes,annual,2023-10-03 21:10:36.654738,
IND,fossil-fuel-operations,coal-mining,2020-01-01 00:00:00,2020-12-31 00:00:00,co2,0.0,tonnes,annual,2023-10-03 21:10:36.654727,
IND,fossil-fuel-operations,coal-mining,2020-01-01 00:00:00,2020-12-31 00:00:00,co2e_100yr,31581245.92136772,tonnes,annual,2023-10-03 21:10:36.654754,
IND,fossil-fuel-operations,coal-mining,2020-01-01 00:00:00,2020-12-31 00:00:00,co2e_20yr,94743737.76410316,tonnes,annual,2023-10-03 21:10:36.654763,
IND,fossil-fuel-operations,coal-mining,2020-01-01 00:00:00,2020-12-31 00:00:00,n2o,0.0,tonnes,annual,2023-10-03 21:10:36.654745,
IND,fossil-fuel-operations,coal-mining,2021-01-01 00:00:00,2021-12-31 00:00:00,ch4,1129916.7455953462,tonnes,annual,2023-10-03 21:10:36.872367,
IND,fossil-fuel-operations,coal-mining,2021-01-01 00:00:00,2021-12-31 00:00:00,co2,0.0,tonnes,annual,2023-10-03 21:10:36.872356,
IND,fossil-fuel-operations,coal-mining,2021-01-01 00:00:00,2021-12-31 00:00:00,co2e_100yr,31637668.876669697,tonnes,annual,2023-10-03 21:10:36.872383,
IND,fossil-fuel-operations,coal-mining,2021-01-01 00:00:00,2021-12-31 00:00:00,co2e_20yr,94913006.63000908,tonnes,annual,2023-10-03 21:10:36.872391,
IND,fossil-fuel-operations,coal-mining,2021-01-01 00:00:00,2021-12-31 00:00:00,n2o,0.0,tonnes,annual,2023-10-03 21:10:36.872374,
IND,fossil-fuel-operations,coal-mining,2022-01-01 00:00:00,2022-12-31 00:00:00,ch4,1133641.1482678223,tonnes,annual,2023-10-03 21:10:37.030929,
IND,fossil-fuel-operations,coal-mining,2022-01-01 00:00:00,2022-12-31 00:00:00,co2,0.0,tonnes,annual,2023-10-03 21:10:37.030912,
IND,fossil-fuel-operations,coal-mining,2022-01-01 00:00:00,2022-12-31 00:00:00,co2e_100yr,31741952.15149903,tonnes,annual,2023-10-03 21:10:37.03096,
IND,fossil-fuel-operations,coal-mining,2022-01-01 00:00:00,2022-12-31 00:00:00,co2e_20yr,95225856.45449708,tonnes,annual,2023-10-03 21:10:37.030974,
IND,fossil-fuel-operations,coal-mining,2022-01-01 00:00:00,2022-12-31 00:00:00,n2o,0.0,tonnes,annual,2023-10-03 21:10:37.030945,
