iso3_country,sector,subsector,start_time,end_time,gas,emissions_quantity,emissions_quantity_units,temporal_granularity,created_date,modified_date
IND,fossil-fuel-operations,oil-and-gas-refining,2015-01-01 00:00:00,2015-12-31 00:00:00,ch4,3376.93939,tonnes,annual,2023-10-03 21:12:43.32053,
IND,fossil-fuel-operations,oil-and-gas-refining,2015-01-01 00:00:00,2015-12-31 00:00:00,co2,68664950.83,tonnes,annual,2023-10-03 21:12:43.320519,
IND,fossil-fuel-operations,oil-and-gas-refining,2015-01-01 00:00:00,2015-12-31 00:00:00,co2e_100yr,69424170.71,tonnes,annual,2023-10-03 21:12:43.320546,
IND,fossil-fuel-operations,oil-and-gas-refining,2015-01-01 00:00:00,2015-12-31 00:00:00,co2e_20yr,69429336.01,tonnes,annual,2023-10-03 21:12:43.320553,
IND,fossil-fuel-operations,oil-and-gas-refining,2015-01-01 00:00:00,2015-12-31 00:00:00,n2o,633.3825812,tonnes,annual,2023-10-03 21:12:43.320538,
IND,fossil-fuel-operations,oil-and-gas-refining,2016-01-01 00:00:00,2016-12-31 00:00:00,ch4,3636.897873,tonnes,annual,2023-10-03 21:12:43.484647,
IND,fossil-fuel-operations,oil-and-gas-refining,2016-01-01 00:00:00,2016-12-31 00:00:00,co2,74216833.15,tonnes,annual,2023-10-03 21:12:43.484637,
IND,fossil-fuel-operations,oil-and-gas-refining,2016-01-01 00:00:00,2016-12-31 00:00:00,co2e_100yr,75033464.23,tonnes,annual,2023-10-03 21:12:43.484663,
IND,fossil-fuel-operations,oil-and-gas-refining,2016-01-01 00:00:00,2016-12-31 00:00:00,co2e_20yr,75039086.72,tonnes,annual,2023-10-03 21:12:43.48467,
IND,fossil-fuel-operations,oil-and-gas-refining,2016-01-01 00:00:00,2016-12-31 00:00:00,n2o,683.1141364,tonnes,annual,2023-10-03 21:12:43.484654,
IND,fossil-fuel-operations,oil-and-gas-refining,2017-01-01 00:00:00,2017-12-31 00:00:00,ch4,3764.199962,tonnes,annual,2023-10-03 21:12:43.636325,
IND,fossil-fuel-operations,oil-and-gas-refining,2017-01-01 00:00:00,2017-12-31 00:00:00,co2,76978843.7,tonnes,annual,2023-10-03 21:12:43.636314,
IND,fossil-fuel-operations,oil-and-gas-refining,2017-01-01 00:00:00,2017-12-31 00:00:00,co2e_100yr,77823518.95,tonnes,annual,2023-10-03 21:12:43.636344,
IND,fossil-fuel-operations,oil-and-gas-refining,2017-01-01 00:00:00,2017-12-31 00:00:00,co2e_20yr,77829403.05,tonnes,annual,2023-10-03 21:12:43.636351,
IND,fossil-fuel-operations,oil-and-gas-refining,2017-01-01 00:00:00,2017-12-31 00:00:00,n2o,707.4092135,tonnes,annual,2023-10-03 21:12:43.636335,
IND,fossil-fuel-operations,oil-and-gas-refining,2018-01-01 00:00:00,2018-12-31 00:00:00,ch4,3668.501594,tonnes,annual,2023-10-03 21:12:43.78686,
IND,fossil-fuel-operations,oil-and-gas-refining,2018-01-01 00:00:00,2018-12-31 00:00:00,co2,75119957.99,tonnes,annual,2023-10-03 21:12:43.78685,
IND,fossil-fuel-operations,oil-and-gas-refining,2018-01-01 00:00:00,2018-12-31 00:00:00,co2e_100yr,75942980.8,tonnes,annual,2023-10-03 21:12:43.786875,
IND,fossil-fuel-operations,oil-and-gas-refining,2018-01-01 00:00:00,2018-12-31 00:00:00,co2e_20yr,75948795.56,tonnes,annual,2023-10-03 21:12:43.786883,
IND,fossil-fuel-operations,oil-and-gas-refining,2018-01-01 00:00:00,2018-12-31 00:00:00,n2o,689.3330013,tonnes,annual,2023-10-03 21:12:43.786867,
IND,fossil-fuel-operations,oil-and-gas-refining,2019-01-01 00:00:00,2019-12-31 00:00:00,ch4,3680.411423,tonnes,annual,2023-10-03 21:12:43.945388,
IND,fossil-fuel-operations,oil-and-gas-refining,2019-01-01 00:00:00,2019-12-31 00:00:00,co2,75294212.99,tonnes,annual,2023-10-03 21:12:43.945377,
IND,fossil-fuel-operations,oil-and-gas-refining,2019-01-01 00:00:00,2019-12-31 00:00:00,co2e_100yr,76119934.22,tonnes,annual,2023-10-03 21:12:43.945414,
IND,fossil-fuel-operations,oil-and-gas-refining,2019-01-01 00:00:00,2019-12-31 00:00:00,co2e_20yr,76125682.36,tonnes,annual,2023-10-03 21:12:43.945421,
IND,fossil-fuel-operations,oil-and-gas-refining,2019-01-01 00:00:00,2019-12-31 00:00:00,n2o,691.8568361,tonnes,annual,2023-10-03 21:12:43.945405,
IND,fossil-fuel-operations,oil-and-gas-refining,2020-01-01 00:00:00,2020-12-31 00:00:00,ch4,3274.733121,tonnes,annual,2023-10-03 21:12:44.097141,
IND,fossil-fuel-operations,oil-and-gas-refining,2020-01-01 00:00:00,2020-12-31 00:00:00,co2,67166165.87,tonnes,annual,2023-10-03 21:12:44.097131,
IND,fossil-fuel-operations,oil-and-gas-refining,2020-01-01 00:00:00,2020-12-31 00:00:00,co2e_100yr,67900460.26,tonnes,annual,2023-10-03 21:12:44.097157,
IND,fossil-fuel-operations,oil-and-gas-refining,2020-01-01 00:00:00,2020-12-31 00:00:00,co2e_20yr,67905686.31,tonnes,annual,2023-10-03 21:12:44.097164,
IND,fossil-fuel-operations,oil-and-gas-refining,2020-01-01 00:00:00,2020-12-31 00:00:00,n2o,615.6574019,tonnes,annual,2023-10-03 21:12:44.097148,
IND,fossil-fuel-operations,oil-and-gas-refining,2021-01-01 00:00:00,2021-12-31 00:00:00,ch4,3501.731785,tonnes,annual,2023-10-03 21:12:44.252283,
IND,fossil-fuel-operations,oil-and-gas-refining,2021-01-01 00:00:00,2021-12-31 00:00:00,co2,71822004.8,tonnes,annual,2023-10-03 21:12:44.252273,
IND,fossil-fuel-operations,oil-and-gas-refining,2021-01-01 00:00:00,2021-12-31 00:00:00,co2e_100yr,72607199.17,tonnes,annual,2023-10-03 21:12:44.252299,
IND,fossil-fuel-operations,oil-and-gas-refining,2021-01-01 00:00:00,2021-12-31 00:00:00,co2e_20yr,72612787.47,tonnes,annual,2023-10-03 21:12:44.252306,
IND,fossil-fuel-operations,oil-and-gas-refining,2021-01-01 00:00:00,2021-12-31 00:00:00,n2o,658.3336759,tonnes,annual,2023-10-03 21:12:44.25229,
IND,fossil-fuel-operations,oil-and-gas-refining,2022-01-01 00:00:00,2022-12-31 00:00:00,ch4,3684.203755,tonnes,annual,2023-10-03 21:12:44.405202,
IND,fossil-fuel-operations,oil-and-gas-refining,2022-01-01 00:00:00,2022-12-31 00:00:00,co2,75564582.33,tonnes,annual,2023-10-03 21:12:44.405193,
IND,fossil-fuel-operations,oil-and-gas-refining,2022-01-01 00:00:00,2022-12-31 00:00:00,co2e_100yr,76390692.44,tonnes,annual,2023-10-03 21:12:44.405218,
IND,fossil-fuel-operations,oil-and-gas-refining,2022-01-01 00:00:00,2022-12-31 00:00:00,co2e_20yr,76396571.94,tonnes,annual,2023-10-03 21:12:44.405225,
IND,fossil-fuel-operations,oil-and-gas-refining,2022-01-01 00:00:00,2022-12-31 00:00:00,n2o,692.6388283,tonnes,annual,2023-10-03 21:12:44.405209,
