source_id,source_name,iso3_country,sector,subsector,start_time,end_time,source_type,capacity,capacity_factor,activity,co2_emissions_factor,ch4_emissions_factor,n2o_emissions_factor,co2_emissions,ch4_emissions,n2o_emissions,total_co2e_20yrgwp,created_date,modified_date,total_co2e_100yrgwp
3143923,BPCL Kochi Refinery,IND,fossil-fuel-operations,oil-and-gas-refining,2015-01-01 00:00:00,2015-12-31 00:00:00,low,low,low,low,low,low,low,low,low,low,low,2023-08-30 00:00:00,,low
3143923,BPCL Kochi Refinery,IND,fossil-fuel-operations,oil-and-gas-refining,2016-01-01 00:00:00,2016-12-31 00:00:00,low,low,low,low,low,low,low,low,low,low,low,2023-08-30 00:00:00,,low
3143923,BPCL Kochi Refinery,IND,fossil-fuel-operations,oil-and-gas-refining,2017-01-01 00:00:00,2017-12-31 00:00:00,low,low,low,low,low,low,low,low,low,low,low,2023-08-30 00:00:00,,low
3143923,BPCL Kochi Refinery,IND,fossil-fuel-operations,oil-and-gas-refining,2018-01-01 00:00:00,2018-12-31 00:00:00,low,low,low,low,low,low,low,low,low,low,low,2023-08-30 00:00:00,,low
3143923,BPCL Kochi Refinery,IND,fossil-fuel-operations,oil-and-gas-refining,2019-01-01 00:00:00,2019-12-31 00:00:00,low,low,low,low,low,low,low,low,low,low,low,2023-08-30 00:00:00,,low
3143923,BPCL Kochi Refinery,IND,fossil-fuel-operations,oil-and-gas-refining,2020-01-01 00:00:00,2020-12-31 00:00:00,low,low,low,low,low,low,low,low,low,low,low,2023-08-30 00:00:00,,low
3143923,BPCL Kochi Refinery,IND,fossil-fuel-operations,oil-and-gas-refining,2021-01-01 00:00:00,2021-12-31 00:00:00,low,low,low,low,low,low,low,low,low,low,low,2023-08-30 00:00:00,,low
3143923,BPCL Kochi Refinery,IND,fossil-fuel-operations,oil-and-gas-refining,2022-01-01 00:00:00,2022-12-31 00:00:00,low,low,low,low,low,low,low,low,low,low,low,2023-08-30 00:00:00,,low
3143924,BPCL Mumbai Refinery,IND,fossil-fuel-operations,oil-and-gas-refining,2015-01-01 00:00:00,2015-12-31 00:00:00,low,low,low,low,low,low,low,low,low,low,low,2023-08-30 00:00:00,,low
3143924,BPCL Mumbai Refinery,IND,fossil-fuel-operations,oil-and-gas-refining,2016-01-01 00:00:00,2016-12-31 00:00:00,low,low,low,low,low,low,low,low,low,low,low,2023-08-30 00:00:00,,low
3143924,BPCL Mumbai Refinery,IND,fossil-fuel-operations,oil-and-gas-refining,2017-01-01 00:00:00,2017-12-31 00:00:00,low,low,low,low,low,low,low,low,low,low,low,2023-08-30 00:00:00,,low
3143924,BPCL Mumbai Refinery,IND,fossil-fuel-operations,oil-and-gas-refining,2018-01-01 00:00:00,2018-12-31 00:00:00,low,low,low,low,low,low,low,low,low,low,low,2023-08-30 00:00:00,,low
3143924,BPCL Mumbai Refinery,IND,fossil-fuel-operations,oil-and-gas-refining,2019-01-01 00:00:00,2019-12-31 00:00:00,low,low,low,low,low,low,low,low,low,low,low,2023-08-30 00:00:00,,low
3143924,BPCL Mumbai Refinery,IND,fossil-fuel-operations,oil-and-gas-refining,2020-01-01 00:00:00,2020-12-31 00:00:00,low,low,low,low,low,low,low,low,low,low,low,2023-08-30 00:00:00,,low
3143924,BPCL Mumbai Refinery,IND,fossil-fuel-operations,oil-and-gas-refining,2021-01-01 00:00:00,2021-12-31 00:00:00,low,low,low,low,low,low,low,low,low,low,low,2023-08-30 00:00:00,,low
3143924,BPCL Mumbai Refinery,IND,fossil-fuel-operations,oil-and-gas-refining,2022-01-01 00:00:00,2022-12-31 00:00:00,low,low,low,low,low,low,low,low,low,low,low,2023-08-30 00:00:00,,low
3143929,BPCL Numaligarh Refinery Ltd (NRL),IND,fossil-fuel-operations,oil-and-gas-refining,2015-01-01 00:00:00,2015-12-31 00:00:00,low,low,low,low,low,low,low,low,low,low,low,2023-08-30 00:00:00,,low
3143929,BPCL Numaligarh Refinery Ltd (NRL),IND,fossil-fuel-operations,oil-and-gas-refining,2016-01-01 00:00:00,2016-12-31 00:00:00,low,low,low,low,low,low,low,low,low,low,low,2023-08-30 00:00:00,,low
3143929,BPCL Numaligarh Refinery Ltd (NRL),IND,fossil-fuel-operations,oil-and-gas-refining,2017-01-01 00:00:00,2017-12-31 00:00:00,low,low,low,low,low,low,low,low,low,low,low,2023-08-30 00:00:00,,low
3143929,BPCL Numaligarh Refinery Ltd (NRL),IND,fossil-fuel-operations,oil-and-gas-refining,2018-01-01 00:00:00,2018-12-31 00:00:00,low,low,low,low,low,low,low,low,low,low,low,2023-08-30 00:00:00,,low
3143929,BPCL Numaligarh Refinery Ltd (NRL),IND,fossil-fuel-operations,oil-and-gas-refining,2019-01-01 00:00:00,2019-12-31 00:00:00,low,low,low,low,low,low,low,low,low,low,low,2023-08-30 00:00:00,,low
3143929,BPCL Numaligarh Refinery Ltd (NRL),IND,fossil-fuel-operations,oil-and-gas-refining,2020-01-01 00:00:00,2020-12-31 00:00:00,low,low,low,low,low,low,low,low,low,low,low,2023-08-30 00:00:00,,low
3143929,BPCL Numaligarh Refinery Ltd (NRL),IND,fossil-fuel-operations,oil-and-gas-refining,2021-01-01 00:00:00,2021-12-31 00:00:00,low,low,low,low,low,low,low,low,low,low,low,2023-08-30 00:00:00,,low
3143929,BPCL Numaligarh Refinery Ltd (NRL),IND,fossil-fuel-operations,oil-and-gas-refining,2022-01-01 00:00:00,2022-12-31 00:00:00,low,low,low,low,low,low,low,low,low,low,low,2023-08-30 00:00:00,,low
3143925,Bharat Oman Refinery,IND,fossil-fuel-operations,oil-and-gas-refining,2015-01-01 00:00:00,2015-12-31 00:00:00,low,low,low,low,low,low,low,low,low,low,low,2023-08-30 00:00:00,,low
3143925,Bharat Oman Refinery,IND,fossil-fuel-operations,oil-and-gas-refining,2016-01-01 00:00:00,2016-12-31 00:00:00,low,low,low,low,low,low,low,low,low,low,low,2023-08-30 00:00:00,,low
3143925,Bharat Oman Refinery,IND,fossil-fuel-operations,oil-and-gas-refining,2017-01-01 00:00:00,2017-12-31 00:00:00,low,low,low,low,low,low,low,low,low,low,low,2023-08-30 00:00:00,,low
3143925,Bharat Oman Refinery,IND,fossil-fuel-operations,oil-and-gas-refining,2018-01-01 00:00:00,2018-12-31 00:00:00,low,low,low,low,low,low,low,low,low,low,low,2023-08-30 00:00:00,,low
3143925,Bharat Oman Refinery,IND,fossil-fuel-operations,oil-and-gas-refining,2019-01-01 00:00:00,2019-12-31 00:00:00,low,low,low,low,low,low,low,low,low,low,low,2023-08-30 00:00:00,,low
3143925,Bharat Oman Refinery,IND,fossil-fuel-operations,oil-and-gas-refining,2020-01-01 00:00:00,2020-12-31 00:00:00,low,low,low,low,low,low,low,low,low,low,low,2023-08-30 00:00:00,,low
3143925,Bharat Oman Refinery,IND,fossil-fuel-operations,oil-and-gas-refining,2021-01-01 00:00:00,2021-12-31 00:00:00,low,low,low,low,low,low,low,low,low,low,low,2023-08-30 00:00:00,,low
3143925,Bharat Oman Refinery,IND,fossil-fuel-operations,oil-and-gas-refining,2022-01-01 00:00:00,2022-12-31 00:00:00,low,low,low,low,low,low,low,low,low,low,low,2023-08-30 00:00:00,,low
3143918,CPCL Manali Refinery,IND,fossil-fuel-operations,oil-and-gas-refining,2015-01-01 00:00:00,2015-12-31 00:00:00,low,low,low,low,low,low,low,low,low,low,low,2023-08-30 00:00:00,,low
3143918,CPCL Manali Refinery,IND,fossil-fuel-operations,oil-and-gas-refining,2016-01-01 00:00:00,2016-12-31 00:00:00,low,low,low,low,low,low,low,low,low,low,low,2023-08-30 00:00:00,,low
3143918,CPCL Manali Refinery,IND,fossil-fuel-operations,oil-and-gas-refining,2017-01-01 00:00:00,2017-12-31 00:00:00,low,low,low,low,low,low,low,low,low,low,low,2023-08-30 00:00:00,,low
3143918,CPCL Manali Refinery,IND,fossil-fuel-operations,oil-and-gas-refining,2018-01-01 00:00:00,2018-12-31 00:00:00,low,low,low,low,low,low,low,low,low,low,low,2023-08-30 00:00:00,,low
3143918,CPCL Manali Refinery,IND,fossil-fuel-operations,oil-and-gas-refining,2019-01-01 00:00:00,2019-12-31 00:00:00,low,low,low,low,low,low,low,low,low,low,low,2023-08-30 00:00:00,,low
3143918,CPCL Manali Refinery,IND,fossil-fuel-operations,oil-and-gas-refining,2020-01-01 00:00:00,2020-12-31 00:00:00,low,low,low,low,low,low,low,low,low,low,low,2023-08-30 00:00:00,,low
3143918,CPCL Manali Refinery,IND,fossil-fuel-operations,oil-and-gas-refining,2021-01-01 00:00:00,2021-12-31 00:00:00,low,low,low,low,low,low,low,low,low,low,low,2023-08-30 00:00:00,,low
3143918,CPCL Manali Refinery,IND,fossil-fuel-operations,oil-and-gas-refining,2022-01-01 00:00:00,2022-12-31 00:00:00,low,low,low,low,low,low,low,low,low,low,low,2023-08-30 00:00:00,,low
3143931,Chennai Petroleum Corporation Nagapattinam Refinery,IND,fossil-fuel-operations,oil-and-gas-refining,2015-01-01 00:00:00,2015-12-31 00:00:00,low,low,low,low,low,low,low,low,low,low,low,2023-08-30 00:00:00,,low
3143931,Chennai Petroleum Corporation Nagapattinam Refinery,IND,fossil-fuel-operations,oil-and-gas-refining,2016-01-01 00:00:00,2016-12-31 00:00:00,low,low,low,low,low,low,low,low,low,low,low,2023-08-30 00:00:00,,low
3143931,Chennai Petroleum Corporation Nagapattinam Refinery,IND,fossil-fuel-operations,oil-and-gas-refining,2017-01-01 00:00:00,2017-12-31 00:00:00,low,low,low,low,low,low,low,low,low,low,low,2023-08-30 00:00:00,,low
3143931,Chennai Petroleum Corporation Nagapattinam Refinery,IND,fossil-fuel-operations,oil-and-gas-refining,2018-01-01 00:00:00,2018-12-31 00:00:00,low,low,low,low,low,low,low,low,low,low,low,2023-08-30 00:00:00,,low
3143931,Chennai Petroleum Corporation Nagapattinam Refinery,IND,fossil-fuel-operations,oil-and-gas-refining,2019-01-01 00:00:00,2019-12-31 00:00:00,low,low,low,low,low,low,low,low,low,low,low,2023-08-30 00:00:00,,low
3143931,Chennai Petroleum Corporation Nagapattinam Refinery,IND,fossil-fuel-operations,oil-and-gas-refining,2020-01-01 00:00:00,2020-12-31 00:00:00,low,low,low,low,low,low,low,low,low,low,low,2023-08-30 00:00:00,,low
3143931,Chennai Petroleum Corporation Nagapattinam Refinery,IND,fossil-fuel-operations,oil-and-gas-refining,2021-01-01 00:00:00,2021-12-31 00:00:00,low,low,low,low,low,low,low,low,low,low,low,2023-08-30 00:00:00,,low
3143931,Chennai Petroleum Corporation Nagapattinam Refinery,IND,fossil-fuel-operations,oil-and-gas-refining,2022-01-01 00:00:00,2022-12-31 00:00:00,low,low,low,low,low,low,low,low,low,low,low,2023-08-30 00:00:00,,low
3143917,Guru Gobind Singh Refinery,IND,fossil-fuel-operations,oil-and-gas-refining,2015-01-01 00:00:00,2015-12-31 00:00:00,low,low,low,low,low,low,low,low,low,low,low,2023-08-30 00:00:00,,low
3143917,Guru Gobind Singh Refinery,IND,fossil-fuel-operations,oil-and-gas-refining,2016-01-01 00:00:00,2016-12-31 00:00:00,low,low,low,low,low,low,low,low,low,low,low,2023-08-30 00:00:00,,low
3143917,Guru Gobind Singh Refinery,IND,fossil-fuel-operations,oil-and-gas-refining,2017-01-01 00:00:00,2017-12-31 00:00:00,low,low,low,low,low,low,low,low,low,low,low,2023-08-30 00:00:00,,low
3143917,Guru Gobind Singh Refinery,IND,fossil-fuel-operations,oil-and-gas-refining,2018-01-01 00:00:00,2018-12-31 00:00:00,low,low,low,low,low,low,low,low,low,low,low,2023-08-30 00:00:00,,low
3143917,Guru Gobind Singh Refinery,IND,fossil-fuel-operations,oil-and-gas-refining,2019-01-01 00:00:00,2019-12-31 00:00:00,low,low,low,low,low,low,low,low,low,low,low,2023-08-30 00:00:00,,low
3143917,Guru Gobind Singh Refinery,IND,fossil-fuel-operations,oil-and-gas-refining,2020-01-01 00:00:00,2020-12-31 00:00:00,low,low,low,low,low,low,low,low,low,low,low,2023-08-30 00:00:00,,low
3143917,Guru Gobind Singh Refinery,IND,fossil-fuel-operations,oil-and-gas-refining,2021-01-01 00:00:00,2021-12-31 00:00:00,low,low,low,low,low,low,low,low,low,low,low,2023-08-30 00:00:00,,low
3143917,Guru Gobind Singh Refinery,IND,fossil-fuel-operations,oil-and-gas-refining,2022-01-01 00:00:00,2022-12-31 00:00:00,low,low,low,low,low,low,low,low,low,low,low,2023-08-30 00:00:00,,low
3143928,HPCL Mumbai Refinery,IND,fossil-fuel-operations,oil-and-gas-refining,2015-01-01 00:00:00,2015-12-31 00:00:00,low,low,low,low,low,low,low,low,low,low,low,2023-08-30 00:00:00,,low
3143928,HPCL Mumbai Refinery,IND,fossil-fuel-operations,oil-and-gas-refining,2016-01-01 00:00:00,2016-12-31 00:00:00,low,low,low,low,low,low,low,low,low,low,low,2023-08-30 00:00:00,,low
3143928,HPCL Mumbai Refinery,IND,fossil-fuel-operations,oil-and-gas-refining,2017-01-01 00:00:00,2017-12-31 00:00:00,low,low,low,low,low,low,low,low,low,low,low,2023-08-30 00:00:00,,low
3143928,HPCL Mumbai Refinery,IND,fossil-fuel-operations,oil-and-gas-refining,2018-01-01 00:00:00,2018-12-31 00:00:00,low,low,low,low,low,low,low,low,low,low,low,2023-08-30 00:00:00,,low
3143928,HPCL Mumbai Refinery,IND,fossil-fuel-operations,oil-and-gas-refining,2019-01-01 00:00:00,2019-12-31 00:00:00,low,low,low,low,low,low,low,low,low,low,low,2023-08-30 00:00:00,,low
3143928,HPCL Mumbai Refinery,IND,fossil-fuel-operations,oil-and-gas-refining,2020-01-01 00:00:00,2020-12-31 00:00:00,low,low,low,low,low,low,low,low,low,low,low,2023-08-30 00:00:00,,low
3143928,HPCL Mumbai Refinery,IND,fossil-fuel-operations,oil-and-gas-refining,2021-01-01 00:00:00,2021-12-31 00:00:00,low,low,low,low,low,low,low,low,low,low,low,2023-08-30 00:00:00,,low
3143928,HPCL Mumbai Refinery,IND,fossil-fuel-operations,oil-and-gas-refining,2022-01-01 00:00:00,2022-12-31 00:00:00,low,low,low,low,low,low,low,low,low,low,low,2023-08-30 00:00:00,,low
3143922,HPCL Visakhapatnam Refinery,IND,fossil-fuel-operations,oil-and-gas-refining,2015-01-01 00:00:00,2015-12-31 00:00:00,low,low,low,low,low,low,low,low,low,low,low,2023-08-30 00:00:00,,low
3143922,HPCL Visakhapatnam Refinery,IND,fossil-fuel-operations,oil-and-gas-refining,2016-01-01 00:00:00,2016-12-31 00:00:00,low,low,low,low,low,low,low,low,low,low,low,2023-08-30 00:00:00,,low
3143922,HPCL Visakhapatnam Refinery,IND,fossil-fuel-operations,oil-and-gas-refining,2017-01-01 00:00:00,2017-12-31 00:00:00,low,low,low,low,low,low,low,low,low,low,low,2023-08-30 00:00:00,,low
3143922,HPCL Visakhapatnam Refinery,IND,fossil-fuel-operations,oil-and-gas-refining,2018-01-01 00:00:00,2018-12-31 00:00:00,low,low,low,low,low,low,low,low,low,low,low,2023-08-30 00:00:00,,low
3143922,HPCL Visakhapatnam Refinery,IND,fossil-fuel-operations,oil-and-gas-refining,2019-01-01 00:00:00,2019-12-31 00:00:00,low,low,low,low,low,low,low,low,low,low,low,2023-08-30 00:00:00,,low
3143922,HPCL Visakhapatnam Refinery,IND,fossil-fuel-operations,oil-and-gas-refining,2020-01-01 00:00:00,2020-12-31 00:00:00,low,low,low,low,low,low,low,low,low,low,low,2023-08-30 00:00:00,,low
3143922,HPCL Visakhapatnam Refinery,IND,fossil-fuel-operations,oil-and-gas-refining,2021-01-01 00:00:00,2021-12-31 00:00:00,low,low,low,low,low,low,low,low,low,low,low,2023-08-30 00:00:00,,low
3143922,HPCL Visakhapatnam Refinery,IND,fossil-fuel-operations,oil-and-gas-refining,2022-01-01 00:00:00,2022-12-31 00:00:00,low,low,low,low,low,low,low,low,low,low,low,2023-08-30 00:00:00,,low
3143933,IOC Digboi Refinery,IND,fossil-fuel-operations,oil-and-gas-refining,2015-01-01 00:00:00,2015-12-31 00:00:00,low,low,low,low,low,low,low,low,low,low,low,2023-08-30 00:00:00,,low
3143933,IOC Digboi Refinery,IND,fossil-fuel-operations,oil-and-gas-refining,2016-01-01 00:00:00,2016-12-31 00:00:00,low,low,low,low,low,low,low,low,low,low,low,2023-08-30 00:00:00,,low
3143933,IOC Digboi Refinery,IND,fossil-fuel-operations,oil-and-gas-refining,2017-01-01 00:00:00,2017-12-31 00:00:00,low,low,low,low,low,low,low,low,low,low,low,2023-08-30 00:00:00,,low
3143933,IOC Digboi Refinery,IND,fossil-fuel-operations,oil-and-gas-refining,2018-01-01 00:00:00,2018-12-31 00:00:00,low,low,low,low,low,low,low,low,low,low,low,2023-08-30 00:00:00,,low
3143933,IOC Digboi Refinery,IND,fossil-fuel-operations,oil-and-gas-refining,2019-01-01 00:00:00,2019-12-31 00:00:00,low,low,low,low,low,low,low,low,low,low,low,2023-08-30 00:00:00,,low
3143933,IOC Digboi Refinery,IND,fossil-fuel-operations,oil-and-gas-refining,2020-01-01 00:00:00,2020-12-31 00:00:00,low,low,low,low,low,low,low,low,low,low,low,2023-08-30 00:00:00,,low
3143933,IOC Digboi Refinery,IND,fossil-fuel-operations,oil-and-gas-refining,2021-01-01 00:00:00,2021-12-31 00:00:00,low,low,low,low,low,low,low,low,low,low,low,2023-08-30 00:00:00,,low
3143933,IOC Digboi Refinery,IND,fossil-fuel-operations,oil-and-gas-refining,2022-01-01 00:00:00,2022-12-31 00:00:00,low,low,low,low,low,low,low,low,low,low,low,2023-08-30 00:00:00,,low
3143932,IOC Guwahati Refinery,IND,fossil-fuel-operations,oil-and-gas-refining,2015-01-01 00:00:00,2015-12-31 00:00:00,low,low,low,low,low,low,low,low,low,low,low,2023-08-30 00:00:00,,low
3143932,IOC Guwahati Refinery,IND,fossil-fuel-operations,oil-and-gas-refining,2016-01-01 00:00:00,2016-12-31 00:00:00,low,low,low,low,low,low,low,low,low,low,low,2023-08-30 00:00:00,,low
3143932,IOC Guwahati Refinery,IND,fossil-fuel-operations,oil-and-gas-refining,2017-01-01 00:00:00,2017-12-31 00:00:00,low,low,low,low,low,low,low,low,low,low,low,2023-08-30 00:00:00,,low
3143932,IOC Guwahati Refinery,IND,fossil-fuel-operations,oil-and-gas-refining,2018-01-01 00:00:00,2018-12-31 00:00:00,low,low,low,low,low,low,low,low,low,low,low,2023-08-30 00:00:00,,low
3143932,IOC Guwahati Refinery,IND,fossil-fuel-operations,oil-and-gas-refining,2019-01-01 00:00:00,2019-12-31 00:00:00,low,low,low,low,low,low,low,low,low,low,low,2023-08-30 00:00:00,,low
3143932,IOC Guwahati Refinery,IND,fossil-fuel-operations,oil-and-gas-refining,2020-01-01 00:00:00,2020-12-31 00:00:00,low,low,low,low,low,low,low,low,low,low,low,2023-08-30 00:00:00,,low
3143932,IOC Guwahati Refinery,IND,fossil-fuel-operations,oil-and-gas-refining,2021-01-01 00:00:00,2021-12-31 00:00:00,low,low,low,low,low,low,low,low,low,low,low,2023-08-30 00:00:00,,low
3143932,IOC Guwahati Refinery,IND,fossil-fuel-operations,oil-and-gas-refining,2022-01-01 00:00:00,2022-12-31 00:00:00,low,low,low,low,low,low,low,low,low,low,low,2023-08-30 00:00:00,,low
3143914,IOC Paradip Refinery,IND,fossil-fuel-operations,oil-and-gas-refining,2015-01-01 00:00:00,2015-12-31 00:00:00,low,low,low,low,low,low,low,low,low,low,low,2023-08-30 00:00:00,,low
3143914,IOC Paradip Refinery,IND,fossil-fuel-operations,oil-and-gas-refining,2016-01-01 00:00:00,2016-12-31 00:00:00,low,low,low,low,low,low,low,low,low,low,low,2023-08-30 00:00:00,,low
3143914,IOC Paradip Refinery,IND,fossil-fuel-operations,oil-and-gas-refining,2017-01-01 00:00:00,2017-12-31 00:00:00,low,low,low,low,low,low,low,low,low,low,low,2023-08-30 00:00:00,,low
3143914,IOC Paradip Refinery,IND,fossil-fuel-operations,oil-and-gas-refining,2018-01-01 00:00:00,2018-12-31 00:00:00,low,low,low,low,low,low,low,low,low,low,low,2023-08-30 00:00:00,,low
3143914,IOC Paradip Refinery,IND,fossil-fuel-operations,oil-and-gas-refining,2019-01-01 00:00:00,2019-12-31 00:00:00,low,low,low,low,low,low,low,low,low,low,low,2023-08-30 00:00:00,,low
3143914,IOC Paradip Refinery,IND,fossil-fuel-operations,oil-and-gas-refining,2020-01-01 00:00:00,2020-12-31 00:00:00,low,low,low,low,low,low,low,low,low,low,low,2023-08-30 00:00:00,,low
3143914,IOC Paradip Refinery,IND,fossil-fuel-operations,oil-and-gas-refining,2021-01-01 00:00:00,2021-12-31 00:00:00,low,low,low,low,low,low,low,low,low,low,low,2023-08-30 00:00:00,,low
3143914,IOC Paradip Refinery,IND,fossil-fuel-operations,oil-and-gas-refining,2022-01-01 00:00:00,2022-12-31 00:00:00,low,low,low,low,low,low,low,low,low,low,low,2023-08-30 00:00:00,,low
3143926,IOCL Barauni Refinery,IND,fossil-fuel-operations,oil-and-gas-refining,2015-01-01 00:00:00,2015-12-31 00:00:00,low,low,low,low,low,low,low,low,low,low,low,2023-08-30 00:00:00,,low
3143926,IOCL Barauni Refinery,IND,fossil-fuel-operations,oil-and-gas-refining,2016-01-01 00:00:00,2016-12-31 00:00:00,low,low,low,low,low,low,low,low,low,low,low,2023-08-30 00:00:00,,low
3143926,IOCL Barauni Refinery,IND,fossil-fuel-operations,oil-and-gas-refining,2017-01-01 00:00:00,2017-12-31 00:00:00,low,low,low,low,low,low,low,low,low,low,low,2023-08-30 00:00:00,,low
3143926,IOCL Barauni Refinery,IND,fossil-fuel-operations,oil-and-gas-refining,2018-01-01 00:00:00,2018-12-31 00:00:00,low,low,low,low,low,low,low,low,low,low,low,2023-08-30 00:00:00,,low
3143926,IOCL Barauni Refinery,IND,fossil-fuel-operations,oil-and-gas-refining,2019-01-01 00:00:00,2019-12-31 00:00:00,low,low,low,low,low,low,low,low,low,low,low,2023-08-30 00:00:00,,low
3143926,IOCL Barauni Refinery,IND,fossil-fuel-operations,oil-and-gas-refining,2020-01-01 00:00:00,2020-12-31 00:00:00,low,low,low,low,low,low,low,low,low,low,low,2023-08-30 00:00:00,,low
3143926,IOCL Barauni Refinery,IND,fossil-fuel-operations,oil-and-gas-refining,2021-01-01 00:00:00,2021-12-31 00:00:00,low,low,low,low,low,low,low,low,low,low,low,2023-08-30 00:00:00,,low
3143926,IOCL Barauni Refinery,IND,fossil-fuel-operations,oil-and-gas-refining,2022-01-01 00:00:00,2022-12-31 00:00:00,low,low,low,low,low,low,low,low,low,low,low,2023-08-30 00:00:00,,low
3143930,IOCL Bongaigaon Refinery,IND,fossil-fuel-operations,oil-and-gas-refining,2015-01-01 00:00:00,2015-12-31 00:00:00,low,low,low,low,low,low,low,low,low,low,low,2023-08-30 00:00:00,,low
3143930,IOCL Bongaigaon Refinery,IND,fossil-fuel-operations,oil-and-gas-refining,2016-01-01 00:00:00,2016-12-31 00:00:00,low,low,low,low,low,low,low,low,low,low,low,2023-08-30 00:00:00,,low
3143930,IOCL Bongaigaon Refinery,IND,fossil-fuel-operations,oil-and-gas-refining,2017-01-01 00:00:00,2017-12-31 00:00:00,low,low,low,low,low,low,low,low,low,low,low,2023-08-30 00:00:00,,low
3143930,IOCL Bongaigaon Refinery,IND,fossil-fuel-operations,oil-and-gas-refining,2018-01-01 00:00:00,2018-12-31 00:00:00,low,low,low,low,low,low,low,low,low,low,low,2023-08-30 00:00:00,,low
3143930,IOCL Bongaigaon Refinery,IND,fossil-fuel-operations,oil-and-gas-refining,2019-01-01 00:00:00,2019-12-31 00:00:00,low,low,low,low,low,low,low,low,low,low,low,2023-08-30 00:00:00,,low
3143930,IOCL Bongaigaon Refinery,IND,fossil-fuel-operations,oil-and-gas-refining,2020-01-01 00:00:00,2020-12-31 00:00:00,low,low,low,low,low,low,low,low,low,low,low,2023-08-30 00:00:00,,low
3143930,IOCL Bongaigaon Refinery,IND,fossil-fuel-operations,oil-and-gas-refining,2021-01-01 00:00:00,2021-12-31 00:00:00,low,low,low,low,low,low,low,low,low,low,low,2023-08-30 00:00:00,,low
3143930,IOCL Bongaigaon Refinery,IND,fossil-fuel-operations,oil-and-gas-refining,2022-01-01 00:00:00,2022-12-31 00:00:00,low,low,low,low,low,low,low,low,low,low,low,2023-08-30 00:00:00,,low
3143920,IOCL Gujarat Koyali Refinery,IND,fossil-fuel-operations,oil-and-gas-refining,2015-01-01 00:00:00,2015-12-31 00:00:00,low,low,low,low,low,low,low,low,low,low,low,2023-08-30 00:00:00,,low
3143920,IOCL Gujarat Koyali Refinery,IND,fossil-fuel-operations,oil-and-gas-refining,2016-01-01 00:00:00,2016-12-31 00:00:00,low,low,low,low,low,low,low,low,low,low,low,2023-08-30 00:00:00,,low
3143920,IOCL Gujarat Koyali Refinery,IND,fossil-fuel-operations,oil-and-gas-refining,2017-01-01 00:00:00,2017-12-31 00:00:00,low,low,low,low,low,low,low,low,low,low,low,2023-08-30 00:00:00,,low
3143920,IOCL Gujarat Koyali Refinery,IND,fossil-fuel-operations,oil-and-gas-refining,2018-01-01 00:00:00,2018-12-31 00:00:00,low,low,low,low,low,low,low,low,low,low,low,2023-08-30 00:00:00,,low
3143920,IOCL Gujarat Koyali Refinery,IND,fossil-fuel-operations,oil-and-gas-refining,2019-01-01 00:00:00,2019-12-31 00:00:00,low,low,low,low,low,low,low,low,low,low,low,2023-08-30 00:00:00,,low
3143920,IOCL Gujarat Koyali Refinery,IND,fossil-fuel-operations,oil-and-gas-refining,2020-01-01 00:00:00,2020-12-31 00:00:00,low,low,low,low,low,low,low,low,low,low,low,2023-08-30 00:00:00,,low
3143920,IOCL Gujarat Koyali Refinery,IND,fossil-fuel-operations,oil-and-gas-refining,2021-01-01 00:00:00,2021-12-31 00:00:00,low,low,low,low,low,low,low,low,low,low,low,2023-08-30 00:00:00,,low
3143920,IOCL Gujarat Koyali Refinery,IND,fossil-fuel-operations,oil-and-gas-refining,2022-01-01 00:00:00,2022-12-31 00:00:00,low,low,low,low,low,low,low,low,low,low,low,2023-08-30 00:00:00,,low
3143927,IOCL Haldia Refinery,IND,fossil-fuel-operations,oil-and-gas-refining,2015-01-01 00:00:00,2015-12-31 00:00:00,low,low,low,low,low,low,low,low,low,low,low,2023-08-30 00:00:00,,low
3143927,IOCL Haldia Refinery,IND,fossil-fuel-operations,oil-and-gas-refining,2016-01-01 00:00:00,2016-12-31 00:00:00,low,low,low,low,low,low,low,low,low,low,low,2023-08-30 00:00:00,,low
3143927,IOCL Haldia Refinery,IND,fossil-fuel-operations,oil-and-gas-refining,2017-01-01 00:00:00,2017-12-31 00:00:00,low,low,low,low,low,low,low,low,low,low,low,2023-08-30 00:00:00,,low
3143927,IOCL Haldia Refinery,IND,fossil-fuel-operations,oil-and-gas-refining,2018-01-01 00:00:00,2018-12-31 00:00:00,low,low,low,low,low,low,low,low,low,low,low,2023-08-30 00:00:00,,low
3143927,IOCL Haldia Refinery,IND,fossil-fuel-operations,oil-and-gas-refining,2019-01-01 00:00:00,2019-12-31 00:00:00,low,low,low,low,low,low,low,low,low,low,low,2023-08-30 00:00:00,,low
3143927,IOCL Haldia Refinery,IND,fossil-fuel-operations,oil-and-gas-refining,2020-01-01 00:00:00,2020-12-31 00:00:00,low,low,low,low,low,low,low,low,low,low,low,2023-08-30 00:00:00,,low
3143927,IOCL Haldia Refinery,IND,fossil-fuel-operations,oil-and-gas-refining,2021-01-01 00:00:00,2021-12-31 00:00:00,low,low,low,low,low,low,low,low,low,low,low,2023-08-30 00:00:00,,low
3143927,IOCL Haldia Refinery,IND,fossil-fuel-operations,oil-and-gas-refining,2022-01-01 00:00:00,2022-12-31 00:00:00,low,low,low,low,low,low,low,low,low,low,low,2023-08-30 00:00:00,,low
3143921,IOCL Mathura Refinery,IND,fossil-fuel-operations,oil-and-gas-refining,2015-01-01 00:00:00,2015-12-31 00:00:00,low,low,low,low,low,low,low,low,low,low,low,2023-08-30 00:00:00,,low
3143921,IOCL Mathura Refinery,IND,fossil-fuel-operations,oil-and-gas-refining,2016-01-01 00:00:00,2016-12-31 00:00:00,low,low,low,low,low,low,low,low,low,low,low,2023-08-30 00:00:00,,low
3143921,IOCL Mathura Refinery,IND,fossil-fuel-operations,oil-and-gas-refining,2017-01-01 00:00:00,2017-12-31 00:00:00,low,low,low,low,low,low,low,low,low,low,low,2023-08-30 00:00:00,,low
3143921,IOCL Mathura Refinery,IND,fossil-fuel-operations,oil-and-gas-refining,2018-01-01 00:00:00,2018-12-31 00:00:00,low,low,low,low,low,low,low,low,low,low,low,2023-08-30 00:00:00,,low
3143921,IOCL Mathura Refinery,IND,fossil-fuel-operations,oil-and-gas-refining,2019-01-01 00:00:00,2019-12-31 00:00:00,low,low,low,low,low,low,low,low,low,low,low,2023-08-30 00:00:00,,low
3143921,IOCL Mathura Refinery,IND,fossil-fuel-operations,oil-and-gas-refining,2020-01-01 00:00:00,2020-12-31 00:00:00,low,low,low,low,low,low,low,low,low,low,low,2023-08-30 00:00:00,,low
3143921,IOCL Mathura Refinery,IND,fossil-fuel-operations,oil-and-gas-refining,2021-01-01 00:00:00,2021-12-31 00:00:00,low,low,low,low,low,low,low,low,low,low,low,2023-08-30 00:00:00,,low
3143921,IOCL Mathura Refinery,IND,fossil-fuel-operations,oil-and-gas-refining,2022-01-01 00:00:00,2022-12-31 00:00:00,low,low,low,low,low,low,low,low,low,low,low,2023-08-30 00:00:00,,low
3143916,IOCL Panipat Refinery,IND,fossil-fuel-operations,oil-and-gas-refining,2015-01-01 00:00:00,2015-12-31 00:00:00,low,low,low,low,low,low,low,low,low,low,low,2023-08-30 00:00:00,,low
3143916,IOCL Panipat Refinery,IND,fossil-fuel-operations,oil-and-gas-refining,2016-01-01 00:00:00,2016-12-31 00:00:00,low,low,low,low,low,low,low,low,low,low,low,2023-08-30 00:00:00,,low
3143916,IOCL Panipat Refinery,IND,fossil-fuel-operations,oil-and-gas-refining,2017-01-01 00:00:00,2017-12-31 00:00:00,low,low,low,low,low,low,low,low,low,low,low,2023-08-30 00:00:00,,low
3143916,IOCL Panipat Refinery,IND,fossil-fuel-operations,oil-and-gas-refining,2018-01-01 00:00:00,2018-12-31 00:00:00,low,low,low,low,low,low,low,low,low,low,low,2023-08-30 00:00:00,,low
3143916,IOCL Panipat Refinery,IND,fossil-fuel-operations,oil-and-gas-refining,2019-01-01 00:00:00,2019-12-31 00:00:00,low,low,low,low,low,low,low,low,low,low,low,2023-08-30 00:00:00,,low
3143916,IOCL Panipat Refinery,IND,fossil-fuel-operations,oil-and-gas-refining,2020-01-01 00:00:00,2020-12-31 00:00:00,low,low,low,low,low,low,low,low,low,low,low,2023-08-30 00:00:00,,low
3143916,IOCL Panipat Refinery,IND,fossil-fuel-operations,oil-and-gas-refining,2021-01-01 00:00:00,2021-12-31 00:00:00,low,low,low,low,low,low,low,low,low,low,low,2023-08-30 00:00:00,,low
3143916,IOCL Panipat Refinery,IND,fossil-fuel-operations,oil-and-gas-refining,2022-01-01 00:00:00,2022-12-31 00:00:00,low,low,low,low,low,low,low,low,low,low,low,2023-08-30 00:00:00,,low
3143919,Mangalore Refinery,IND,fossil-fuel-operations,oil-and-gas-refining,2015-01-01 00:00:00,2015-12-31 00:00:00,low,low,low,low,low,low,low,low,low,low,low,2023-08-30 00:00:00,,low
3143919,Mangalore Refinery,IND,fossil-fuel-operations,oil-and-gas-refining,2016-01-01 00:00:00,2016-12-31 00:00:00,low,low,low,low,low,low,low,low,low,low,low,2023-08-30 00:00:00,,low
3143919,Mangalore Refinery,IND,fossil-fuel-operations,oil-and-gas-refining,2017-01-01 00:00:00,2017-12-31 00:00:00,low,low,low,low,low,low,low,low,low,low,low,2023-08-30 00:00:00,,low
3143919,Mangalore Refinery,IND,fossil-fuel-operations,oil-and-gas-refining,2018-01-01 00:00:00,2018-12-31 00:00:00,low,low,low,low,low,low,low,low,low,low,low,2023-08-30 00:00:00,,low
3143919,Mangalore Refinery,IND,fossil-fuel-operations,oil-and-gas-refining,2019-01-01 00:00:00,2019-12-31 00:00:00,low,low,low,low,low,low,low,low,low,low,low,2023-08-30 00:00:00,,low
3143919,Mangalore Refinery,IND,fossil-fuel-operations,oil-and-gas-refining,2020-01-01 00:00:00,2020-12-31 00:00:00,low,low,low,low,low,low,low,low,low,low,low,2023-08-30 00:00:00,,low
3143919,Mangalore Refinery,IND,fossil-fuel-operations,oil-and-gas-refining,2021-01-01 00:00:00,2021-12-31 00:00:00,low,low,low,low,low,low,low,low,low,low,low,2023-08-30 00:00:00,,low
3143919,Mangalore Refinery,IND,fossil-fuel-operations,oil-and-gas-refining,2022-01-01 00:00:00,2022-12-31 00:00:00,low,low,low,low,low,low,low,low,low,low,low,2023-08-30 00:00:00,,low
3143915,Nayara Vadinar Oil Refinery,IND,fossil-fuel-operations,oil-and-gas-refining,2015-01-01 00:00:00,2015-12-31 00:00:00,low,low,low,low,low,low,low,low,low,low,low,2023-08-30 00:00:00,,low
3143915,Nayara Vadinar Oil Refinery,IND,fossil-fuel-operations,oil-and-gas-refining,2016-01-01 00:00:00,2016-12-31 00:00:00,low,low,low,low,low,low,low,low,low,low,low,2023-08-30 00:00:00,,low
3143915,Nayara Vadinar Oil Refinery,IND,fossil-fuel-operations,oil-and-gas-refining,2017-01-01 00:00:00,2017-12-31 00:00:00,low,low,low,low,low,low,low,low,low,low,low,2023-08-30 00:00:00,,low
3143915,Nayara Vadinar Oil Refinery,IND,fossil-fuel-operations,oil-and-gas-refining,2018-01-01 00:00:00,2018-12-31 00:00:00,low,low,low,low,low,low,low,low,low,low,low,2023-08-30 00:00:00,,low
3143915,Nayara Vadinar Oil Refinery,IND,fossil-fuel-operations,oil-and-gas-refining,2019-01-01 00:00:00,2019-12-31 00:00:00,low,low,low,low,low,low,low,low,low,low,low,2023-08-30 00:00:00,,low
3143915,Nayara Vadinar Oil Refinery,IND,fossil-fuel-operations,oil-and-gas-refining,2020-01-01 00:00:00,2020-12-31 00:00:00,low,low,low,low,low,low,low,low,low,low,low,2023-08-30 00:00:00,,low
3143915,Nayara Vadinar Oil Refinery,IND,fossil-fuel-operations,oil-and-gas-refining,2021-01-01 00:00:00,2021-12-31 00:00:00,low,low,low,low,low,low,low,low,low,low,low,2023-08-30 00:00:00,,low
3143915,Nayara Vadinar Oil Refinery,IND,fossil-fuel-operations,oil-and-gas-refining,2022-01-01 00:00:00,2022-12-31 00:00:00,low,low,low,low,low,low,low,low,low,low,low,2023-08-30 00:00:00,,low
3143913,ONGC Uran Refinery,IND,fossil-fuel-operations,oil-and-gas-refining,2015-01-01 00:00:00,2015-12-31 00:00:00,low,low,low,low,low,low,low,low,low,low,low,2023-08-30 00:00:00,,low
3143913,ONGC Uran Refinery,IND,fossil-fuel-operations,oil-and-gas-refining,2016-01-01 00:00:00,2016-12-31 00:00:00,low,low,low,low,low,low,low,low,low,low,low,2023-08-30 00:00:00,,low
3143913,ONGC Uran Refinery,IND,fossil-fuel-operations,oil-and-gas-refining,2017-01-01 00:00:00,2017-12-31 00:00:00,low,low,low,low,low,low,low,low,low,low,low,2023-08-30 00:00:00,,low
3143913,ONGC Uran Refinery,IND,fossil-fuel-operations,oil-and-gas-refining,2018-01-01 00:00:00,2018-12-31 00:00:00,low,low,low,low,low,low,low,low,low,low,low,2023-08-30 00:00:00,,low
3143913,ONGC Uran Refinery,IND,fossil-fuel-operations,oil-and-gas-refining,2019-01-01 00:00:00,2019-12-31 00:00:00,low,low,low,low,low,low,low,low,low,low,low,2023-08-30 00:00:00,,low
3143913,ONGC Uran Refinery,IND,fossil-fuel-operations,oil-and-gas-refining,2020-01-01 00:00:00,2020-12-31 00:00:00,low,low,low,low,low,low,low,low,low,low,low,2023-08-30 00:00:00,,low
3143913,ONGC Uran Refinery,IND,fossil-fuel-operations,oil-and-gas-refining,2021-01-01 00:00:00,2021-12-31 00:00:00,low,low,low,low,low,low,low,low,low,low,low,2023-08-30 00:00:00,,low
3143913,ONGC Uran Refinery,IND,fossil-fuel-operations,oil-and-gas-refining,2022-01-01 00:00:00,2022-12-31 00:00:00,low,low,low,low,low,low,low,low,low,low,low,2023-08-30 00:00:00,,low
3143912,RPL (Reliance Petroleum Limited) Jamnagar Refinery,IND,fossil-fuel-operations,oil-and-gas-refining,2015-01-01 00:00:00,2015-12-31 00:00:00,low,low,low,low,low,low,low,low,low,low,low,2023-08-30 00:00:00,,low
3143912,RPL (Reliance Petroleum Limited) Jamnagar Refinery,IND,fossil-fuel-operations,oil-and-gas-refining,2016-01-01 00:00:00,2016-12-31 00:00:00,low,low,low,low,low,low,low,low,low,low,low,2023-08-30 00:00:00,,low
3143912,RPL (Reliance Petroleum Limited) Jamnagar Refinery,IND,fossil-fuel-operations,oil-and-gas-refining,2017-01-01 00:00:00,2017-12-31 00:00:00,low,low,low,low,low,low,low,low,low,low,low,2023-08-30 00:00:00,,low
3143912,RPL (Reliance Petroleum Limited) Jamnagar Refinery,IND,fossil-fuel-operations,oil-and-gas-refining,2018-01-01 00:00:00,2018-12-31 00:00:00,low,low,low,low,low,low,low,low,low,low,low,2023-08-30 00:00:00,,low
3143912,RPL (Reliance Petroleum Limited) Jamnagar Refinery,IND,fossil-fuel-operations,oil-and-gas-refining,2019-01-01 00:00:00,2019-12-31 00:00:00,low,low,low,low,low,low,low,low,low,low,low,2023-08-30 00:00:00,,low
3143912,RPL (Reliance Petroleum Limited) Jamnagar Refinery,IND,fossil-fuel-operations,oil-and-gas-refining,2020-01-01 00:00:00,2020-12-31 00:00:00,low,low,low,low,low,low,low,low,low,low,low,2023-08-30 00:00:00,,low
3143912,RPL (Reliance Petroleum Limited) Jamnagar Refinery,IND,fossil-fuel-operations,oil-and-gas-refining,2021-01-01 00:00:00,2021-12-31 00:00:00,low,low,low,low,low,low,low,low,low,low,low,2023-08-30 00:00:00,,low
3143912,RPL (Reliance Petroleum Limited) Jamnagar Refinery,IND,fossil-fuel-operations,oil-and-gas-refining,2022-01-01 00:00:00,2022-12-31 00:00:00,low,low,low,low,low,low,low,low,low,low,low,2023-08-30 00:00:00,,low
