source_id,source_name,iso3_country,sector,subsector,lat,lon,geometry_ref,relationship,ultimate_parent_name,ultimate_parent_id,percent_interest_parent,company_name,company_id,percent_interest_company,interest_units,start_date,end_date,created_date,modified_date,percent_company_datasource,percent_parent_datasource
3143923,BPCL Kochi Refinery,IND,fossil-fuel-operations,oil-and-gas-refining,9.9722,76.378,trace_76.378_9.9722,owner,Bharat Petroleum,100000000509,100,Bharat Petroleum,100000000509,100,real_property_refinery,2022-01-01 00:00:00,2022-12-31 00:00:00,2023-11-29 22:49:36.231541,,,{7061}
3143924,BPCL Mumbai Refinery,IND,fossil-fuel-operations,oil-and-gas-refining,19.01682,72.89415,trace_72.89415_19.01682,owner,Bharat Petroleum,100000000509,100,Bharat Petroleum,100000000509,100,real_property_refinery,2022-01-01 00:00:00,2022-12-31 00:00:00,2023-11-29 22:49:36.231556,,,{7061}
3143929,BPCL Numaligarh Refinery Ltd (NRL),IND,fossil-fuel-operations,oil-and-gas-refining,26.58068,93.78909,trace_93.78909_26.58068,owner,Oil India,100001011429,100,Oil India,100001011429,100,real_property_refinery,2022-01-01 00:00:00,2022-12-31 00:00:00,2023-11-29 22:49:36.231634,,,{7061}
3143925,Bharat Oman Refinery,IND,fossil-fuel-operations,oil-and-gas-refining,24.248,78.153,trace_78.153_24.248,owner,Bharat Petroleum,100000000509,100,Bharat Petroleum,100000000509,100,real_property_refinery,2022-01-01 00:00:00,2022-12-31 00:00:00,2023-11-29 22:49:36.231572,,,{7061}
3143918,CPCL Manali Refinery,IND,fossil-fuel-operations,oil-and-gas-refining,13.15994,80.27766,trace_80.27766_13.15994,owner,IndianOil,100001014688,100,IndianOil,100001014688,100,real_property_refinery,2022-01-01 00:00:00,2022-12-31 00:00:00,2023-11-29 22:49:36.231461,,,{7061}
3143931,Chennai Petroleum Corporation Nagapattinam Refinery,IND,fossil-fuel-operations,oil-and-gas-refining,10.82753,79.81099,trace_79.81099_10.82753,owner,Chennai Petroleum,100001014690,100,Chennai Petroleum,100001014690,100,real_property_refinery,2022-01-01 00:00:00,2022-12-31 00:00:00,2023-11-29 22:49:36.231666,,,{7061}
3143917,Guru Gobind Singh Refinery,IND,fossil-fuel-operations,oil-and-gas-refining,29.923863,74.953334,trace_74.953334_29.923863,owner,HMEL,100001014689,100,HMEL,100001014689,100,real_property_refinery,2022-01-01 00:00:00,2022-12-31 00:00:00,2023-11-29 22:49:36.231446,,,{7061}
3143928,HPCL Mumbai Refinery,IND,fossil-fuel-operations,oil-and-gas-refining,19.01794,72.90321,trace_72.90321_19.01794,owner,ONGC,100001010851,100,ONGC,100001010851,100,real_property_refinery,2022-01-01 00:00:00,2022-12-31 00:00:00,2023-11-29 22:49:36.231618,,,{7061}
3143922,HPCL Visakhapatnam Refinery,IND,fossil-fuel-operations,oil-and-gas-refining,17.7048,83.24465,trace_83.24465_17.7048,owner,ONGC,100001010851,100,ONGC,100001010851,100,real_property_refinery,2022-01-01 00:00:00,2022-12-31 00:00:00,2023-11-29 22:49:36.231525,,,{7061}
3143933,IOC Digboi Refinery,IND,fossil-fuel-operations,oil-and-gas-refining,27.38502,95.61987,trace_95.61987_27.38502,owner,IndianOil,100001014688,100,IndianOil,100001014688,100,real_property_refinery,2022-01-01 00:00:00,2022-12-31 00:00:00,2023-11-29 22:49:36.231704,,,{7061}
3143932,IOC Guwahati Refinery,IND,fossil-fuel-operations,oil-and-gas-refining,26.18471,91.80725,trace_91.80725_26.18471,owner,IndianOil,100001014688,100,IndianOil,100001014688,100,real_property_refinery,2022-01-01 00:00:00,2022-12-31 00:00:00,2023-11-29 22:49:36.231688,,,{7061}
3143914,IOC Paradip Refinery,IND,fossil-fuel-operations,oil-and-gas-refining,20.248866,86.596963,trace_86.596963_20.248866,owner,IndianOil,100001014688,100,IndianOil,100001014688,100,real_property_refinery,2022-01-01 00:00:00,2022-12-31 00:00:00,2023-11-29 22:49:36.231399,,,{7061}
3143926,IOCL Barauni Refinery,IND,fossil-fuel-operations,oil-and-gas-refining,25.42778,86.06001,trace_86.06001_25.42778,owner,IndianOil,100001014688,100,IndianOil,100001014688,100,real_property_refinery,2022-01-01 00:00:00,2022-12-31 00:00:00,2023-11-29 22:49:36.231587,,,{7061}
3143930,IOCL Bongaigaon Refinery,IND,fossil-fuel-operations,oil-and-gas-refining,26.51502,90.53294,trace_90.53294_26.51502,owner,IndianOil,100001014688,100,IndianOil,100001014688,100,real_property_refinery,2022-01-01 00:00:00,2022-12-31 00:00:00,2023-11-29 22:49:36.231649,,,{7061}
3143920,IOCL Gujarat Koyali Refinery,IND,fossil-fuel-operations,oil-and-gas-refining,22.37425,73.11948,trace_73.11948_22.37425,owner,IndianOil,100001014688,100,IndianOil,100001014688,100,real_property_refinery,2022-01-01 00:00:00,2022-12-31 00:00:00,2023-11-29 22:49:36.231494,,,{7061}
3143927,IOCL Haldia Refinery,IND,fossil-fuel-operations,oil-and-gas-refining,22.04581,88.10433,trace_88.10433_22.04581,owner,IndianOil,100001014688,100,IndianOil,100001014688,100,real_property_refinery,2022-01-01 00:00:00,2022-12-31 00:00:00,2023-11-29 22:49:36.231603,,,{7061}
3143921,IOCL Mathura Refinery,IND,fossil-fuel-operations,oil-and-gas-refining,27.37846,77.68662,trace_77.68662_27.37846,owner,IndianOil,100001014688,100,IndianOil,100001014688,100,real_property_refinery,2022-01-01 00:00:00,2022-12-31 00:00:00,2023-11-29 22:49:36.23151,,,{7061}
3143916,IOCL Panipat Refinery,IND,fossil-fuel-operations,oil-and-gas-refining,29.47308,76.87831,trace_76.87831_29.47308,owner,IndianOil,100001014688,100,IndianOil,100001014688,100,real_property_refinery,2022-01-01 00:00:00,2022-12-31 00:00:00,2023-11-29 22:49:36.23143,,,{7061}
3143919,Mangalore Refinery,IND,fossil-fuel-operations,oil-and-gas-refining,12.9869,74.84739,trace_74.84739_12.9869,owner,ONGC,100001010851,100,ONGC,100001010851,100,real_property_refinery,2022-01-01 00:00:00,2022-12-31 00:00:00,2023-11-29 22:49:36.231476,,,{7061}
3143915,Nayara Vadinar Oil Refinery,IND,fossil-fuel-operations,oil-and-gas-refining,22.32912,69.74739,trace_69.74739_22.32912,owner,Nayara Energy,100000001929,100,Nayara Energy,100000001929,100,real_property_refinery,2022-01-01 00:00:00,2022-12-31 00:00:00,2023-11-29 22:49:36.231415,,,{7061}
3143913,ONGC Uran Refinery,IND,fossil-fuel-operations,oil-and-gas-refining,18.86525,72.92784,trace_72.92784_18.86525,owner,ONGC,100001010851,100,ONGC,100001010851,100,real_property_refinery,2022-01-01 00:00:00,2022-12-31 00:00:00,2023-11-29 22:49:36.231383,,,{7061}
3143912,RPL (Reliance Petroleum Limited) Jamnagar Refinery,IND,fossil-fuel-operations,oil-and-gas-refining,22.335477,69.854513,trace_69.854513_22.335477,owner,Reliance,100001010979,100,Reliance,100001010979,100,real_property_refinery,2022-01-01 00:00:00,2022-12-31 00:00:00,2023-11-29 22:49:36.231368,,,"{7061,34411}"
