iso3_country,sector,subsector,start_time,end_time,gas,emissions_quantity,emissions_quantity_units,temporal_granularity,created_date,modified_date
IND,fossil-fuel-operations,oil-and-gas-production-and-transport,2015-01-01 00:00:00,2015-12-31 00:00:00,ch4,488605.8879267685,tonnes,annual,2023-10-10 22:40:44.400878,2023-10-27 23:15:06.835991
IND,fossil-fuel-operations,oil-and-gas-production-and-transport,2015-01-01 00:00:00,2015-12-31 00:00:00,co2,19902388.53809636,tonnes,annual,2023-10-10 22:40:44.400869,2023-10-27 23:15:06.835991
IND,fossil-fuel-operations,oil-and-gas-production-and-transport,2015-01-01 00:00:00,2015-12-31 00:00:00,co2e_100yr,34462843.99831406,tonnes,annual,2023-10-10 22:40:44.400898,2023-11-09 22:35:16.13567
IND,fossil-fuel-operations,oil-and-gas-production-and-transport,2015-01-01 00:00:00,2015-12-31 00:00:00,co2e_20yr,60212374.29205474,tonnes,annual,2023-10-10 22:40:44.400907,2023-10-27 23:15:06.835991
IND,fossil-fuel-operations,oil-and-gas-production-and-transport,2015-01-01 00:00:00,2015-12-31 00:00:00,n2o,,tonnes,annual,2023-10-10 22:40:44.400889,
IND,fossil-fuel-operations,oil-and-gas-production-and-transport,2016-01-01 00:00:00,2016-12-31 00:00:00,ch4,462722.0648839722,tonnes,annual,2023-10-10 22:40:44.451405,2023-10-27 23:15:09.389772
IND,fossil-fuel-operations,oil-and-gas-production-and-transport,2016-01-01 00:00:00,2016-12-31 00:00:00,co2,19018015.589436952,tonnes,annual,2023-10-10 22:40:44.451395,2023-10-27 23:15:09.389772
IND,fossil-fuel-operations,oil-and-gas-production-and-transport,2016-01-01 00:00:00,2016-12-31 00:00:00,co2e_100yr,32807133.122979324,tonnes,annual,2023-10-10 22:40:44.451427,2023-11-09 22:35:18.479222
IND,fossil-fuel-operations,oil-and-gas-production-and-transport,2016-01-01 00:00:00,2016-12-31 00:00:00,co2e_20yr,57192585.942364655,tonnes,annual,2023-10-10 22:40:44.451435,2023-10-27 23:15:09.389772
IND,fossil-fuel-operations,oil-and-gas-production-and-transport,2016-01-01 00:00:00,2016-12-31 00:00:00,n2o,,tonnes,annual,2023-10-10 22:40:44.451417,
IND,fossil-fuel-operations,oil-and-gas-production-and-transport,2017-01-01 00:00:00,2017-12-31 00:00:00,ch4,442569.0302538386,tonnes,annual,2023-10-10 22:40:44.504438,2023-10-27 23:15:09.57033
IND,fossil-fuel-operations,oil-and-gas-production-and-transport,2017-01-01 00:00:00,2017-12-31 00:00:00,co2,18266021.288465746,tonnes,annual,2023-10-10 22:40:44.504427,2023-10-27 23:15:09.57033
IND,fossil-fuel-operations,oil-and-gas-production-and-transport,2017-01-01 00:00:00,2017-12-31 00:00:00,co2e_100yr,31454578.390030127,tonnes,annual,2023-10-10 22:40:44.504459,2023-11-09 22:35:18.620909
IND,fossil-fuel-operations,oil-and-gas-production-and-transport,2017-01-01 00:00:00,2017-12-31 00:00:00,co2e_20yr,54777966.28440743,tonnes,annual,2023-10-10 22:40:44.504468,2023-10-27 23:15:09.57033
IND,fossil-fuel-operations,oil-and-gas-production-and-transport,2017-01-01 00:00:00,2017-12-31 00:00:00,n2o,,tonnes,annual,2023-10-10 22:40:44.504449,
IND,fossil-fuel-operations,oil-and-gas-production-and-transport,2018-01-01 00:00:00,2018-12-31 00:00:00,ch4,406030.2295928486,tonnes,annual,2023-10-10 22:40:44.559788,2023-10-27 23:15:09.650517
IND,fossil-fuel-operations,oil-and-gas-production-and-transport,2018-01-01 00:00:00,2018-12-31 00:00:00,co2,16830586.668302763,tonnes,annual,2023-10-10 22:40:44.559778,2023-10-27 23:15:09.650517
IND,fossil-fuel-operations,oil-and-gas-production-and-transport,2018-01-01 00:00:00,2018-12-31 00:00:00,co2e_100yr,28930287.51016966,tonnes,annual,2023-10-10 22:40:44.559809,2023-11-09 22:35:18.689672
IND,fossil-fuel-operations,oil-and-gas-production-and-transport,2018-01-01 00:00:00,2018-12-31 00:00:00,co2e_20yr,50328080.60971278,tonnes,annual,2023-10-10 22:40:44.559817,2023-10-27 23:15:09.650517
IND,fossil-fuel-operations,oil-and-gas-production-and-transport,2018-01-01 00:00:00,2018-12-31 00:00:00,n2o,,tonnes,annual,2023-10-10 22:40:44.559799,
IND,fossil-fuel-operations,oil-and-gas-production-and-transport,2019-01-01 00:00:00,2019-12-31 00:00:00,ch4,417678.84341588,tonnes,annual,2023-10-10 22:40:44.614428,2023-10-27 23:15:09.731119
IND,fossil-fuel-operations,oil-and-gas-production-and-transport,2019-01-01 00:00:00,2019-12-31 00:00:00,co2,16340063.015377684,tonnes,annual,2023-10-10 22:40:44.61441,2023-10-27 23:15:09.731119
IND,fossil-fuel-operations,oil-and-gas-production-and-transport,2019-01-01 00:00:00,2019-12-31 00:00:00,co2e_100yr,28786892.54917091,tonnes,annual,2023-10-10 22:40:44.61445,2023-11-09 22:35:18.754762
IND,fossil-fuel-operations,oil-and-gas-production-and-transport,2019-01-01 00:00:00,2019-12-31 00:00:00,co2e_20yr,50798567.59718778,tonnes,annual,2023-10-10 22:40:44.614458,2023-10-27 23:15:09.731119
IND,fossil-fuel-operations,oil-and-gas-production-and-transport,2019-01-01 00:00:00,2019-12-31 00:00:00,n2o,,tonnes,annual,2023-10-10 22:40:44.61444,
IND,fossil-fuel-operations,oil-and-gas-production-and-transport,2020-01-01 00:00:00,2020-12-31 00:00:00,ch4,431379.37977032585,tonnes,annual,2023-10-10 22:40:44.669353,2023-10-27 23:15:09.806369
IND,fossil-fuel-operations,oil-and-gas-production-and-transport,2020-01-01 00:00:00,2020-12-31 00:00:00,co2,16885914.152223412,tonnes,annual,2023-10-10 22:40:44.669343,2023-10-27 23:15:09.806369
IND,fossil-fuel-operations,oil-and-gas-production-and-transport,2020-01-01 00:00:00,2020-12-31 00:00:00,co2e_100yr,29741019.66937912,tonnes,annual,2023-10-10 22:40:44.669373,2023-11-09 22:35:18.827056
IND,fossil-fuel-operations,oil-and-gas-production-and-transport,2020-01-01 00:00:00,2020-12-31 00:00:00,co2e_20yr,52474712.9832753,tonnes,annual,2023-10-10 22:40:44.669381,2023-10-27 23:15:09.806369
IND,fossil-fuel-operations,oil-and-gas-production-and-transport,2020-01-01 00:00:00,2020-12-31 00:00:00,n2o,,tonnes,annual,2023-10-10 22:40:44.669364,
IND,fossil-fuel-operations,oil-and-gas-production-and-transport,2021-01-01 00:00:00,2021-12-31 00:00:00,ch4,475391.7862623069,tonnes,annual,2023-10-10 22:40:44.723503,2023-10-27 23:15:09.963406
IND,fossil-fuel-operations,oil-and-gas-production-and-transport,2021-01-01 00:00:00,2021-12-31 00:00:00,co2,17946163.652391702,tonnes,annual,2023-10-10 22:40:44.723492,2023-10-27 23:15:09.963406
IND,fossil-fuel-operations,oil-and-gas-production-and-transport,2021-01-01 00:00:00,2021-12-31 00:00:00,co2e_100yr,32112838.883008447,tonnes,annual,2023-10-10 22:40:44.723524,2023-11-09 22:35:18.963609
IND,fossil-fuel-operations,oil-and-gas-production-and-transport,2021-01-01 00:00:00,2021-12-31 00:00:00,co2e_20yr,57165986.01903201,tonnes,annual,2023-10-10 22:40:44.723532,2023-10-27 23:15:09.963406
IND,fossil-fuel-operations,oil-and-gas-production-and-transport,2021-01-01 00:00:00,2021-12-31 00:00:00,n2o,,tonnes,annual,2023-10-10 22:40:44.723513,
IND,fossil-fuel-operations,oil-and-gas-production-and-transport,2022-01-01 00:00:00,2022-12-31 00:00:00,ch4,540385.282512435,tonnes,annual,2023-10-10 22:40:44.777915,2023-10-27 23:15:10.046682
IND,fossil-fuel-operations,oil-and-gas-production-and-transport,2022-01-01 00:00:00,2022-12-31 00:00:00,co2,19089635.00232796,tonnes,annual,2023-10-10 22:40:44.777905,2023-10-27 23:15:10.046682
IND,fossil-fuel-operations,oil-and-gas-production-and-transport,2022-01-01 00:00:00,2022-12-31 00:00:00,co2e_100yr,35193116.42119852,tonnes,annual,2023-10-10 22:40:44.777935,2023-11-09 22:35:19.036457
IND,fossil-fuel-operations,oil-and-gas-production-and-transport,2022-01-01 00:00:00,2022-12-31 00:00:00,co2e_20yr,63671420.80960385,tonnes,annual,2023-10-10 22:40:44.777942,2023-10-27 23:15:10.046682
IND,fossil-fuel-operations,oil-and-gas-production-and-transport,2022-01-01 00:00:00,2022-12-31 00:00:00,n2o,,tonnes,annual,2023-10-10 22:40:44.777925,
