source_id,source_name,iso3_country,sector,subsector,relationship,ultimate_parent_name,ultimate_parent_id,percent_interest_parent,company_name,company_id,percent_interest_company,interest_units,start_date,end_date,created_date,modified_date,percent_company_datasource,percent_parent_datasource
25494323,Mangala-Bhagyam-Aishwarya,IND,fossil-fuel-operations,oil-and-gas-production-and-transport,operator,Vedanta Resources,200000000635,,Vedanta Resources,200000000635,100.0,,2022-01-01 00:00:00,2022-12-31 00:00:00,2023-12-18 12:32:22.367875,2023-12-19 17:24:21.095354,,
25494372,Mumbai High,IND,fossil-fuel-operations,oil-and-gas-production-and-transport,operator,ONGC (India),200000000387,,ONGC (India),200000000387,100.0,,2022-01-01 00:00:00,2022-12-31 00:00:00,2023-12-18 12:32:22.370531,2023-12-19 17:24:21.095354,,
25494417,Panna Mukta,IND,fossil-fuel-operations,oil-and-gas-production-and-transport,operator,ONGC (India),200000000387,,ONGC (India),200000000387,100.0,,2022-01-01 00:00:00,2022-12-31 00:00:00,2023-12-18 12:32:22.37269,2023-12-19 17:24:21.095354,,
25494454,Raniganj - coal bed methane,IND,fossil-fuel-operations,oil-and-gas-production-and-transport,operator,Essar,200000000204,,Essar,200000000204,64.50301589823381,,2022-01-01 00:00:00,2022-12-31 00:00:00,2023-12-18 12:32:22.379046,2023-12-19 17:24:21.095354,,
25494454,Raniganj - coal bed methane,IND,fossil-fuel-operations,oil-and-gas-production-and-transport,operator,Great Eastern Energy,200000000234,,Great Eastern Energy,200000000234,35.4969841017662,,2022-01-01 00:00:00,2022-12-31 00:00:00,2023-12-18 12:32:22.379057,2023-12-19 17:24:21.095354,,
25494613,Vasai,IND,fossil-fuel-operations,oil-and-gas-production-and-transport,operator,ONGC (India),200000000387,,ONGC (India),200000000387,100.0,,2022-01-01 00:00:00,2022-12-31 00:00:00,2023-12-18 12:32:22.386363,2023-12-19 17:24:21.095354,,
