iso3_country,sector,subsector,start_time,end_time,gas,emissions_quantity,emissions_quantity_units,temporal_granularity,created_date,modified_date
IND,fossil-fuel-operations,other-fossil-fuel-operations,2015-01-01 00:00:00,2015-12-31 00:00:00,ch4,213697.6286952314,tonnes,,2023-10-06 14:56:33.428328,2023-11-03 15:13:31.226676
IND,fossil-fuel-operations,other-fossil-fuel-operations,2015-01-01 00:00:00,2015-12-31 00:00:00,co2,0.0,tonnes,,2023-10-06 14:56:33.428328,
IND,fossil-fuel-operations,other-fossil-fuel-operations,2015-01-01 00:00:00,2015-12-31 00:00:00,co2e_100yr,5983533.603466479,tonnes,,2023-10-06 14:56:33.428328,2023-11-03 15:13:31.226676
IND,fossil-fuel-operations,other-fossil-fuel-operations,2015-01-01 00:00:00,2015-12-31 00:00:00,co2e_20yr,17950600.810399435,tonnes,,2023-10-06 14:56:33.428328,2023-11-03 15:13:31.226676
IND,fossil-fuel-operations,other-fossil-fuel-operations,2015-01-01 00:00:00,2015-12-31 00:00:00,n2o,0.0,tonnes,,2023-10-06 14:56:33.428328,
IND,fossil-fuel-operations,other-fossil-fuel-operations,2016-01-01 00:00:00,2016-12-31 00:00:00,ch4,239460.67700602784,tonnes,,2023-10-06 14:56:33.428328,2023-11-03 15:13:24.228232
IND,fossil-fuel-operations,other-fossil-fuel-operations,2016-01-01 00:00:00,2016-12-31 00:00:00,co2,0.0,tonnes,,2023-10-06 14:56:33.428328,
IND,fossil-fuel-operations,other-fossil-fuel-operations,2016-01-01 00:00:00,2016-12-31 00:00:00,co2e_100yr,6704898.956168779,tonnes,,2023-10-06 14:56:33.428328,2023-11-03 15:13:24.228232
IND,fossil-fuel-operations,other-fossil-fuel-operations,2016-01-01 00:00:00,2016-12-31 00:00:00,co2e_20yr,20114696.86850634,tonnes,,2023-10-06 14:56:33.428328,2023-11-03 15:13:24.228232
IND,fossil-fuel-operations,other-fossil-fuel-operations,2016-01-01 00:00:00,2016-12-31 00:00:00,n2o,0.0,tonnes,,2023-10-06 14:56:33.428328,
IND,fossil-fuel-operations,other-fossil-fuel-operations,2017-01-01 00:00:00,2017-12-31 00:00:00,ch4,273812.23944316147,tonnes,,2023-10-06 14:56:33.428328,2023-11-03 15:13:17.569626
IND,fossil-fuel-operations,other-fossil-fuel-operations,2017-01-01 00:00:00,2017-12-31 00:00:00,co2,0.0,tonnes,,2023-10-06 14:56:33.428328,
IND,fossil-fuel-operations,other-fossil-fuel-operations,2017-01-01 00:00:00,2017-12-31 00:00:00,co2e_100yr,7666742.704408521,tonnes,,2023-10-06 14:56:33.428328,2023-11-03 15:13:17.569626
IND,fossil-fuel-operations,other-fossil-fuel-operations,2017-01-01 00:00:00,2017-12-31 00:00:00,co2e_20yr,23000228.113225564,tonnes,,2023-10-06 14:56:33.428328,2023-11-03 15:13:17.569626
IND,fossil-fuel-operations,other-fossil-fuel-operations,2017-01-01 00:00:00,2017-12-31 00:00:00,n2o,0.0,tonnes,,2023-10-06 14:56:33.428328,
IND,fossil-fuel-operations,other-fossil-fuel-operations,2018-01-01 00:00:00,2018-12-31 00:00:00,ch4,310858.6406481514,tonnes,,2023-10-06 14:56:33.428328,2023-11-03 15:13:11.334281
IND,fossil-fuel-operations,other-fossil-fuel-operations,2018-01-01 00:00:00,2018-12-31 00:00:00,co2,0.0,tonnes,,2023-10-06 14:56:33.428328,
IND,fossil-fuel-operations,other-fossil-fuel-operations,2018-01-01 00:00:00,2018-12-31 00:00:00,co2e_100yr,8704041.93814824,tonnes,,2023-10-06 14:56:33.428328,2023-11-03 15:13:11.334281
IND,fossil-fuel-operations,other-fossil-fuel-operations,2018-01-01 00:00:00,2018-12-31 00:00:00,co2e_20yr,26112125.814444717,tonnes,,2023-10-06 14:56:33.428328,2023-11-03 15:13:11.334281
IND,fossil-fuel-operations,other-fossil-fuel-operations,2018-01-01 00:00:00,2018-12-31 00:00:00,n2o,0.0,tonnes,,2023-10-06 14:56:33.428328,
IND,fossil-fuel-operations,other-fossil-fuel-operations,2019-01-01 00:00:00,2019-12-31 00:00:00,ch4,277577.09951111994,tonnes,,2023-10-06 14:56:33.428328,2023-11-03 15:13:04.267715
IND,fossil-fuel-operations,other-fossil-fuel-operations,2019-01-01 00:00:00,2019-12-31 00:00:00,co2,0.0,tonnes,,2023-10-06 14:56:33.428328,
IND,fossil-fuel-operations,other-fossil-fuel-operations,2019-01-01 00:00:00,2019-12-31 00:00:00,co2e_100yr,7772158.786311358,tonnes,,2023-10-06 14:56:33.428328,2023-11-03 15:13:04.267715
IND,fossil-fuel-operations,other-fossil-fuel-operations,2019-01-01 00:00:00,2019-12-31 00:00:00,co2e_20yr,23316476.358934075,tonnes,,2023-10-06 14:56:33.428328,2023-11-03 15:13:04.267715
IND,fossil-fuel-operations,other-fossil-fuel-operations,2019-01-01 00:00:00,2019-12-31 00:00:00,n2o,0.0,tonnes,,2023-10-06 14:56:33.428328,
IND,fossil-fuel-operations,other-fossil-fuel-operations,2020-01-01 00:00:00,2020-12-31 00:00:00,ch4,214423.40458467405,tonnes,,2023-10-06 14:56:33.428328,2023-11-03 15:12:57.134245
IND,fossil-fuel-operations,other-fossil-fuel-operations,2020-01-01 00:00:00,2020-12-31 00:00:00,co2,0.0,tonnes,,2023-10-06 14:56:33.428328,
IND,fossil-fuel-operations,other-fossil-fuel-operations,2020-01-01 00:00:00,2020-12-31 00:00:00,co2e_100yr,6003855.328370873,tonnes,,2023-10-06 14:56:33.428328,2023-11-03 15:12:57.134245
IND,fossil-fuel-operations,other-fossil-fuel-operations,2020-01-01 00:00:00,2020-12-31 00:00:00,co2e_20yr,18011565.98511262,tonnes,,2023-10-06 14:56:33.428328,2023-11-03 15:12:57.134245
IND,fossil-fuel-operations,other-fossil-fuel-operations,2020-01-01 00:00:00,2020-12-31 00:00:00,n2o,0.0,tonnes,,2023-10-06 14:56:33.428328,
IND,fossil-fuel-operations,other-fossil-fuel-operations,2021-01-01 00:00:00,2021-12-31 00:00:00,ch4,209405.60692069307,tonnes,,2023-10-06 14:56:33.428328,2023-11-03 15:12:50.652276
IND,fossil-fuel-operations,other-fossil-fuel-operations,2021-01-01 00:00:00,2021-12-31 00:00:00,co2,0.0,tonnes,,2023-10-06 14:56:33.428328,
IND,fossil-fuel-operations,other-fossil-fuel-operations,2021-01-01 00:00:00,2021-12-31 00:00:00,co2e_100yr,5863356.993779406,tonnes,,2023-10-06 14:56:33.428328,2023-11-03 15:12:50.652276
IND,fossil-fuel-operations,other-fossil-fuel-operations,2021-01-01 00:00:00,2021-12-31 00:00:00,co2e_20yr,17590070.981338218,tonnes,,2023-10-06 14:56:33.428328,2023-11-03 15:12:50.652276
IND,fossil-fuel-operations,other-fossil-fuel-operations,2021-01-01 00:00:00,2021-12-31 00:00:00,n2o,0.0,tonnes,,2023-10-06 14:56:33.428328,
IND,fossil-fuel-operations,other-fossil-fuel-operations,2022-01-01 00:00:00,2022-12-31 00:00:00,ch4,158524.35525656506,tonnes,,2023-10-06 14:56:33.428328,2023-11-03 16:28:33.523555
IND,fossil-fuel-operations,other-fossil-fuel-operations,2022-01-01 00:00:00,2022-12-31 00:00:00,co2,0.0,tonnes,,2023-10-06 14:56:33.428328,2023-11-03 16:28:33.523555
IND,fossil-fuel-operations,other-fossil-fuel-operations,2022-01-01 00:00:00,2022-12-31 00:00:00,co2e_100yr,4438681.947183821,tonnes,,2023-10-06 14:56:33.428328,2023-11-03 16:28:33.523555
IND,fossil-fuel-operations,other-fossil-fuel-operations,2022-01-01 00:00:00,2022-12-31 00:00:00,co2e_20yr,13316045.841551466,tonnes,,2023-10-06 14:56:33.428328,2023-11-03 16:28:33.523555
IND,fossil-fuel-operations,other-fossil-fuel-operations,2022-01-01 00:00:00,2022-12-31 00:00:00,n2o,0.0,tonnes,,2023-10-06 14:56:33.428328,2023-10-06 21:40:00.514023
