iso3_country,sector,subsector,start_time,end_time,gas,emissions_quantity,emissions_quantity_units,temporal_granularity,created_date,modified_date
IND,buildings,residential-and-commercial-onsite-fuel-usage,2015-01-01 00:00:00,2015-12-31 00:00:00,ch4,43568.368579999995,tonnes,,2023-10-06 14:56:33.428328,2023-11-03 15:13:31.226676
IND,buildings,residential-and-commercial-onsite-fuel-usage,2015-01-01 00:00:00,2015-12-31 00:00:00,co2,138557655.5,tonnes,,2023-10-06 14:56:33.428328,2023-11-03 15:13:31.226676
IND,buildings,residential-and-commercial-onsite-fuel-usage,2015-01-01 00:00:00,2015-12-31 00:00:00,co2e_100yr,143005242.70279,tonnes,,2023-10-06 14:56:33.428328,2023-11-03 15:13:31.226676
IND,buildings,residential-and-commercial-onsite-fuel-usage,2015-01-01 00:00:00,2015-12-31 00:00:00,co2e_20yr,145432891.4456,tonnes,,2023-10-06 14:56:33.428328,2023-11-03 15:13:31.226676
IND,buildings,residential-and-commercial-onsite-fuel-usage,2015-01-01 00:00:00,2015-12-31 00:00:00,n2o,12179.89767,tonnes,,2023-10-06 14:56:33.428328,2023-11-03 15:13:31.226676
IND,buildings,residential-and-commercial-onsite-fuel-usage,2016-01-01 00:00:00,2016-12-31 00:00:00,ch4,45128.54803,tonnes,,2023-10-06 14:56:33.428328,2023-11-03 15:13:24.228232
IND,buildings,residential-and-commercial-onsite-fuel-usage,2016-01-01 00:00:00,2016-12-31 00:00:00,co2,143343749.79999998,tonnes,,2023-10-06 14:56:33.428328,2023-11-03 15:13:24.228232
IND,buildings,residential-and-commercial-onsite-fuel-usage,2016-01-01 00:00:00,2016-12-31 00:00:00,co2e_100yr,147904785.53519,tonnes,,2023-10-06 14:56:33.428328,2023-11-03 15:13:24.228232
IND,buildings,residential-and-commercial-onsite-fuel-usage,2016-01-01 00:00:00,2016-12-31 00:00:00,co2e_20yr,150419541.06868,tonnes,,2023-10-06 14:56:33.428328,2023-11-03 15:13:24.228232
IND,buildings,residential-and-commercial-onsite-fuel-usage,2016-01-01 00:00:00,2016-12-31 00:00:00,n2o,12443.15619,tonnes,,2023-10-06 14:56:33.428328,2023-11-03 15:13:24.228232
IND,buildings,residential-and-commercial-onsite-fuel-usage,2017-01-01 00:00:00,2017-12-31 00:00:00,ch4,46379.20295,tonnes,,2023-10-06 14:56:33.428328,2023-11-03 15:13:17.569626
IND,buildings,residential-and-commercial-onsite-fuel-usage,2017-01-01 00:00:00,2017-12-31 00:00:00,co2,147675680.1,tonnes,,2023-10-06 14:56:33.428328,2023-11-03 15:13:17.569626
IND,buildings,residential-and-commercial-onsite-fuel-usage,2017-01-01 00:00:00,2017-12-31 00:00:00,co2e_100yr,152474806.54819998,tonnes,,2023-10-06 14:56:33.428328,2023-11-03 15:13:17.569626
IND,buildings,residential-and-commercial-onsite-fuel-usage,2017-01-01 00:00:00,2017-12-31 00:00:00,co2e_20yr,155058832.44636,tonnes,,2023-10-06 14:56:33.428328,2023-11-03 15:13:17.569626
IND,buildings,residential-and-commercial-onsite-fuel-usage,2017-01-01 00:00:00,2017-12-31 00:00:00,n2o,13209.46704,tonnes,,2023-10-06 14:56:33.428328,2023-11-03 15:13:17.569626
IND,buildings,residential-and-commercial-onsite-fuel-usage,2018-01-01 00:00:00,2018-12-31 00:00:00,ch4,45948.50895,tonnes,,2023-10-06 14:56:33.428328,2023-11-03 15:13:11.334281
IND,buildings,residential-and-commercial-onsite-fuel-usage,2018-01-01 00:00:00,2018-12-31 00:00:00,co2,153321947.5,tonnes,,2023-10-06 14:56:33.428328,2023-11-03 15:13:11.334281
IND,buildings,residential-and-commercial-onsite-fuel-usage,2018-01-01 00:00:00,2018-12-31 00:00:00,co2e_100yr,158198940.7398,tonnes,,2023-10-06 14:56:33.428328,2023-11-03 15:13:11.334281
IND,buildings,residential-and-commercial-onsite-fuel-usage,2018-01-01 00:00:00,2018-12-31 00:00:00,co2e_20yr,160758508.42972,tonnes,,2023-10-06 14:56:33.428328,2023-11-03 15:13:11.334281
IND,buildings,residential-and-commercial-onsite-fuel-usage,2018-01-01 00:00:00,2018-12-31 00:00:00,n2o,13548.81128,tonnes,,2023-10-06 14:56:33.428328,2023-11-03 15:13:11.334281
IND,buildings,residential-and-commercial-onsite-fuel-usage,2019-01-01 00:00:00,2019-12-31 00:00:00,ch4,48696.11063,tonnes,,2023-10-06 14:56:33.428328,2023-11-03 15:13:04.267715
IND,buildings,residential-and-commercial-onsite-fuel-usage,2019-01-01 00:00:00,2019-12-31 00:00:00,co2,157246596.5,tonnes,,2023-10-06 14:56:33.428328,2023-11-03 15:13:04.267715
IND,buildings,residential-and-commercial-onsite-fuel-usage,2019-01-01 00:00:00,2019-12-31 00:00:00,co2e_100yr,162161933.71084002,tonnes,,2023-10-06 14:56:33.428328,2023-11-03 15:13:04.267715
IND,buildings,residential-and-commercial-onsite-fuel-usage,2019-01-01 00:00:00,2019-12-31 00:00:00,co2e_20yr,164875512.71324,tonnes,,2023-10-06 14:56:33.428328,2023-11-03 15:13:04.267715
IND,buildings,residential-and-commercial-onsite-fuel-usage,2019-01-01 00:00:00,2019-12-31 00:00:00,n2o,13403.19288,tonnes,,2023-10-06 14:56:33.428328,2023-11-03 15:13:04.267715
IND,buildings,residential-and-commercial-onsite-fuel-usage,2020-01-01 00:00:00,2020-12-31 00:00:00,ch4,48005.56768,tonnes,,2023-10-06 14:56:33.428328,2023-11-03 15:12:57.134245
IND,buildings,residential-and-commercial-onsite-fuel-usage,2020-01-01 00:00:00,2020-12-31 00:00:00,co2,155307232.9,tonnes,,2023-10-06 14:56:33.428328,2023-11-03 15:12:57.134245
IND,buildings,residential-and-commercial-onsite-fuel-usage,2020-01-01 00:00:00,2020-12-31 00:00:00,co2e_100yr,159870928.26049,tonnes,,2023-10-06 14:56:33.428328,2023-11-03 15:12:57.134245
IND,buildings,residential-and-commercial-onsite-fuel-usage,2020-01-01 00:00:00,2020-12-31 00:00:00,co2e_20yr,162547090.84504,tonnes,,2023-10-06 14:56:33.428328,2023-11-03 15:12:57.134245
IND,buildings,residential-and-commercial-onsite-fuel-usage,2020-01-01 00:00:00,2020-12-31 00:00:00,n2o,12149.20553,tonnes,,2023-10-06 14:56:33.428328,2023-11-03 15:12:57.134245
IND,buildings,residential-and-commercial-onsite-fuel-usage,2021-01-01 00:00:00,2021-12-31 00:00:00,ch4,53483.18907,tonnes,,2023-10-06 14:56:33.428328,2023-11-03 15:12:50.652276
IND,buildings,residential-and-commercial-onsite-fuel-usage,2021-01-01 00:00:00,2021-12-31 00:00:00,co2,162163152.4,tonnes,,2023-10-06 14:56:33.428328,2023-11-03 15:12:50.652276
IND,buildings,residential-and-commercial-onsite-fuel-usage,2021-01-01 00:00:00,2021-12-31 00:00:00,co2e_100yr,166959586.83621,tonnes,,2023-10-06 14:56:33.428328,2023-11-03 15:12:50.652276
IND,buildings,residential-and-commercial-onsite-fuel-usage,2021-01-01 00:00:00,2021-12-31 00:00:00,co2e_20yr,169942196.72548002,tonnes,,2023-10-06 14:56:33.428328,2023-11-03 15:12:50.652276
IND,buildings,residential-and-commercial-onsite-fuel-usage,2021-01-01 00:00:00,2021-12-31 00:00:00,n2o,12448.69865,tonnes,,2023-10-06 14:56:33.428328,2023-11-03 15:12:50.652276
IND,buildings,residential-and-commercial-onsite-fuel-usage,2022-01-01 00:00:00,2022-12-31 00:00:00,ch4,56006.85519,tonnes,,2023-10-06 14:56:33.428328,2023-11-03 16:28:33.523555
IND,buildings,residential-and-commercial-onsite-fuel-usage,2022-01-01 00:00:00,2022-12-31 00:00:00,co2,173334079.7,tonnes,,2023-10-06 14:56:33.428328,2023-11-03 16:28:33.523555
IND,buildings,residential-and-commercial-onsite-fuel-usage,2022-01-01 00:00:00,2022-12-31 00:00:00,co2e_100yr,178479101.17412,tonnes,,2023-10-06 14:56:33.428328,2023-11-03 16:28:33.523555
IND,buildings,residential-and-commercial-onsite-fuel-usage,2022-01-01 00:00:00,2022-12-31 00:00:00,co2e_20yr,181601987.59484,tonnes,,2023-10-06 14:56:33.428328,2023-11-03 16:28:33.523555
IND,buildings,residential-and-commercial-onsite-fuel-usage,2022-01-01 00:00:00,2022-12-31 00:00:00,n2o,13497.46992,tonnes,,2023-10-06 14:56:33.428328,2023-11-03 16:28:33.523555
