{
  "type": "Feature",
  "properties": {
    "title": "Poland",
    "id": "poland"
  },
  "geometry": {
    "type": "Polygon",
    "coordinates": [
      [
        [
          16.5234375,
          54.470037612805754
        ],
        [
          14.58984375,
          53.54030739150019
        ],
        [
          15.029296875,
          51.12421275782688
        ],
        [
          17.578125,
          49.95121990866204
        ],
        [
          19.6875,
          49.38237278700955
        ],
        [
          22.412109375,
          49.439556958940855
        ],
        [
          23.90625,
          50.792047064406866
        ],
        [
          23.37890625,
          51.67255514839676
        ],
        [
          23.818359375,
          53.225768435790194
        ],
        [
          20.830078125,
          54.265224078605655
        ],
        [
          18.193359375,
          54.67383096593114
        ],
        [
          16.5234375,
          54.470037612805754
        ]
      ]
    ]
  }
}
