iso3_country,sector,subsector,start_time,end_time,gas,emissions_quantity,emissions_quantity_units,temporal_granularity,created_date,modified_date
IND,waste,biological-treatment-of-solid-waste-and-biogenic,2015-01-01 00:00:00,2015-12-31 00:00:00,ch4,44970.54272,tonnes,,2023-10-09 10:24:58.541435,2023-11-03 15:13:31.226676
IND,waste,biological-treatment-of-solid-waste-and-biogenic,2015-01-01 00:00:00,2015-12-31 00:00:00,co2,0.0,tonnes,,2023-10-09 10:24:58.541435,
IND,waste,biological-treatment-of-solid-waste-and-biogenic,2015-01-01 00:00:00,2015-12-31 00:00:00,co2e_100yr,2152964.7327199997,tonnes,,2023-10-09 10:24:58.541435,2023-11-03 15:13:31.226676
IND,waste,biological-treatment-of-solid-waste-and-biogenic,2015-01-01 00:00:00,2015-12-31 00:00:00,co2e_20yr,4667942.334336,tonnes,,2023-10-09 10:24:58.541435,2023-11-03 15:13:31.226676
IND,waste,biological-treatment-of-solid-waste-and-biogenic,2015-01-01 00:00:00,2015-12-31 00:00:00,n2o,3372.790704,tonnes,,2023-10-09 10:24:58.541435,2023-11-03 15:13:31.226676
IND,waste,biological-treatment-of-solid-waste-and-biogenic,2016-01-01 00:00:00,2016-12-31 00:00:00,ch4,46086.51319,tonnes,,2023-10-09 10:24:58.541435,2023-11-03 15:13:24.228232
IND,waste,biological-treatment-of-solid-waste-and-biogenic,2016-01-01 00:00:00,2016-12-31 00:00:00,co2,0.0,tonnes,,2023-10-09 10:24:58.541435,
IND,waste,biological-treatment-of-solid-waste-and-biogenic,2016-01-01 00:00:00,2016-12-31 00:00:00,co2e_100yr,2206391.818905,tonnes,,2023-10-09 10:24:58.541435,2023-11-03 15:13:24.228232
IND,waste,biological-treatment-of-solid-waste-and-biogenic,2016-01-01 00:00:00,2016-12-31 00:00:00,co2e_20yr,4783780.069056,tonnes,,2023-10-09 10:24:58.541435,2023-11-03 15:13:24.228232
IND,waste,biological-treatment-of-solid-waste-and-biogenic,2016-01-01 00:00:00,2016-12-31 00:00:00,n2o,3456.488489,tonnes,,2023-10-09 10:24:58.541435,2023-11-03 15:13:24.228232
IND,waste,biological-treatment-of-solid-waste-and-biogenic,2017-01-01 00:00:00,2017-12-31 00:00:00,ch4,47212.2289,tonnes,,2023-10-09 10:24:58.541435,2023-11-03 15:13:17.569626
IND,waste,biological-treatment-of-solid-waste-and-biogenic,2017-01-01 00:00:00,2017-12-31 00:00:00,co2,0.0,tonnes,,2023-10-09 10:24:58.541435,
IND,waste,biological-treatment-of-solid-waste-and-biogenic,2017-01-01 00:00:00,2017-12-31 00:00:00,co2e_100yr,2260285.45872,tonnes,,2023-10-09 10:24:58.541435,2023-11-03 15:13:17.569626
IND,waste,biological-treatment-of-solid-waste-and-biogenic,2017-01-01 00:00:00,2017-12-31 00:00:00,co2e_20yr,4900629.359952,tonnes,,2023-10-09 10:24:58.541435,2023-11-03 15:13:17.569626
IND,waste,biological-treatment-of-solid-waste-and-biogenic,2017-01-01 00:00:00,2017-12-31 00:00:00,n2o,3540.917168,tonnes,,2023-10-09 10:24:58.541435,2023-11-03 15:13:17.569626
IND,waste,biological-treatment-of-solid-waste-and-biogenic,2018-01-01 00:00:00,2018-12-31 00:00:00,ch4,48346.53625,tonnes,,2023-10-09 10:24:58.541435,2023-11-03 15:13:11.334281
IND,waste,biological-treatment-of-solid-waste-and-biogenic,2018-01-01 00:00:00,2018-12-31 00:00:00,co2,0.0,tonnes,,2023-10-09 10:24:58.541435,
IND,waste,biological-treatment-of-solid-waste-and-biogenic,2018-01-01 00:00:00,2018-12-31 00:00:00,co2e_100yr,2314590.423035,tonnes,,2023-10-09 10:24:58.541435,2023-11-03 15:13:11.334281
IND,waste,biological-treatment-of-solid-waste-and-biogenic,2018-01-01 00:00:00,2018-12-31 00:00:00,co2e_20yr,5018370.462816,tonnes,,2023-10-09 10:24:58.541435,2023-11-03 15:13:11.334281
IND,waste,biological-treatment-of-solid-waste-and-biogenic,2018-01-01 00:00:00,2018-12-31 00:00:00,n2o,3625.990219,tonnes,,2023-10-09 10:24:58.541435,2023-11-03 15:13:11.334281
IND,waste,biological-treatment-of-solid-waste-and-biogenic,2019-01-01 00:00:00,2019-12-31 00:00:00,ch4,49487.51128,tonnes,,2023-10-09 10:24:58.541435,2023-11-03 15:13:04.267715
IND,waste,biological-treatment-of-solid-waste-and-biogenic,2019-01-01 00:00:00,2019-12-31 00:00:00,co2,0.0,tonnes,,2023-10-09 10:24:58.541435,
IND,waste,biological-treatment-of-solid-waste-and-biogenic,2019-01-01 00:00:00,2019-12-31 00:00:00,co2e_100yr,2369214.6025300003,tonnes,,2023-10-09 10:24:58.541435,2023-11-03 15:13:04.267715
IND,waste,biological-treatment-of-solid-waste-and-biogenic,2019-01-01 00:00:00,2019-12-31 00:00:00,co2e_20yr,5136803.670864,tonnes,,2023-10-09 10:24:58.541435,2023-11-03 15:13:04.267715
IND,waste,biological-treatment-of-solid-waste-and-biogenic,2019-01-01 00:00:00,2019-12-31 00:00:00,n2o,3711.563346,tonnes,,2023-10-09 10:24:58.541435,2023-11-03 15:13:04.267715
IND,waste,biological-treatment-of-solid-waste-and-biogenic,2020-01-01 00:00:00,2020-12-31 00:00:00,ch4,50633.46651,tonnes,,2023-10-09 10:24:58.541435,2023-11-03 15:12:57.134245
IND,waste,biological-treatment-of-solid-waste-and-biogenic,2020-01-01 00:00:00,2020-12-31 00:00:00,co2,0.0,tonnes,,2023-10-09 10:24:58.541435,
IND,waste,biological-treatment-of-solid-waste-and-biogenic,2020-01-01 00:00:00,2020-12-31 00:00:00,co2e_100yr,2424077.2090999996,tonnes,,2023-10-09 10:24:58.541435,2023-11-03 15:12:57.134245
IND,waste,biological-treatment-of-solid-waste-and-biogenic,2020-01-01 00:00:00,2020-12-31 00:00:00,co2e_20yr,5255753.823671999,tonnes,,2023-10-09 10:24:58.541435,2023-11-03 15:12:57.134245
IND,waste,biological-treatment-of-solid-waste-and-biogenic,2020-01-01 00:00:00,2020-12-31 00:00:00,n2o,3797.509988,tonnes,,2023-10-09 10:24:58.541435,2023-11-03 15:12:57.134245
IND,waste,biological-treatment-of-solid-waste-and-biogenic,2021-01-01 00:00:00,2021-12-31 00:00:00,ch4,51766.05126,tonnes,,2023-10-09 10:24:58.541435,2023-11-03 15:12:50.652276
IND,waste,biological-treatment-of-solid-waste-and-biogenic,2021-01-01 00:00:00,2021-12-31 00:00:00,co2,0.0,tonnes,,2023-10-09 10:24:58.541435,
IND,waste,biological-treatment-of-solid-waste-and-biogenic,2021-01-01 00:00:00,2021-12-31 00:00:00,co2e_100yr,2478299.704205,tonnes,,2023-10-09 10:24:58.541435,2023-11-03 15:12:50.652276
IND,waste,biological-treatment-of-solid-waste-and-biogenic,2021-01-01 00:00:00,2021-12-31 00:00:00,co2e_20yr,5373316.12092,tonnes,,2023-10-09 10:24:58.541435,2023-11-03 15:12:50.652276
IND,waste,biological-treatment-of-solid-waste-and-biogenic,2021-01-01 00:00:00,2021-12-31 00:00:00,n2o,3882.453845,tonnes,,2023-10-09 10:24:58.541435,2023-11-03 15:12:50.652276
IND,waste,biological-treatment-of-solid-waste-and-biogenic,2022-01-01 00:00:00,2022-12-31 00:00:00,ch4,52923.97002,tonnes,,2023-10-09 10:24:58.541435,2023-11-03 15:12:44.089616
IND,waste,biological-treatment-of-solid-waste-and-biogenic,2022-01-01 00:00:00,2022-12-31 00:00:00,co2,0.0,tonnes,,2023-10-09 10:24:58.541435,
IND,waste,biological-treatment-of-solid-waste-and-biogenic,2022-01-01 00:00:00,2022-12-31 00:00:00,co2e_100yr,2533735.06484,tonnes,,2023-10-09 10:24:58.541435,2023-11-03 15:12:44.089616
IND,waste,biological-treatment-of-solid-waste-and-biogenic,2022-01-01 00:00:00,2022-12-31 00:00:00,co2e_20yr,5493508.088208,tonnes,,2023-10-09 10:24:58.541435,2023-11-03 15:12:44.089616
IND,waste,biological-treatment-of-solid-waste-and-biogenic,2022-01-01 00:00:00,2022-12-31 00:00:00,n2o,3969.297752,tonnes,,2023-10-09 10:24:58.541435,2023-11-03 15:12:44.089616
