iso3_country,sector,subsector,start_time,end_time,gas,emissions_quantity,emissions_quantity_units,temporal_granularity,created_date,modified_date
IND,waste,incineration-and-open-burning-of-waste,2015-01-01 00:00:00,2015-12-31 00:00:00,ch4,31214.068,tonnes,,2023-10-06 14:56:33.428328,
IND,waste,incineration-and-open-burning-of-waste,2015-01-01 00:00:00,2015-12-31 00:00:00,co2,0.0,tonnes,,2023-10-06 14:56:33.428328,
IND,waste,incineration-and-open-burning-of-waste,2015-01-01 00:00:00,2015-12-31 00:00:00,co2e_100yr,873993.904,tonnes,,2023-10-06 14:56:33.428328,
IND,waste,incineration-and-open-burning-of-waste,2015-01-01 00:00:00,2015-12-31 00:00:00,co2e_20yr,2621981.712,tonnes,,2023-10-06 14:56:33.428328,
IND,waste,incineration-and-open-burning-of-waste,2015-01-01 00:00:00,2015-12-31 00:00:00,n2o,0.0,tonnes,,2023-10-06 14:56:33.428328,
IND,waste,incineration-and-open-burning-of-waste,2016-01-01 00:00:00,2016-12-31 00:00:00,ch4,20601.8824,tonnes,,2023-10-06 14:56:33.428328,2023-11-03 15:13:24.228232
IND,waste,incineration-and-open-burning-of-waste,2016-01-01 00:00:00,2016-12-31 00:00:00,co2,0.0,tonnes,,2023-10-06 14:56:33.428328,
IND,waste,incineration-and-open-burning-of-waste,2016-01-01 00:00:00,2016-12-31 00:00:00,co2e_100yr,576852.7072000001,tonnes,,2023-10-06 14:56:33.428328,2023-11-03 15:13:24.228232
IND,waste,incineration-and-open-burning-of-waste,2016-01-01 00:00:00,2016-12-31 00:00:00,co2e_20yr,1730558.1216000002,tonnes,,2023-10-06 14:56:33.428328,2023-11-03 15:13:24.228232
IND,waste,incineration-and-open-burning-of-waste,2016-01-01 00:00:00,2016-12-31 00:00:00,n2o,0.0,tonnes,,2023-10-06 14:56:33.428328,
IND,waste,incineration-and-open-burning-of-waste,2017-01-01 00:00:00,2017-12-31 00:00:00,ch4,28691.048,tonnes,,2023-10-06 14:56:33.428328,2023-11-03 15:13:17.569626
IND,waste,incineration-and-open-burning-of-waste,2017-01-01 00:00:00,2017-12-31 00:00:00,co2,0.0,tonnes,,2023-10-06 14:56:33.428328,
IND,waste,incineration-and-open-burning-of-waste,2017-01-01 00:00:00,2017-12-31 00:00:00,co2e_100yr,803349.3439999999,tonnes,,2023-10-06 14:56:33.428328,2023-11-03 15:13:17.569626
IND,waste,incineration-and-open-burning-of-waste,2017-01-01 00:00:00,2017-12-31 00:00:00,co2e_20yr,2410048.032,tonnes,,2023-10-06 14:56:33.428328,2023-11-03 15:13:17.569626
IND,waste,incineration-and-open-burning-of-waste,2017-01-01 00:00:00,2017-12-31 00:00:00,n2o,0.0,tonnes,,2023-10-06 14:56:33.428328,
IND,waste,incineration-and-open-burning-of-waste,2018-01-01 00:00:00,2018-12-31 00:00:00,ch4,37767.488,tonnes,,2023-10-06 14:56:33.428328,2023-11-03 15:13:11.334281
IND,waste,incineration-and-open-burning-of-waste,2018-01-01 00:00:00,2018-12-31 00:00:00,co2,0.0,tonnes,,2023-10-06 14:56:33.428328,
IND,waste,incineration-and-open-burning-of-waste,2018-01-01 00:00:00,2018-12-31 00:00:00,co2e_100yr,1057489.664,tonnes,,2023-10-06 14:56:33.428328,2023-11-03 15:13:11.334281
IND,waste,incineration-and-open-burning-of-waste,2018-01-01 00:00:00,2018-12-31 00:00:00,co2e_20yr,3172468.9919999996,tonnes,,2023-10-06 14:56:33.428328,2023-11-03 15:13:11.334281
IND,waste,incineration-and-open-burning-of-waste,2018-01-01 00:00:00,2018-12-31 00:00:00,n2o,0.0,tonnes,,2023-10-06 14:56:33.428328,
IND,waste,incineration-and-open-burning-of-waste,2019-01-01 00:00:00,2019-12-31 00:00:00,ch4,34556.916,tonnes,,2023-10-06 14:56:33.428328,2023-11-03 15:13:04.267715
IND,waste,incineration-and-open-burning-of-waste,2019-01-01 00:00:00,2019-12-31 00:00:00,co2,0.0,tonnes,,2023-10-06 14:56:33.428328,
IND,waste,incineration-and-open-burning-of-waste,2019-01-01 00:00:00,2019-12-31 00:00:00,co2e_100yr,967593.648,tonnes,,2023-10-06 14:56:33.428328,2023-11-03 15:13:04.267715
IND,waste,incineration-and-open-burning-of-waste,2019-01-01 00:00:00,2019-12-31 00:00:00,co2e_20yr,2902780.9439999997,tonnes,,2023-10-06 14:56:33.428328,2023-11-03 15:13:04.267715
IND,waste,incineration-and-open-burning-of-waste,2019-01-01 00:00:00,2019-12-31 00:00:00,n2o,0.0,tonnes,,2023-10-06 14:56:33.428328,
IND,waste,incineration-and-open-burning-of-waste,2020-01-01 00:00:00,2020-12-31 00:00:00,ch4,34556.916,tonnes,,2023-10-06 14:56:33.428328,2023-11-03 15:12:57.134245
IND,waste,incineration-and-open-burning-of-waste,2020-01-01 00:00:00,2020-12-31 00:00:00,co2,0.0,tonnes,,2023-10-06 14:56:33.428328,
IND,waste,incineration-and-open-burning-of-waste,2020-01-01 00:00:00,2020-12-31 00:00:00,co2e_100yr,967593.648,tonnes,,2023-10-06 14:56:33.428328,2023-11-03 15:12:57.134245
IND,waste,incineration-and-open-burning-of-waste,2020-01-01 00:00:00,2020-12-31 00:00:00,co2e_20yr,2902780.9439999997,tonnes,,2023-10-06 14:56:33.428328,2023-11-03 15:12:57.134245
IND,waste,incineration-and-open-burning-of-waste,2020-01-01 00:00:00,2020-12-31 00:00:00,n2o,0.0,tonnes,,2023-10-06 14:56:33.428328,
IND,waste,incineration-and-open-burning-of-waste,2021-01-01 00:00:00,2021-12-31 00:00:00,ch4,35225.4856,tonnes,,2023-10-06 14:56:33.428328,2023-11-03 15:12:50.652276
IND,waste,incineration-and-open-burning-of-waste,2021-01-01 00:00:00,2021-12-31 00:00:00,co2,0.0,tonnes,,2023-10-06 14:56:33.428328,
IND,waste,incineration-and-open-burning-of-waste,2021-01-01 00:00:00,2021-12-31 00:00:00,co2e_100yr,986313.5968,tonnes,,2023-10-06 14:56:33.428328,2023-11-03 15:12:50.652276
IND,waste,incineration-and-open-burning-of-waste,2021-01-01 00:00:00,2021-12-31 00:00:00,co2e_20yr,2958940.7904,tonnes,,2023-10-06 14:56:33.428328,2023-11-03 15:12:50.652276
IND,waste,incineration-and-open-burning-of-waste,2021-01-01 00:00:00,2021-12-31 00:00:00,n2o,0.0,tonnes,,2023-10-06 14:56:33.428328,
IND,waste,incineration-and-open-burning-of-waste,2022-01-01 00:00:00,2022-12-31 00:00:00,ch4,35906.98996,tonnes,,2023-10-06 14:56:33.428328,2023-11-03 16:28:33.523555
IND,waste,incineration-and-open-burning-of-waste,2022-01-01 00:00:00,2022-12-31 00:00:00,co2,0.0,tonnes,,2023-10-06 14:56:33.428328,
IND,waste,incineration-and-open-burning-of-waste,2022-01-01 00:00:00,2022-12-31 00:00:00,co2e_100yr,1005395.71888,tonnes,,2023-10-06 14:56:33.428328,2023-11-03 16:28:33.523555
IND,waste,incineration-and-open-burning-of-waste,2022-01-01 00:00:00,2022-12-31 00:00:00,co2e_20yr,3016187.1566399997,tonnes,,2023-10-06 14:56:33.428328,2023-11-03 16:28:33.523555
IND,waste,incineration-and-open-burning-of-waste,2022-01-01 00:00:00,2022-12-31 00:00:00,n2o,0.0,tonnes,,2023-10-06 14:56:33.428328,
