iso3_country,sector,subsector,start_time,end_time,gas,emissions_quantity,emissions_quantity_units,temporal_granularity,created_date,modified_date
IND,waste,wastewater-treatment-and-discharge,2015-01-01 00:00:00,2015-12-31 00:00:00,ch4,6118991.056,tonnes,annual,2023-10-06 14:56:33.428328,2023-11-03 15:13:31.226676
IND,waste,wastewater-treatment-and-discharge,2015-01-01 00:00:00,2015-12-31 00:00:00,co2,0.0,tonnes,,2023-10-06 14:56:33.428328,
IND,waste,wastewater-treatment-and-discharge,2015-01-01 00:00:00,2015-12-31 00:00:00,co2e_100yr,184840816.8381,tonnes,annual,2023-10-06 14:56:33.428328,2023-11-03 15:13:31.226676
IND,waste,wastewater-treatment-and-discharge,2015-01-01 00:00:00,2015-12-31 00:00:00,co2e_20yr,527453338.36176,tonnes,annual,2023-10-06 14:56:33.428328,2023-11-03 15:13:31.226676
IND,waste,wastewater-treatment-and-discharge,2015-01-01 00:00:00,2015-12-31 00:00:00,n2o,50977.61234,tonnes,annual,2023-10-06 14:56:33.428328,2023-11-03 15:13:31.226676
IND,waste,wastewater-treatment-and-discharge,2016-01-01 00:00:00,2016-12-31 00:00:00,ch4,6192367.784,tonnes,annual,2023-10-06 14:56:33.428328,2023-11-03 15:13:24.228232
IND,waste,wastewater-treatment-and-discharge,2016-01-01 00:00:00,2016-12-31 00:00:00,co2,0.0,tonnes,,2023-10-06 14:56:33.428328,
IND,waste,wastewater-treatment-and-discharge,2016-01-01 00:00:00,2016-12-31 00:00:00,co2e_100yr,187272876.35425,tonnes,annual,2023-10-06 14:56:33.428328,2023-11-03 15:13:24.228232
IND,waste,wastewater-treatment-and-discharge,2016-01-01 00:00:00,2016-12-31 00:00:00,co2e_20yr,533993070.0756,tonnes,annual,2023-10-06 14:56:33.428328,2023-11-03 15:13:24.228232
IND,waste,wastewater-treatment-and-discharge,2016-01-01 00:00:00,2016-12-31 00:00:00,n2o,52402.18265,tonnes,annual,2023-10-06 14:56:33.428328,2023-11-03 15:13:24.228232
IND,waste,wastewater-treatment-and-discharge,2017-01-01 00:00:00,2017-12-31 00:00:00,ch4,6260666.025,tonnes,annual,2023-10-06 14:56:33.428328,2023-11-03 15:13:17.569626
IND,waste,wastewater-treatment-and-discharge,2017-01-01 00:00:00,2017-12-31 00:00:00,co2,0.0,tonnes,,2023-10-06 14:56:33.428328,
IND,waste,wastewater-treatment-and-discharge,2017-01-01 00:00:00,2017-12-31 00:00:00,co2e_100yr,189633820.23115003,tonnes,annual,2023-10-06 14:56:33.428328,2023-11-03 15:13:17.569626
IND,waste,wastewater-treatment-and-discharge,2017-01-01 00:00:00,2017-12-31 00:00:00,co2e_20yr,540177022.64424,tonnes,annual,2023-10-06 14:56:33.428328,2023-11-03 15:13:17.569626
IND,waste,wastewater-treatment-and-discharge,2017-01-01 00:00:00,2017-12-31 00:00:00,n2o,54094.98691,tonnes,annual,2023-10-06 14:56:33.428328,2023-11-03 15:13:17.569626
IND,waste,wastewater-treatment-and-discharge,2018-01-01 00:00:00,2018-12-31 00:00:00,ch4,6376337.4569999995,tonnes,annual,2023-10-06 14:56:33.428328,2023-11-03 15:13:11.334281
IND,waste,wastewater-treatment-and-discharge,2018-01-01 00:00:00,2018-12-31 00:00:00,co2,0.0,tonnes,,2023-10-06 14:56:33.428328,
IND,waste,wastewater-treatment-and-discharge,2018-01-01 00:00:00,2018-12-31 00:00:00,co2e_100yr,193099757.5326,tonnes,annual,2023-10-06 14:56:33.428328,2023-11-03 15:13:11.334281
IND,waste,wastewater-treatment-and-discharge,2018-01-01 00:00:00,2018-12-31 00:00:00,co2e_20yr,550119703.01616,tonnes,annual,2023-10-06 14:56:33.428328,2023-11-03 15:13:11.334281
IND,waste,wastewater-treatment-and-discharge,2018-01-01 00:00:00,2018-12-31 00:00:00,n2o,54952.10844,tonnes,annual,2023-10-06 14:56:33.428328,2023-11-03 15:13:11.334281
IND,waste,wastewater-treatment-and-discharge,2019-01-01 00:00:00,2019-12-31 00:00:00,ch4,6448508.41,tonnes,annual,2023-10-06 14:56:33.428328,2023-11-03 15:13:04.267715
IND,waste,wastewater-treatment-and-discharge,2019-01-01 00:00:00,2019-12-31 00:00:00,co2,0.0,tonnes,,2023-10-06 14:56:33.428328,
IND,waste,wastewater-treatment-and-discharge,2019-01-01 00:00:00,2019-12-31 00:00:00,co2e_100yr,195415841.30355,tonnes,annual,2023-10-06 14:56:33.428328,2023-11-03 15:13:04.267715
IND,waste,wastewater-treatment-and-discharge,2019-01-01 00:00:00,2019-12-31 00:00:00,co2e_20yr,556476245.82648,tonnes,annual,2023-10-06 14:56:33.428328,2023-11-03 15:13:04.267715
IND,waste,wastewater-treatment-and-discharge,2019-01-01 00:00:00,2019-12-31 00:00:00,n2o,56066.43707,tonnes,annual,2023-10-06 14:56:33.428328,2023-11-03 15:13:04.267715
IND,waste,wastewater-treatment-and-discharge,2020-01-01 00:00:00,2020-12-31 00:00:00,ch4,6510885.239,tonnes,annual,2023-10-06 14:56:33.428328,2023-11-03 15:12:57.134245
IND,waste,wastewater-treatment-and-discharge,2020-01-01 00:00:00,2020-12-31 00:00:00,co2,0.0,tonnes,,2023-10-06 14:56:33.428328,
IND,waste,wastewater-treatment-and-discharge,2020-01-01 00:00:00,2020-12-31 00:00:00,co2e_100yr,197319357.99925,tonnes,annual,2023-10-06 14:56:33.428328,2023-11-03 15:12:57.134245
IND,waste,wastewater-treatment-and-discharge,2020-01-01 00:00:00,2020-12-31 00:00:00,co2e_20yr,561872272.6236,tonnes,annual,2023-10-06 14:56:33.428328,2023-11-03 15:12:57.134245
IND,waste,wastewater-treatment-and-discharge,2020-01-01 00:00:00,2020-12-31 00:00:00,n2o,56658.75965,tonnes,annual,2023-10-06 14:56:33.428328,2023-11-03 15:12:57.134245
IND,waste,wastewater-treatment-and-discharge,2021-01-01 00:00:00,2021-12-31 00:00:00,ch4,6599521.748,tonnes,annual,2023-10-06 14:56:33.428328,2023-11-03 15:12:50.652276
IND,waste,wastewater-treatment-and-discharge,2021-01-01 00:00:00,2021-12-31 00:00:00,co2,0.0,tonnes,,2023-10-06 14:56:33.428328,
IND,waste,wastewater-treatment-and-discharge,2021-01-01 00:00:00,2021-12-31 00:00:00,co2e_100yr,200102281.05815,tonnes,annual,2023-10-06 14:56:33.428328,2023-11-03 15:12:50.652276
IND,waste,wastewater-treatment-and-discharge,2021-01-01 00:00:00,2021-12-31 00:00:00,co2e_20yr,569617703.9570401,tonnes,annual,2023-10-06 14:56:33.428328,2023-11-03 15:12:50.652276
IND,waste,wastewater-treatment-and-discharge,2021-01-01 00:00:00,2021-12-31 00:00:00,n2o,57794.98911,tonnes,annual,2023-10-06 14:56:33.428328,2023-11-03 15:12:50.652276
IND,waste,wastewater-treatment-and-discharge,2022-01-01 00:00:00,2022-12-31 00:00:00,ch4,6704114.625,tonnes,annual,2023-10-06 14:56:33.428328,2023-11-03 16:28:33.523555
IND,waste,wastewater-treatment-and-discharge,2022-01-01 00:00:00,2022-12-31 00:00:00,co2,0.0,tonnes,,2023-10-06 14:56:33.428328,
IND,waste,wastewater-treatment-and-discharge,2022-01-01 00:00:00,2022-12-31 00:00:00,co2e_100yr,203338020.66865,tonnes,annual,2023-10-06 14:56:33.428328,2023-11-03 16:28:33.523555
IND,waste,wastewater-treatment-and-discharge,2022-01-01 00:00:00,2022-12-31 00:00:00,co2e_20yr,578709485.66424,tonnes,annual,2023-10-06 14:56:33.428328,2023-11-03 16:28:33.523555
IND,waste,wastewater-treatment-and-discharge,2022-01-01 00:00:00,2022-12-31 00:00:00,n2o,58954.00441,tonnes,annual,2023-10-06 14:56:33.428328,2023-11-03 16:28:33.523555
