source_id,source_name,iso3_country,sector,subsector,lat,lon,geometry_ref,relationship,ultimate_parent_name,ultimate_parent_id,percent_interest_parent,company_name,company_id,percent_interest_company,interest_units,start_date,end_date,created_date,modified_date,percent_company_datasource,percent_parent_datasource
18653584,Angul aluminium plant,IND,manufacturing,aluminum,20.826833,85.158782,trace_85.158782_20.826833,owner,National Aluminium,100000000522.0,100.0,National Aluminium,100000000522,100,real_property_aluminum-plant,2022-01-01 00:00:00,2022-12-31 00:00:00,2023-11-29 22:49:35.10504,,,{7061}
18653585,Bargwan aluminium plant,IND,manufacturing,aluminum,24.230813,82.436569,trace_82.436569_24.230813,owner,Hindalco Mahan Aluminium Smelter,100001012435.0,100.0,Hindalco Mahan Aluminium Smelter,100001012435,100,real_property_aluminum-plant,2022-01-01 00:00:00,2022-12-31 00:00:00,2023-11-29 22:49:35.105085,,,{7061}
18653586,Hirakud aluminium plant,IND,manufacturing,aluminum,21.532835,83.906783,trace_83.906783_21.532835,owner,Hindalco IndustriesHirakud Smelter,100001012436.0,100.0,Hindalco IndustriesHirakud Smelter,100001012436,100,real_property_aluminum-plant,2022-01-01 00:00:00,2022-12-31 00:00:00,2023-11-29 22:49:35.105131,,,{7061}
18653587,Jharsuguda aluminium plant,IND,manufacturing,aluminum,21.808896,84.041026,trace_84.041026_21.808896,owner,Vedanta Resources,100000121514.0,100.0,Vedanta Resources,100000121514,100,real_property_aluminum-plant,2022-01-01 00:00:00,2022-12-31 00:00:00,2023-11-29 22:49:35.105178,,,{7061}
18653588,Korba aluminium plant,IND,manufacturing,aluminum,22.395148,82.736427,trace_82.736427_22.395148,owner,Governmenrt of India,100001000397.0,49.0,Bharat Aluminium,100001010032,100,real_property_aluminum-plant,2022-01-01 00:00:00,2022-12-31 00:00:00,2023-11-29 22:49:35.105301,,,"{6244,6245,7061}"
18653588,Korba aluminium plant,IND,manufacturing,aluminum,22.395148,82.736427,trace_82.736427_22.395148,owner,Vedanta,100001000479.0,51.0,Bharat Aluminium,100001010032,100,real_property_aluminum-plant,2022-01-01 00:00:00,2022-12-31 00:00:00,2023-11-29 22:49:35.105234,,,"{6233,6242,7061}"
18653588,Korba aluminium plant,IND,manufacturing,aluminum,22.395148,82.736427,trace_82.736427_22.395148,owner,,,,Bharat Aluminium,100001010032,100,real_property_aluminum-plant,2022-01-01 00:00:00,2022-12-31 00:00:00,2023-11-29 22:49:35.105347,,,{7061}
18653589,Lapanga aluminium plant,IND,manufacturing,aluminum,21.739215,84.048315,trace_84.048315_21.739215,owner,Hindalco Aditya Aluminium Smelter,100001012437.0,100.0,Hindalco Aditya Aluminium Smelter,100001012437,100,real_property_aluminum-plant,2022-01-01 00:00:00,2022-12-31 00:00:00,2023-11-29 22:49:35.105393,,,{7061}
18653590,Renukoot aluminium plant,IND,manufacturing,aluminum,24.223115,83.030123,trace_83.030123_24.223115,owner,Hindustan Aluminium,100001012438.0,100.0,Hindustan Aluminium,100001012438,100,real_property_aluminum-plant,2022-01-01 00:00:00,2022-12-31 00:00:00,2023-11-29 22:49:35.105439,,,{7061}
