iso3_country,sector,subsector,start_time,end_time,gas,emissions_quantity,emissions_quantity_units,temporal_granularity,created_date,modified_date
IND,manufacturing,aluminum,2015-01-01 00:00:00,2015-12-31 00:00:00,ch4,,tonnes,annual,2023-10-12 17:27:07.505345,
IND,manufacturing,aluminum,2015-01-01 00:00:00,2015-12-31 00:00:00,co2,10227376.0,tonnes,annual,2023-10-12 17:27:07.505331,
IND,manufacturing,aluminum,2015-01-01 00:00:00,2015-12-31 00:00:00,co2e_100yr,10227376.0,tonnes,annual,2023-10-12 17:27:07.505362,
IND,manufacturing,aluminum,2015-01-01 00:00:00,2015-12-31 00:00:00,co2e_20yr,10227376.0,tonnes,annual,2023-10-12 17:27:07.505369,
IND,manufacturing,aluminum,2015-01-01 00:00:00,2015-12-31 00:00:00,n2o,,tonnes,annual,2023-10-12 17:27:07.505353,
IND,manufacturing,aluminum,2016-01-01 00:00:00,2016-12-31 00:00:00,ch4,,tonnes,annual,2023-10-12 17:27:07.650647,
IND,manufacturing,aluminum,2016-01-01 00:00:00,2016-12-31 00:00:00,co2,11912397.0,tonnes,annual,2023-10-12 17:27:07.650634,
IND,manufacturing,aluminum,2016-01-01 00:00:00,2016-12-31 00:00:00,co2e_100yr,11912397.0,tonnes,annual,2023-10-12 17:27:07.650663,
IND,manufacturing,aluminum,2016-01-01 00:00:00,2016-12-31 00:00:00,co2e_20yr,11912397.0,tonnes,annual,2023-10-12 17:27:07.650671,
IND,manufacturing,aluminum,2016-01-01 00:00:00,2016-12-31 00:00:00,n2o,,tonnes,annual,2023-10-12 17:27:07.650655,
IND,manufacturing,aluminum,2017-01-01 00:00:00,2017-12-31 00:00:00,ch4,,tonnes,annual,2023-10-12 17:27:07.802648,
IND,manufacturing,aluminum,2017-01-01 00:00:00,2017-12-31 00:00:00,co2,13202628.0,tonnes,annual,2023-10-12 17:27:07.802636,
IND,manufacturing,aluminum,2017-01-01 00:00:00,2017-12-31 00:00:00,co2e_100yr,13202628.0,tonnes,annual,2023-10-12 17:27:07.802665,
IND,manufacturing,aluminum,2017-01-01 00:00:00,2017-12-31 00:00:00,co2e_20yr,13202628.0,tonnes,annual,2023-10-12 17:27:07.802672,
IND,manufacturing,aluminum,2017-01-01 00:00:00,2017-12-31 00:00:00,n2o,,tonnes,annual,2023-10-12 17:27:07.802657,
IND,manufacturing,aluminum,2018-01-01 00:00:00,2018-12-31 00:00:00,ch4,,tonnes,annual,2023-10-12 17:27:07.958948,
IND,manufacturing,aluminum,2018-01-01 00:00:00,2018-12-31 00:00:00,co2,13849846.0,tonnes,annual,2023-10-12 17:27:07.958936,
IND,manufacturing,aluminum,2018-01-01 00:00:00,2018-12-31 00:00:00,co2e_100yr,13849846.0,tonnes,annual,2023-10-12 17:27:07.958965,
IND,manufacturing,aluminum,2018-01-01 00:00:00,2018-12-31 00:00:00,co2e_20yr,13849846.0,tonnes,annual,2023-10-12 17:27:07.958972,
IND,manufacturing,aluminum,2018-01-01 00:00:00,2018-12-31 00:00:00,n2o,,tonnes,annual,2023-10-12 17:27:07.958956,
IND,manufacturing,aluminum,2019-01-01 00:00:00,2019-12-31 00:00:00,ch4,,tonnes,annual,2023-10-12 17:27:08.110628,
IND,manufacturing,aluminum,2019-01-01 00:00:00,2019-12-31 00:00:00,co2,14925783.0,tonnes,annual,2023-10-12 17:27:08.110616,
IND,manufacturing,aluminum,2019-01-01 00:00:00,2019-12-31 00:00:00,co2e_100yr,14925783.0,tonnes,annual,2023-10-12 17:27:08.110644,
IND,manufacturing,aluminum,2019-01-01 00:00:00,2019-12-31 00:00:00,co2e_20yr,14925783.0,tonnes,annual,2023-10-12 17:27:08.110657,
IND,manufacturing,aluminum,2019-01-01 00:00:00,2019-12-31 00:00:00,n2o,,tonnes,annual,2023-10-12 17:27:08.110636,
IND,manufacturing,aluminum,2020-01-01 00:00:00,2020-12-31 00:00:00,ch4,,tonnes,annual,2023-10-12 17:27:08.255055,
IND,manufacturing,aluminum,2020-01-01 00:00:00,2020-12-31 00:00:00,co2,15729654.0,tonnes,annual,2023-10-12 17:27:08.255043,
IND,manufacturing,aluminum,2020-01-01 00:00:00,2020-12-31 00:00:00,co2e_100yr,15729654.0,tonnes,annual,2023-10-12 17:27:08.255072,
IND,manufacturing,aluminum,2020-01-01 00:00:00,2020-12-31 00:00:00,co2e_20yr,15729654.0,tonnes,annual,2023-10-12 17:27:08.255079,
IND,manufacturing,aluminum,2020-01-01 00:00:00,2020-12-31 00:00:00,n2o,,tonnes,annual,2023-10-12 17:27:08.255064,
IND,manufacturing,aluminum,2021-01-01 00:00:00,2021-12-31 00:00:00,ch4,,tonnes,annual,2023-10-12 17:27:08.402048,
IND,manufacturing,aluminum,2021-01-01 00:00:00,2021-12-31 00:00:00,co2,17258149.0,tonnes,annual,2023-10-12 17:27:08.402036,
IND,manufacturing,aluminum,2021-01-01 00:00:00,2021-12-31 00:00:00,co2e_100yr,17258149.0,tonnes,annual,2023-10-12 17:27:08.402064,
IND,manufacturing,aluminum,2021-01-01 00:00:00,2021-12-31 00:00:00,co2e_20yr,17258149.0,tonnes,annual,2023-10-12 17:27:08.402072,
IND,manufacturing,aluminum,2021-01-01 00:00:00,2021-12-31 00:00:00,n2o,,tonnes,annual,2023-10-12 17:27:08.402056,
IND,manufacturing,aluminum,2022-01-01 00:00:00,2022-12-31 00:00:00,ch4,,tonnes,annual,2023-10-12 17:27:08.549126,
IND,manufacturing,aluminum,2022-01-01 00:00:00,2022-12-31 00:00:00,co2,17895550.0,tonnes,annual,2023-10-12 17:27:08.549113,
IND,manufacturing,aluminum,2022-01-01 00:00:00,2022-12-31 00:00:00,co2e_100yr,17895550.0,tonnes,annual,2023-10-12 17:27:08.549143,
IND,manufacturing,aluminum,2022-01-01 00:00:00,2022-12-31 00:00:00,co2e_20yr,17895550.0,tonnes,annual,2023-10-12 17:27:08.549167,
IND,manufacturing,aluminum,2022-01-01 00:00:00,2022-12-31 00:00:00,n2o,,tonnes,annual,2023-10-12 17:27:08.549134,
IND,manufacturing,aluminum,2023-01-01 00:00:00,2023-12-31 00:00:00,ch4,,tonnes,annual,2023-10-12 17:27:08.703473,
IND,manufacturing,aluminum,2023-01-01 00:00:00,2023-12-31 00:00:00,co2,4302670.0,tonnes,annual,2023-10-12 17:27:08.70346,
IND,manufacturing,aluminum,2023-01-01 00:00:00,2023-12-31 00:00:00,co2e_100yr,4302670.0,tonnes,annual,2023-10-12 17:27:08.70349,
IND,manufacturing,aluminum,2023-01-01 00:00:00,2023-12-31 00:00:00,co2e_20yr,4302670.0,tonnes,annual,2023-10-12 17:27:08.703498,
IND,manufacturing,aluminum,2023-01-01 00:00:00,2023-12-31 00:00:00,n2o,,tonnes,annual,2023-10-12 17:27:08.703481,
