iso3_country,sector,subsector,start_time,end_time,gas,emissions_quantity,emissions_quantity_units,temporal_granularity,created_date,modified_date
IND,manufacturing,cement,2015-01-01 00:00:00,2015-12-31 00:00:00,ch4,,tonnes,annual,2023-10-12 17:27:07.635288,
IND,manufacturing,cement,2015-01-01 00:00:00,2015-12-31 00:00:00,co2,210556122.0,tonnes,annual,2023-10-12 17:27:07.635274,
IND,manufacturing,cement,2015-01-01 00:00:00,2015-12-31 00:00:00,co2e_100yr,210556122.0,tonnes,annual,2023-10-12 17:27:07.635305,
IND,manufacturing,cement,2015-01-01 00:00:00,2015-12-31 00:00:00,co2e_20yr,210556122.0,tonnes,annual,2023-10-12 17:27:07.635326,
IND,manufacturing,cement,2015-01-01 00:00:00,2015-12-31 00:00:00,n2o,,tonnes,annual,2023-10-12 17:27:07.635297,
IND,manufacturing,cement,2016-01-01 00:00:00,2016-12-31 00:00:00,ch4,,tonnes,annual,2023-10-12 17:27:07.8636,
IND,manufacturing,cement,2016-01-01 00:00:00,2016-12-31 00:00:00,co2,216982775.0,tonnes,annual,2023-10-12 17:27:07.86358,
IND,manufacturing,cement,2016-01-01 00:00:00,2016-12-31 00:00:00,co2e_100yr,216982775.0,tonnes,annual,2023-10-12 17:27:07.863627,
IND,manufacturing,cement,2016-01-01 00:00:00,2016-12-31 00:00:00,co2e_20yr,216982775.0,tonnes,annual,2023-10-12 17:27:07.863639,
IND,manufacturing,cement,2016-01-01 00:00:00,2016-12-31 00:00:00,n2o,,tonnes,annual,2023-10-12 17:27:07.863614,
IND,manufacturing,cement,2017-01-01 00:00:00,2017-12-31 00:00:00,ch4,,tonnes,annual,2023-10-12 17:27:08.115584,
IND,manufacturing,cement,2017-01-01 00:00:00,2017-12-31 00:00:00,co2,212806703.0,tonnes,annual,2023-10-12 17:27:08.115566,
IND,manufacturing,cement,2017-01-01 00:00:00,2017-12-31 00:00:00,co2e_100yr,212806703.0,tonnes,annual,2023-10-12 17:27:08.115609,
IND,manufacturing,cement,2017-01-01 00:00:00,2017-12-31 00:00:00,co2e_20yr,212806703.0,tonnes,annual,2023-10-12 17:27:08.115622,
IND,manufacturing,cement,2017-01-01 00:00:00,2017-12-31 00:00:00,n2o,,tonnes,annual,2023-10-12 17:27:08.115596,
IND,manufacturing,cement,2018-01-01 00:00:00,2018-12-31 00:00:00,ch4,,tonnes,annual,2023-10-12 17:27:08.367893,
IND,manufacturing,cement,2018-01-01 00:00:00,2018-12-31 00:00:00,co2,226711347.0,tonnes,annual,2023-10-12 17:27:08.367872,
IND,manufacturing,cement,2018-01-01 00:00:00,2018-12-31 00:00:00,co2e_100yr,226711347.0,tonnes,annual,2023-10-12 17:27:08.367919,
IND,manufacturing,cement,2018-01-01 00:00:00,2018-12-31 00:00:00,co2e_20yr,226711347.0,tonnes,annual,2023-10-12 17:27:08.367929,
IND,manufacturing,cement,2018-01-01 00:00:00,2018-12-31 00:00:00,n2o,,tonnes,annual,2023-10-12 17:27:08.367907,
IND,manufacturing,cement,2019-01-01 00:00:00,2019-12-31 00:00:00,ch4,,tonnes,annual,2023-10-12 17:27:08.598446,
IND,manufacturing,cement,2019-01-01 00:00:00,2019-12-31 00:00:00,co2,225300824.0,tonnes,annual,2023-10-12 17:27:08.598431,
IND,manufacturing,cement,2019-01-01 00:00:00,2019-12-31 00:00:00,co2e_100yr,225300824.0,tonnes,annual,2023-10-12 17:27:08.598478,
IND,manufacturing,cement,2019-01-01 00:00:00,2019-12-31 00:00:00,co2e_20yr,225300824.0,tonnes,annual,2023-10-12 17:27:08.598491,
IND,manufacturing,cement,2019-01-01 00:00:00,2019-12-31 00:00:00,n2o,,tonnes,annual,2023-10-12 17:27:08.598456,
IND,manufacturing,cement,2020-01-01 00:00:00,2020-12-31 00:00:00,ch4,,tonnes,annual,2023-10-12 17:27:08.796345,
IND,manufacturing,cement,2020-01-01 00:00:00,2020-12-31 00:00:00,co2,193541698.0,tonnes,annual,2023-10-12 17:27:08.796331,
IND,manufacturing,cement,2020-01-01 00:00:00,2020-12-31 00:00:00,co2e_100yr,193541698.0,tonnes,annual,2023-10-12 17:27:08.796361,
IND,manufacturing,cement,2020-01-01 00:00:00,2020-12-31 00:00:00,co2e_20yr,193541698.0,tonnes,annual,2023-10-12 17:27:08.796369,
IND,manufacturing,cement,2020-01-01 00:00:00,2020-12-31 00:00:00,n2o,,tonnes,annual,2023-10-12 17:27:08.796353,
IND,manufacturing,cement,2021-01-01 00:00:00,2021-12-31 00:00:00,ch4,,tonnes,annual,2023-10-12 17:27:09.006695,
IND,manufacturing,cement,2021-01-01 00:00:00,2021-12-31 00:00:00,co2,227004040.0,tonnes,annual,2023-10-12 17:27:09.006674,
IND,manufacturing,cement,2021-01-01 00:00:00,2021-12-31 00:00:00,co2e_100yr,227004040.0,tonnes,annual,2023-10-12 17:27:09.006722,
IND,manufacturing,cement,2021-01-01 00:00:00,2021-12-31 00:00:00,co2e_20yr,227004040.0,tonnes,annual,2023-10-12 17:27:09.006733,
IND,manufacturing,cement,2021-01-01 00:00:00,2021-12-31 00:00:00,n2o,,tonnes,annual,2023-10-12 17:27:09.006709,
IND,manufacturing,cement,2022-01-01 00:00:00,2022-12-31 00:00:00,ch4,,tonnes,annual,2023-10-12 17:27:09.222979,
IND,manufacturing,cement,2022-01-01 00:00:00,2022-12-31 00:00:00,co2,258232689.0,tonnes,annual,2023-10-12 17:27:09.222957,
IND,manufacturing,cement,2022-01-01 00:00:00,2022-12-31 00:00:00,co2e_100yr,258232689.0,tonnes,annual,2023-10-12 17:27:09.22301,
IND,manufacturing,cement,2022-01-01 00:00:00,2022-12-31 00:00:00,co2e_20yr,258232689.0,tonnes,annual,2023-10-12 17:27:09.223024,
IND,manufacturing,cement,2022-01-01 00:00:00,2022-12-31 00:00:00,n2o,,tonnes,annual,2023-10-12 17:27:09.222995,
IND,manufacturing,cement,2023-01-01 00:00:00,2023-12-31 00:00:00,ch4,,tonnes,annual,2023-10-12 17:27:09.452279,
IND,manufacturing,cement,2023-01-01 00:00:00,2023-12-31 00:00:00,co2,64558344.0,tonnes,annual,2023-10-12 17:27:09.452265,
IND,manufacturing,cement,2023-01-01 00:00:00,2023-12-31 00:00:00,co2e_100yr,64558344.0,tonnes,annual,2023-10-12 17:27:09.452296,
IND,manufacturing,cement,2023-01-01 00:00:00,2023-12-31 00:00:00,co2e_20yr,64558344.0,tonnes,annual,2023-10-12 17:27:09.452304,
IND,manufacturing,cement,2023-01-01 00:00:00,2023-12-31 00:00:00,n2o,,tonnes,annual,2023-10-12 17:27:09.452288,
