source_id,source_name,iso3_country,sector,subsector,lat,lon,geometry_ref,relationship,ultimate_parent_name,ultimate_parent_id,percent_interest_parent,company_name,company_id,percent_interest_company,interest_units,start_date,end_date,created_date,modified_date,percent_company_datasource,percent_parent_datasource
18656527,Adityapuram cement plant,IND,manufacturing,cement,24.765642,74.609918,trace_74.609918_24.765642,owner,UltraTech Cement,100001013730.0,100.0,UltraTech Cement,100001013730,100,real_property_cement-plant,2022-01-01 00:00:00,2022-12-31 00:00:00,2023-11-29 22:49:36.139824,,,{7061}
18656458,Alathiyur cement plant (0046),IND,manufacturing,cement,11.357619,79.223045,trace_79.223045_11.357619,owner,India Cements,100001013710.0,100.0,India Cements,100001013710,100,real_property_cement-plant,2022-01-01 00:00:00,2022-12-31 00:00:00,2023-11-29 22:49:36.138301,,,{7061}
18656512,Alathiyur cement plant (0134),IND,manufacturing,cement,11.361772,79.232041,trace_79.232041_11.361772,owner,Ramco Cements,100001013722.0,100.0,Ramco Cements,100001013722,100,real_property_cement-plant,2022-01-01 00:00:00,2022-12-31 00:00:00,2023-11-29 22:49:36.138977,,,{7061}
18656529,Amreli cement plant (0163),IND,manufacturing,cement,20.868289,71.397709,trace_71.397709_20.868289,owner,UltraTech Cement,100001013730.0,100.0,UltraTech Cement,100001013730,100,real_property_cement-plant,2022-01-01 00:00:00,2022-12-31 00:00:00,2023-11-29 22:49:36.139315,,,{7061}
18656533,Amreli cement plant (0167),IND,manufacturing,cement,20.910015,71.46093,trace_71.46093_20.910015,owner,UltraTech Cement,100001013730.0,100.0,UltraTech Cement,100001013730,100,real_property_cement-plant,2022-01-01 00:00:00,2022-12-31 00:00:00,2023-11-29 22:49:36.139959,,,{7061}
18656505,Anantapuram cement plant (0125),IND,manufacturing,cement,15.061606,77.950937,trace_77.950937_15.061606,owner,Penna Cement Industries,100000121107.0,100.0,Penna Cement Industries,100000121107,100,real_property_cement-plant,2022-01-01 00:00:00,2022-12-31 00:00:00,2023-11-29 22:49:36.138876,,,{7061}
18656530,Anantapuram cement plant (0164),IND,manufacturing,cement,15.023021,78.01432,trace_78.01432_15.023021,owner,UltraTech Cement,100001013730.0,100.0,UltraTech Cement,100001013730,100,real_property_cement-plant,2022-01-01 00:00:00,2022-12-31 00:00:00,2023-11-29 22:49:36.139917,,,{7061}
18656469,Bagalkot cement plant (0059),IND,manufacturing,cement,16.205971,75.298457,trace_75.298457_16.205971,owner,J K Cement,100001013711.0,100.0,J K Cement,100001013711,100,real_property_cement-plant,2022-01-01 00:00:00,2022-12-31 00:00:00,2023-11-29 22:49:36.138423,,,{7061}
18656439,Baikunth cement plant,IND,manufacturing,cement,21.497474,81.78279,trace_81.78279_21.497474,owner,Century Cement,100001013733.0,100.0,Century Cement,100001013733,100,real_property_cement-plant,2022-01-01 00:00:00,2022-12-31 00:00:00,2023-11-29 22:49:36.139419,,,{7061}
18656496,Baloda Bazar cement plant (0109),IND,manufacturing,cement,21.63125,82.110036,trace_82.110036_21.63125,owner,NU Vista,100000120891.0,100.0,NU Vista,100000120891,100,real_property_cement-plant,2022-01-01 00:00:00,2022-12-31 00:00:00,2023-11-29 22:49:36.139514,,,{7061}
18656531,Baloda Bazar cement plant (0165),IND,manufacturing,cement,21.545403,81.947803,trace_81.947803_21.545403,owner,UltraTech Cement,100001013730.0,100.0,UltraTech Cement,100001013730,100,real_property_cement-plant,2022-01-01 00:00:00,2022-12-31 00:00:00,2023-11-29 22:49:36.139932,,,{7061}
18656479,Bargarh cement plant,IND,manufacturing,cement,21.372104,83.61546,trace_83.61546_21.372104,owner,ACC,100001013727.0,100.0,ACC,100001013727,100,real_property_cement-plant,2022-01-01 00:00:00,2022-12-31 00:00:00,2023-11-29 22:49:36.139137,,,"{7061,34389,34390,34391,34392}"
18656471,Basantgarh cement plant,IND,manufacturing,cement,24.69062,73.002276,trace_73.002276_24.69062,owner,JK Lakshmi Cement,100001013712.0,100.0,JK Lakshmi Cement,100001013712,100,real_property_cement-plant,2022-01-01 00:00:00,2022-12-31 00:00:00,2023-11-29 22:49:36.139501,,,{7061}
18656477,Basanth Nagar cement plant,IND,manufacturing,cement,18.712203,79.404569,trace_79.404569_18.712203,owner,Kesoram Industries,100001013715.0,100.0,Kesoram Industries,100001013715,100,real_property_cement-plant,2022-01-01 00:00:00,2022-12-31 00:00:00,2023-11-29 22:49:36.138551,,,{7061}
18656517,Beawar cement plant,IND,manufacturing,cement,26.081874,74.380089,trace_74.380089_26.081874,owner,Shree Cement,100000121281.0,100.0,Shree Cement,100000121281,100,real_property_cement-plant,2022-01-01 00:00:00,2022-12-31 00:00:00,2023-11-29 22:49:36.139032,,,{7061}
18656451,Belagavi cement plant,IND,manufacturing,cement,16.204723,75.209295,trace_75.209295_16.204723,owner,Dalmia Bharat Limited,100001019101.0,,Dalmia Cement,100001013706,100,real_property_cement-plant,2022-01-01 00:00:00,2022-12-31 00:00:00,2023-11-29 22:49:36.13824,,,{7061}
18656451,Belagavi cement plant,IND,manufacturing,cement,16.204723,75.209295,trace_75.209295_16.204723,owner,,,,Dalmia Cement,100001013706,100,real_property_cement-plant,2022-01-01 00:00:00,2022-12-31 00:00:00,2023-11-29 22:49:36.138253,,,{7061}
18656518,Benakanahalli cement plant,IND,manufacturing,cement,17.042884,77.221196,trace_77.221196_17.042884,owner,Shree Cement,100000121281.0,100.0,Shree Cement,100000121281,100,real_property_cement-plant,2022-01-01 00:00:00,2022-12-31 00:00:00,2023-11-29 22:49:36.139047,,,{7061}
18656482,Bhilai cement plant (0080),IND,manufacturing,cement,21.239354,81.383196,trace_81.383196_21.239354,owner,ACC,100001013727.0,100.0,ACC,100001013727,100,real_property_cement-plant,2022-01-01 00:00:00,2022-12-31 00:00:00,2023-11-29 22:49:36.139158,,,"{7061,34389,34390,34391,34392}"
18656435,Bokajan cement plant,IND,manufacturing,cement,26.020467,93.766061,trace_93.766061_26.020467,owner,Cement rp Of India,100001013704.0,100.0,Cement rp Of India,100001013704,100,real_property_cement-plant,2022-01-01 00:00:00,2022-12-31 00:00:00,2023-11-29 22:49:36.13939,,,{7061}
18656532,Borkhedi cement plant,IND,manufacturing,cement,24.578516,74.803992,trace_74.803992_24.578516,owner,UltraTech Cement,100001013730.0,100.0,UltraTech Cement,100001013730,100,real_property_cement-plant,2022-01-01 00:00:00,2022-12-31 00:00:00,2023-11-29 22:49:36.139946,,,{7061}
18656525,Budawada cement plant,IND,manufacturing,cement,16.871085,80.021716,trace_80.021716_16.871085,owner,UltraTech Cement,100001013730.0,100.0,UltraTech Cement,100001013730,100,real_property_cement-plant,2022-01-01 00:00:00,2022-12-31 00:00:00,2023-11-29 22:49:36.139302,,,{7061}
18656494,Chandrapur cement plant (0106),IND,manufacturing,cement,19.787467,79.064451,trace_79.064451_19.787467,owner,Murli Industries,100001013717.0,100.0,Murli Industries,100001013717,100,real_property_cement-plant,2022-01-01 00:00:00,2022-12-31 00:00:00,2023-11-29 22:49:36.138592,,,{7061}
18656528,Chandrapur cement plant (0162),IND,manufacturing,cement,19.785699,79.148964,trace_79.148964_19.785699,owner,UltraTech Cement,100001013730.0,100.0,UltraTech Cement,100001013730,100,real_property_cement-plant,2022-01-01 00:00:00,2022-12-31 00:00:00,2023-11-29 22:49:36.139838,,,{7061}
18656504,Chandravancha cement plant,IND,manufacturing,cement,17.296071,77.504923,trace_77.504923_17.296071,owner,Penna Cement Industries,100000121107.0,100.0,Penna Cement Industries,100000121107,100,real_property_cement-plant,2022-01-01 00:00:00,2022-12-31 00:00:00,2023-11-29 22:49:36.138862,,,{7061}
18656542,Chatarsal cement plant,IND,manufacturing,cement,17.303447,77.43615,trace_77.43615_17.303447,owner,Kalburgi Cement Pvt,100001013734.0,100.0,Kalburgi Cement Pvt,100001013734,100,real_property_cement-plant,2022-01-01 00:00:00,2022-12-31 00:00:00,2023-11-29 22:49:36.139599,,,{7061}
18656459,Chilamakuru cement plant,IND,manufacturing,cement,14.665693,78.457835,trace_78.457835_14.665693,owner,India Cements,100001013710.0,100.0,India Cements,100001013710,100,real_property_cement-plant,2022-01-01 00:00:00,2022-12-31 00:00:00,2023-11-29 22:49:36.138314,,,{7061}
18656468,Chittaurgarh cement plant (0058),IND,manufacturing,cement,24.695595,74.684612,trace_74.684612_24.695595,owner,J K Cement,100001013711.0,100.0,J K Cement,100001013711,100,real_property_cement-plant,2022-01-01 00:00:00,2022-12-31 00:00:00,2023-11-29 22:49:36.13841,,,{7061}
18656500,Chittaurgarh cement plant (0113),IND,manufacturing,cement,24.714457,74.670187,trace_74.670187_24.714457,owner,Nuvoco Vistas rporation,100001013719.0,100.0,Nuvoco Vistas rporation,100001013719,100,real_property_cement-plant,2022-01-01 00:00:00,2022-12-31 00:00:00,2023-11-29 22:49:36.139542,,,{7061}
18656432,Chittorgarh cement plant,IND,manufacturing,cement,24.930921,74.634164,trace_74.634164_24.930921,owner,Birla rporation,100001013731.0,100.0,Birla rporation,100001013731,100,real_property_cement-plant,2022-01-01 00:00:00,2022-12-31 00:00:00,2023-11-29 22:49:36.139356,,,{7061}
18656523,Dalla cement plant,IND,manufacturing,cement,24.449401,83.039567,trace_83.039567_24.449401,owner,UltraTech Cement,100001013730.0,100.0,UltraTech Cement,100001013730,100,real_property_cement-plant,2022-01-01 00:00:00,2022-12-31 00:00:00,2023-11-29 22:49:36.139288,,,{7061}
18656489,Darlaghat cement plant,IND,manufacturing,cement,31.258581,76.924968,trace_76.924968_31.258581,owner,Ambuja Cements,100001000639.0,100.0,Ambuja Cements,100001000639,100,real_property_cement-plant,2022-01-01 00:00:00,2022-12-31 00:00:00,2023-11-29 22:49:36.139707,,,{7061}
18656501,Devapur cement plant,IND,manufacturing,cement,19.033435,79.349324,trace_79.349324_19.033435,owner,Orient Cement,100001013720.0,100.0,Orient Cement,100001013720,100,real_property_cement-plant,2022-01-01 00:00:00,2022-12-31 00:00:00,2023-11-29 22:49:36.138848,,,{7061}
18656535,Dhadhesri cement plant,IND,manufacturing,cement,26.606036,73.684448,trace_73.684448_26.606036,owner,UltraTech Cement,100001013730.0,100.0,UltraTech Cement,100001013730,100,real_property_cement-plant,2022-01-01 00:00:00,2022-12-31 00:00:00,2023-11-29 22:49:36.139329,,,{7061}
18656456,Donda Padu cement plant,IND,manufacturing,cement,16.832064,80.036823,trace_80.036823_16.832064,owner,Zuari Cement,100001013729.0,100.0,Zuari Cement,100001013729,100,real_property_cement-plant,2022-01-01 00:00:00,2022-12-31 00:00:00,2023-11-29 22:49:36.139247,,,{7061}
18656446,East Jaintia Hills cement plant (0026),IND,manufacturing,cement,25.19169,92.359261,trace_92.359261_25.19169,owner,Dalmia Bharat Limited,100001019101.0,,Dalmia Cement,100001013706,100,real_property_cement-plant,2022-01-01 00:00:00,2022-12-31 00:00:00,2023-11-29 22:49:36.138116,,,{7061}
18656446,East Jaintia Hills cement plant (0026),IND,manufacturing,cement,25.19169,92.359261,trace_92.359261_25.19169,owner,,,,Dalmia Cement,100001013706,100,real_property_cement-plant,2022-01-01 00:00:00,2022-12-31 00:00:00,2023-11-29 22:49:36.138129,,,{7061}
18656440,Gadchandur cement plant,IND,manufacturing,cement,19.724394,79.176075,trace_79.176075_19.724394,owner,Century Cement,100001013733.0,100.0,Century Cement,100001013733,100,real_property_cement-plant,2022-01-01 00:00:00,2022-12-31 00:00:00,2023-11-29 22:49:36.139433,,,{7061}
18656481,Ghugus cement plant,IND,manufacturing,cement,19.919046,79.113259,trace_79.113259_19.919046,owner,ACC,100001013727.0,100.0,ACC,100001013727,100,real_property_cement-plant,2022-01-01 00:00:00,2022-12-31 00:00:00,2023-11-29 22:49:36.13964,,,"{7061,34389,34390,34391,34392}"
18656488,Gir Somnath cement plant (0086),IND,manufacturing,cement,20.83622,70.69306,trace_70.69306_20.83622,owner,Ambuja Cements,100001000639.0,100.0,Ambuja Cements,100001000639,100,real_property_cement-plant,2022-01-01 00:00:00,2022-12-31 00:00:00,2023-11-29 22:49:36.139693,,,{7061}
18656433,Girgita cement plant,IND,manufacturing,cement,24.254955,80.797654,trace_80.797654_24.254955,owner,RCCPL Pvt,100001013732.0,100.0,RCCPL Pvt,100001013732,100,real_property_cement-plant,2022-01-01 00:00:00,2022-12-31 00:00:00,2023-11-29 22:49:36.139376,,,{7061}
18656450,Govindapuram cement plant (0030),IND,manufacturing,cement,11.182995,79.09975,trace_79.09975_11.182995,owner,Dalmia Bharat Limited,100001019101.0,,Dalmia Cement,100001013706,100,real_property_cement-plant,2022-01-01 00:00:00,2022-12-31 00:00:00,2023-11-29 22:49:36.13821,,,{7061}
18656450,Govindapuram cement plant (0030),IND,manufacturing,cement,11.182995,79.09975,trace_79.09975_11.182995,owner,,,,Dalmia Cement,100001013706,100,real_property_cement-plant,2022-01-01 00:00:00,2022-12-31 00:00:00,2023-11-29 22:49:36.138224,,,{7061}
18656509,Govindapuram cement plant (0131),IND,manufacturing,cement,11.177107,79.08911,trace_79.08911_11.177107,owner,Ramco Cements,100001013722.0,100.0,Ramco Cements,100001013722,100,real_property_cement-plant,2022-01-01 00:00:00,2022-12-31 00:00:00,2023-11-29 22:49:36.138936,,,{7061}
18656516,Gudipadu cement plant,IND,manufacturing,cement,15.075325,77.982725,trace_77.982725_15.075325,owner,Sagar Cements,100001013723.0,100.0,Sagar Cements,100001013723,100,real_property_cement-plant,2022-01-01 00:00:00,2022-12-31 00:00:00,2023-11-29 22:49:36.139018,,,{7061}
18656478,Gulbarga cement plant,IND,manufacturing,cement,17.160018,77.293503,trace_77.293503_17.160018,owner,Kesoram Industries,100001013715.0,100.0,Kesoram Industries,100001013715,100,real_property_cement-plant,2022-01-01 00:00:00,2022-12-31 00:00:00,2023-11-29 22:49:36.138564,,,{7061}
18656502,Itga cement plant,IND,manufacturing,cement,17.108274,77.132457,trace_77.132457_17.108274,owner,Orient Cement,100001013720.0,100.0,Orient Cement,100001013720,100,real_property_cement-plant,2022-01-01 00:00:00,2022-12-31 00:00:00,2023-11-29 22:49:36.139557,,,{7061}
18656541,Jambapuram cement plant,IND,manufacturing,cement,14.586917,78.579757,trace_78.579757_14.586917,owner,Bharathi Cement rp Pvt,100001013725.0,100.0,Bharathi Cement rp Pvt,100001013725,100,real_property_cement-plant,2022-01-01 00:00:00,2022-12-31 00:00:00,2023-11-29 22:49:36.139101,,,{7061}
18656473,Jamdedya cement plant,IND,manufacturing,cement,22.576171,87.309609,trace_87.309609_22.576171,owner,Adarsh Advisory Services Private Limited,100001032082.0,,JSW Cement,100001000531,100,real_property_cement-plant,2022-01-01 00:00:00,2022-12-31 00:00:00,2023-11-29 22:49:36.13848,,,{7061}
18656473,Jamdedya cement plant,IND,manufacturing,cement,22.576171,87.309609,trace_87.309609_22.576171,owner,,,,JSW Cement,100001000531,100,real_property_cement-plant,2022-01-01 00:00:00,2022-12-31 00:00:00,2023-11-29 22:49:36.138493,,,{7061}
18656497,Janjgir-Champa cement plant (0110),IND,manufacturing,cement,21.969431,82.351432,trace_82.351432_21.969431,owner,Nuvoco Vistas rporation,100001013719.0,100.0,Nuvoco Vistas rporation,100001013719,100,real_property_cement-plant,2022-01-01 00:00:00,2022-12-31 00:00:00,2023-11-29 22:49:36.138821,,,{7061}
18656514,Kanchipuram cement plant,IND,manufacturing,cement,12.643418,79.69946,trace_79.69946_12.643418,owner,Ramco Cements,100001013722.0,100.0,Ramco Cements,100001013722,100,real_property_cement-plant,2022-01-01 00:00:00,2022-12-31 00:00:00,2023-11-29 22:49:36.139585,,,{7061}
18656436,Karankote cement plant (0012),IND,manufacturing,cement,17.333482,77.484197,trace_77.484197_17.333482,owner,Cement rp Of India,100001013704.0,100.0,Cement rp Of India,100001013704,100,real_property_cement-plant,2022-01-01 00:00:00,2022-12-31 00:00:00,2023-11-29 22:49:36.138044,,,{7061}
18656460,Karankote cement plant (0048),IND,manufacturing,cement,17.308165,77.474324,trace_77.474324_17.308165,owner,India Cements,100001013710.0,100.0,India Cements,100001013710,100,real_property_cement-plant,2022-01-01 00:00:00,2022-12-31 00:00:00,2023-11-29 22:49:36.138328,,,{7061}
18656443,Karikkali cement plant,IND,manufacturing,cement,10.712664,78.09319,trace_78.09319_10.712664,owner,Chettinad Cement rporation Pvt,100001013705.0,100.0,Chettinad Cement rporation Pvt,100001013705,100,real_property_cement-plant,2022-01-01 00:00:00,2022-12-31 00:00:00,2023-11-29 22:49:36.138072,,,{7061}
18656467,Karthana cement plant,IND,manufacturing,cement,24.642507,74.684476,trace_74.684476_24.642507,owner,J K Cement,100001013711.0,100.0,J K Cement,100001013711,100,real_property_cement-plant,2022-01-01 00:00:00,2022-12-31 00:00:00,2023-11-29 22:49:36.139487,,,{7061}
18656444,Keezhapalur cement plant,IND,manufacturing,cement,11.058644,79.063006,trace_79.063006_11.058644,owner,Chettinad Cement rporation Pvt,100001013705.0,100.0,Chettinad Cement rporation Pvt,100001013705,100,real_property_cement-plant,2022-01-01 00:00:00,2022-12-31 00:00:00,2023-11-29 22:49:36.138086,,,{7061}
18656520,Khapradih cement plant,IND,manufacturing,cement,21.602223,82.041492,trace_82.041492_21.602223,owner,Shree Cement,100000121281.0,100.0,Shree Cement,100000121281,100,real_property_cement-plant,2022-01-01 00:00:00,2022-12-31 00:00:00,2023-11-29 22:49:36.139074,,,{7061}
18656480,Khatehr cement plant,IND,manufacturing,cement,31.413701,76.834892,trace_76.834892_31.413701,owner,ACC,100001013727.0,100.0,ACC,100001013727,100,real_property_cement-plant,2022-01-01 00:00:00,2022-12-31 00:00:00,2023-11-29 22:49:36.139618,,,"{7061,34389,34390,34391,34392}"
18656534,Koojota cement plant,IND,manufacturing,cement,27.668801,76.128894,trace_76.128894_27.668801,owner,UltraTech Cement,100001013730.0,100.0,UltraTech Cement,100001013730,100,real_property_cement-plant,2022-01-01 00:00:00,2022-12-31 00:00:00,2023-11-29 22:49:36.139973,,,{7061}
18656510,Krishna cement plant (0132),IND,manufacturing,cement,16.875719,80.1215,trace_80.1215_16.875719,owner,Ramco Cements,100001013722.0,100.0,Ramco Cements,100001013722,100,real_property_cement-plant,2022-01-01 00:00:00,2022-12-31 00:00:00,2023-11-29 22:49:36.13895,,,{7061}
18656472,Kurnool cement plant (0068),IND,manufacturing,cement,15.686282,78.458991,trace_78.458991_15.686282,owner,Adarsh Advisory Services Private Limited,100001032082.0,,JSW Cement,100001000531,100,real_property_cement-plant,2022-01-01 00:00:00,2022-12-31 00:00:00,2023-11-29 22:49:36.138453,,,{7061}
18656472,Kurnool cement plant (0068),IND,manufacturing,cement,15.686282,78.458991,trace_78.458991_15.686282,owner,,,,JSW Cement,100001000531,100,real_property_cement-plant,2022-01-01 00:00:00,2022-12-31 00:00:00,2023-11-29 22:49:36.138466,,,{7061}
18656507,Kurnool cement plant (0129),IND,manufacturing,cement,15.221793,77.93196,trace_77.93196_15.221793,owner,Rain Cements,100001013721.0,100.0,Rain Cements,100001013721,100,real_property_cement-plant,2022-01-01 00:00:00,2022-12-31 00:00:00,2023-11-29 22:49:36.138903,,,{7061}
18656538,Kutch cement plant (0172),IND,manufacturing,cement,23.42854,68.712812,trace_68.712812_23.42854,owner,UltraTech Cement,100001013730.0,100.0,UltraTech Cement,100001013730,100,real_property_cement-plant,2022-01-01 00:00:00,2022-12-31 00:00:00,2023-11-29 22:49:36.140013,,,{7061}
18656484,Kymore cement plant,IND,manufacturing,cement,24.054744,80.613003,trace_80.613003_24.054744,owner,ACC,100001013727.0,100.0,ACC,100001013727,100,real_property_cement-plant,2022-01-01 00:00:00,2022-12-31 00:00:00,2023-11-29 22:49:36.139197,,,"{7061,34389,34390,34391,34392}"
18656485,Lakheri cement plant,IND,manufacturing,cement,25.670752,76.188927,trace_76.188927_25.670752,owner,ACC,100001013727.0,100.0,ACC,100001013727,100,real_property_cement-plant,2022-01-01 00:00:00,2022-12-31 00:00:00,2023-11-29 22:49:36.13966,,,"{7061,34389,34390,34391,34392}"
18656452,Lebura cement plant,IND,manufacturing,cement,24.670568,83.9891,trace_83.9891_24.670568,owner,Kalyanpur Cements,100001013708.0,100.0,Kalyanpur Cements,100001013708,100,real_property_cement-plant,2022-01-01 00:00:00,2022-12-31 00:00:00,2023-11-29 22:49:36.138267,,,{7061}
18656475,Macherla cement plant,IND,manufacturing,cement,16.468871,79.435689,trace_79.435689_16.468871,owner,KCP,100001013714.0,100.0,KCP,100001013714,100,real_property_cement-plant,2022-01-01 00:00:00,2022-12-31 00:00:00,2023-11-29 22:49:36.138523,,,{7061}
18656524,Madhepur cement plant,IND,manufacturing,cement,24.528559,81.169019,trace_81.169019_24.528559,owner,UltraTech Cement,100001013730.0,100.0,UltraTech Cement,100001013730,100,real_property_cement-plant,2022-01-01 00:00:00,2022-12-31 00:00:00,2023-11-29 22:49:36.139789,,,{7061}
18656486,Madukkarai cement plant,IND,manufacturing,cement,10.906571,76.955751,trace_76.955751_10.906571,owner,ACC,100001013727.0,100.0,ACC,100001013727,100,real_property_cement-plant,2022-01-01 00:00:00,2022-12-31 00:00:00,2023-11-29 22:49:36.139217,,,"{7061,34389,34390,34391,34392}"
18656470,Malpuri Khurd cement plant,IND,manufacturing,cement,21.372294,81.450134,trace_81.450134_21.372294,owner,JK Lakshmi Cement,100001013712.0,100.0,JK Lakshmi Cement,100001013712,100,real_property_cement-plant,2022-01-01 00:00:00,2022-12-31 00:00:00,2023-11-29 22:49:36.138439,,,{7061}
18656511,Mathodu cement plant,IND,manufacturing,cement,13.758783,76.422107,trace_76.422107_13.758783,owner,Ramco Cements,100001013722.0,100.0,Ramco Cements,100001013722,100,real_property_cement-plant,2022-01-01 00:00:00,2022-12-31 00:00:00,2023-11-29 22:49:36.138963,,,{7061}
18656476,Mukteswarapuram cement plant,IND,manufacturing,cement,16.837636,80.063456,trace_80.063456_16.837636,owner,KCP,100001013714.0,100.0,KCP,100001013714,100,real_property_cement-plant,2022-01-01 00:00:00,2022-12-31 00:00:00,2023-11-29 22:49:36.138537,,,{7061}
18656466,Nagaur cement plant,IND,manufacturing,cement,26.644668,73.727432,trace_73.727432_26.644668,owner,J K Cement,100001013711.0,100.0,J K Cement,100001013711,100,real_property_cement-plant,2022-01-01 00:00:00,2022-12-31 00:00:00,2023-11-29 22:49:36.138396,,,{7061}
18656434,Nalgonda cement plant (0008),IND,manufacturing,cement,16.810365,79.917592,trace_79.917592_16.810365,owner,My Home Industries,100001013724.0,100.0,My Home Industries,100001013724,100,real_property_cement-plant,2022-01-01 00:00:00,2022-12-31 00:00:00,2023-11-29 22:49:36.139088,,,{7061}
18656495,Nalgonda cement plant (0107),IND,manufacturing,cement,16.715611,79.817766,trace_79.817766_16.715611,owner,Ncl Industries,100001013718.0,100.0,Ncl Industries,100001013718,100,real_property_cement-plant,2022-01-01 00:00:00,2022-12-31 00:00:00,2023-11-29 22:49:36.138806,,,{7061}
18656515,Nalgonda cement plant (0140),IND,manufacturing,cement,16.766967,79.862794,trace_79.862794_16.766967,owner,Sagar Cements,100001013723.0,100.0,Sagar Cements,100001013723,100,real_property_cement-plant,2022-01-01 00:00:00,2022-12-31 00:00:00,2023-11-29 22:49:36.139005,,,{7061}
18656455,Narsinghgarh cement plant,IND,manufacturing,cement,23.990282,79.392584,trace_79.392584_23.990282,owner,Heidelbergcement India,100001013728.0,100.0,Heidelbergcement India,100001013728,100,real_property_cement-plant,2022-01-01 00:00:00,2022-12-31 00:00:00,2023-11-29 22:49:36.139761,,,{7061}
18656438,Neemuch cement plant,IND,manufacturing,cement,24.540356,74.773539,trace_74.773539_24.540356,owner,Cement rp Of India,100001013704.0,100.0,Cement rp Of India,100001013704,100,real_property_cement-plant,2022-01-01 00:00:00,2022-12-31 00:00:00,2023-11-29 22:49:36.138058,,,{7061}
18656465,Nokla cement plant,IND,manufacturing,cement,23.603059,74.256034,trace_74.256034_23.603059,owner,India Cements,100001013710.0,100.0,India Cements,100001013710,100,real_property_cement-plant,2022-01-01 00:00:00,2022-12-31 00:00:00,2023-11-29 22:49:36.138383,,,{7061}
18656526,Nrupathanga cement plant,IND,manufacturing,cement,17.141011,77.176197,trace_77.176197_17.141011,owner,UltraTech Cement,100001013730.0,100.0,UltraTech Cement,100001013730,100,real_property_cement-plant,2022-01-01 00:00:00,2022-12-31 00:00:00,2023-11-29 22:49:36.139804,,,{7061}
18656490,Pali cement plant (0088),IND,manufacturing,cement,26.29945,74.127123,trace_74.127123_26.29945,owner,Ambuja Cements,100001000639.0,100.0,Ambuja Cements,100001000639,100,real_property_cement-plant,2022-01-01 00:00:00,2022-12-31 00:00:00,2023-11-29 22:49:36.13972,,,{7061}
18656499,Pali cement plant (0112),IND,manufacturing,cement,26.332138,73.847671,trace_73.847671_26.332138,owner,Nuvoco Vistas rporation,100001013719.0,100.0,Nuvoco Vistas rporation,100001013719,100,real_property_cement-plant,2022-01-01 00:00:00,2022-12-31 00:00:00,2023-11-29 22:49:36.138834,,,{7061}
18656519,Pali cement plant (0145),IND,manufacturing,cement,26.268063,74.188744,trace_74.188744_26.268063,owner,Shree Cement,100000121281.0,100.0,Shree Cement,100000121281,100,real_property_cement-plant,2022-01-01 00:00:00,2022-12-31 00:00:00,2023-11-29 22:49:36.139061,,,{7061}
18656522,Patna cement plant (0156),IND,manufacturing,cement,24.327418,81.329448,trace_81.329448_24.327418,owner,UltraTech Cement,100001013730.0,100.0,UltraTech Cement,100001013730,100,real_property_cement-plant,2022-01-01 00:00:00,2022-12-31 00:00:00,2023-11-29 22:49:36.139274,,,{7061}
18656445,Puliyur cement plant,IND,manufacturing,cement,10.937116,78.152888,trace_78.152888_10.937116,owner,Chettinad Cement rporation Pvt,100001013705.0,100.0,Chettinad Cement rporation Pvt,100001013705,100,real_property_cement-plant,2022-01-01 00:00:00,2022-12-31 00:00:00,2023-11-29 22:49:36.138099,,,{7061}
18656437,Rajban cement plant,IND,manufacturing,cement,30.521323,77.661101,trace_77.661101_30.521323,owner,Cement rp Of India,100001013704.0,100.0,Cement rp Of India,100001013704,100,real_property_cement-plant,2022-01-01 00:00:00,2022-12-31 00:00:00,2023-11-29 22:49:36.139405,,,{7061}
18656453,Rajgangpur cement plant,IND,manufacturing,cement,22.201498,84.58922,trace_84.58922_22.201498,owner,OCL India,100001013709.0,100.0,OCL India,100001013709,100,real_property_cement-plant,2022-01-01 00:00:00,2022-12-31 00:00:00,2023-11-29 22:49:36.138287,,,{7061}
18656508,Ramapuram cement plant (0130),IND,manufacturing,cement,16.84395,79.984596,trace_79.984596_16.84395,owner,Rain Cements,100001013721.0,100.0,Rain Cements,100001013721,100,real_property_cement-plant,2022-01-01 00:00:00,2022-12-31 00:00:00,2023-11-29 22:49:36.138922,,,{7061}
18656498,Raseda cement plant,IND,manufacturing,cement,21.73034,82.212864,trace_82.212864_21.73034,owner,Nuvoco Vistas rporation,100001013719.0,100.0,Nuvoco Vistas rporation,100001013719,100,real_property_cement-plant,2022-01-01 00:00:00,2022-12-31 00:00:00,2023-11-29 22:49:36.139528,,,{7061}
18656491,Rawan cement plant (0089),IND,manufacturing,cement,21.672501,82.083805,trace_82.083805_21.672501,owner,Ambuja Cements,100001000639.0,100.0,Ambuja Cements,100001000639,100,real_property_cement-plant,2022-01-01 00:00:00,2022-12-31 00:00:00,2023-11-29 22:49:36.139734,,,{7061}
18656536,Rawan cement plant (0170),IND,manufacturing,cement,21.577059,82.021174,trace_82.021174_21.577059,owner,UltraTech Cement,100001013730.0,100.0,UltraTech Cement,100001013730,100,real_property_cement-plant,2022-01-01 00:00:00,2022-12-31 00:00:00,2023-11-29 22:49:36.139986,,,{7061}
18656537,Reddipalayam cement plant,IND,manufacturing,cement,11.105441,79.172074,trace_79.172074_11.105441,owner,UltraTech Cement,100001013730.0,100.0,UltraTech Cement,100001013730,100,real_property_cement-plant,2022-01-01 00:00:00,2022-12-31 00:00:00,2023-11-29 22:49:36.14,,,{7061}
18656474,Rewa cement plant (0072),IND,manufacturing,cement,24.565587,81.176433,trace_81.176433_24.565587,owner,Jaypee Cement rporation,100001013713.0,100.0,Jaypee Cement rporation,100001013713,100,real_property_cement-plant,2022-01-01 00:00:00,2022-12-31 00:00:00,2023-11-29 22:49:36.138507,,,{7061}
18656441,Sagmaniha cement plant,IND,manufacturing,cement,24.202644,80.799867,trace_80.799867_24.202644,owner,Century Cement,100001013733.0,100.0,Century Cement,100001013733,100,real_property_cement-plant,2022-01-01 00:00:00,2022-12-31 00:00:00,2023-11-29 22:49:36.139446,,,{7061}
18656442,Sangam K cement plant,IND,manufacturing,cement,17.370099,77.445669,trace_77.445669_17.370099,owner,Chettinad Cement rporation Pvt,100001013705.0,100.0,Chettinad Cement rporation Pvt,100001013705,100,real_property_cement-plant,2022-01-01 00:00:00,2022-12-31 00:00:00,2023-11-29 22:49:36.13946,,,{7061}
18656461,Sankari West cement plant,IND,manufacturing,cement,11.454468,77.828686,trace_77.828686_11.454468,owner,India Cements,100001013710.0,100.0,India Cements,100001013710,100,real_property_cement-plant,2022-01-01 00:00:00,2022-12-31 00:00:00,2023-11-29 22:49:36.138341,,,{7061}
18656462,Sankarnagar cement plant,IND,manufacturing,cement,8.78885,77.730918,trace_77.730918_8.78885,owner,India Cements,100001013710.0,100.0,India Cements,100001013710,100,real_property_cement-plant,2022-01-01 00:00:00,2022-12-31 00:00:00,2023-11-29 22:49:36.138355,,,{7061}
18656431,Satna cement plant,IND,manufacturing,cement,24.595585,80.858324,trace_80.858324_24.595585,owner,Birla rporation,100001013731.0,100.0,Birla rporation,100001013731,100,real_property_cement-plant,2022-01-01 00:00:00,2022-12-31 00:00:00,2023-11-29 22:49:36.139342,,,{7061}
18656543,Sikka cement plant,IND,manufacturing,cement,22.429021,69.834138,trace_69.834138_22.429021,owner,Shree Digvijay Cement,100001013726.0,100.0,Shree Digvijay Cement,100001013726,100,real_property_cement-plant,2022-01-01 00:00:00,2022-12-31 00:00:00,2023-11-29 22:49:36.139117,,,{7061}
18656521,Sirohi cement plant,IND,manufacturing,cement,24.82232,73.093914,trace_73.093914_24.82232,owner,Binani Cement,100001013735.0,100.0,Binani Cement,100001013735,100,real_property_cement-plant,2022-01-01 00:00:00,2022-12-31 00:00:00,2023-11-29 22:49:36.139775,,,{7061}
18656539,Solan cement plant (0173),IND,manufacturing,cement,31.3282,76.894259,trace_76.894259_31.3282,owner,UltraTech Cement,100001013730.0,100.0,UltraTech Cement,100001013730,100,real_property_cement-plant,2022-01-01 00:00:00,2022-12-31 00:00:00,2023-11-29 22:49:36.140027,,,{7061}
18656492,Sonapur cement plant,IND,manufacturing,cement,19.703919,79.220306,trace_79.220306_19.703919,owner,Ambuja Cements,100001000639.0,100.0,Ambuja Cements,100001000639,100,real_property_cement-plant,2022-01-01 00:00:00,2022-12-31 00:00:00,2023-11-29 22:49:36.139748,,,{7061}
18656503,Talaricheruvu cement plant,IND,manufacturing,cement,14.951422,78.075824,trace_78.075824_14.951422,owner,Penna Cement Industries,100000121107.0,100.0,Penna Cement Industries,100000121107,100,real_property_cement-plant,2022-01-01 00:00:00,2022-12-31 00:00:00,2023-11-29 22:49:36.139571,,,{7061}
18656449,Tiruchirappalli cement plant,IND,manufacturing,cement,10.968101,78.947252,trace_78.947252_10.968101,owner,Dalmia Bharat Limited,100001019101.0,,Dalmia Cement,100001013706,100,real_property_cement-plant,2022-01-01 00:00:00,2022-12-31 00:00:00,2023-11-29 22:49:36.138184,,,{7061}
18656449,Tiruchirappalli cement plant,IND,manufacturing,cement,10.968101,78.947252,trace_78.947252_10.968101,owner,,,,Dalmia Cement,100001013706,100,real_property_cement-plant,2022-01-01 00:00:00,2022-12-31 00:00:00,2023-11-29 22:49:36.138197,,,{7061}
18656540,Tonki cement plant,IND,manufacturing,cement,22.266143,75.131695,trace_75.131695_22.266143,owner,UltraTech Cement,100001013730.0,100.0,UltraTech Cement,100001013730,100,real_property_cement-plant,2022-01-01 00:00:00,2022-12-31 00:00:00,2023-11-29 22:49:36.140042,,,{7061}
18656513,Tulukkapatti cement plant,IND,manufacturing,cement,9.455703,77.927796,trace_77.927796_9.455703,owner,Ramco Cements,100001013722.0,100.0,Ramco Cements,100001013722,100,real_property_cement-plant,2022-01-01 00:00:00,2022-12-31 00:00:00,2023-11-29 22:49:36.138991,,,{7061}
18656454,Tumkur cement plant,IND,manufacturing,cement,13.27022,76.723122,trace_76.723122_13.27022,owner,Heidelbergcement India,100001013728.0,100.0,Heidelbergcement India,100001013728,100,real_property_cement-plant,2022-01-01 00:00:00,2022-12-31 00:00:00,2023-11-29 22:49:36.139233,,,{7061}
18656463,Wadapally cement plant (0051),IND,manufacturing,cement,16.696363,79.648627,trace_79.648627_16.696363,owner,India Cements,100001013710.0,100.0,India Cements,100001013710,100,real_property_cement-plant,2022-01-01 00:00:00,2022-12-31 00:00:00,2023-11-29 22:49:36.139474,,,{7061}
18656506,Wadapally cement plant (0126),IND,manufacturing,cement,16.718672,79.694801,trace_79.694801_16.718672,owner,Penna Cement Industries,100000121107.0,100.0,Penna Cement Industries,100000121107,100,real_property_cement-plant,2022-01-01 00:00:00,2022-12-31 00:00:00,2023-11-29 22:49:36.138889,,,{7061}
18656487,Wadi cement plant,IND,manufacturing,cement,17.062828,76.978304,trace_76.978304_17.062828,owner,ACC,100001013727.0,100.0,ACC,100001013727,100,real_property_cement-plant,2022-01-01 00:00:00,2022-12-31 00:00:00,2023-11-29 22:49:36.139679,,,"{7061,34389,34390,34391,34392}"
18656493,Walayar cement plant,IND,manufacturing,cement,10.848197,76.835789,trace_76.835789_10.848197,owner,Malabar Cements,100001013716.0,100.0,Malabar Cements,100001013716,100,real_property_cement-plant,2022-01-01 00:00:00,2022-12-31 00:00:00,2023-11-29 22:49:36.138578,,,{7061}
18656483,West Singhbhum cement plant,IND,manufacturing,cement,22.424461,85.753248,trace_85.753248_22.424461,owner,ACC,100001013727.0,100.0,ACC,100001013727,100,real_property_cement-plant,2022-01-01 00:00:00,2022-12-31 00:00:00,2023-11-29 22:49:36.139178,,,"{7061,34389,34390,34391,34392}"
18656448,YSR District cement plant (0028),IND,manufacturing,cement,14.932014,78.339902,trace_78.339902_14.932014,owner,Dalmia Bharat Limited,100001019101.0,,Dalmia Cement,100001013706,100,real_property_cement-plant,2022-01-01 00:00:00,2022-12-31 00:00:00,2023-11-29 22:49:36.138157,,,{7061}
18656448,YSR District cement plant (0028),IND,manufacturing,cement,14.932014,78.339902,trace_78.339902_14.932014,owner,,,,Dalmia Cement,100001013706,100,real_property_cement-plant,2022-01-01 00:00:00,2022-12-31 00:00:00,2023-11-29 22:49:36.13817,,,{7061}
18656457,YSR District cement plant (0042),IND,manufacturing,cement,14.60521,78.522478,trace_78.522478_14.60521,owner,Zuari Cement,100001013729.0,100.0,Zuari Cement,100001013729,100,real_property_cement-plant,2022-01-01 00:00:00,2022-12-31 00:00:00,2023-11-29 22:49:36.13926,,,{7061}
18656464,YSR District cement plant (0052),IND,manufacturing,cement,14.642947,78.528902,trace_78.528902_14.642947,owner,India Cements,100001013710.0,100.0,India Cements,100001013710,100,real_property_cement-plant,2022-01-01 00:00:00,2022-12-31 00:00:00,2023-11-29 22:49:36.138369,,,{7061}
18656447,cement plant,IND,manufacturing,cement,25.512145,92.764963,trace_92.764963_25.512145,owner,Calcom Cement India,100001013707.0,100.0,Calcom Cement India,100001013707,100,real_property_cement-plant,2022-01-01 00:00:00,2022-12-31 00:00:00,2023-11-29 22:49:36.138143,,,{7061}
