iso3_country,sector,subsector,start_time,end_time,gas,emissions_quantity,emissions_quantity_units,temporal_granularity,created_date,modified_date
IND,manufacturing,chemicals,2015-01-01 00:00:00,2015-12-31 00:00:00,ch4,0,tonnes,annual,2023-10-12 17:27:07.3315,
IND,manufacturing,chemicals,2015-01-01 00:00:00,2015-12-31 00:00:00,co2,37425219,tonnes,annual,2023-10-12 17:27:07.33149,
IND,manufacturing,chemicals,2015-01-01 00:00:00,2015-12-31 00:00:00,co2e_100yr,37425219,tonnes,annual,2023-10-12 17:27:07.331512,
IND,manufacturing,chemicals,2015-01-01 00:00:00,2015-12-31 00:00:00,co2e_20yr,37425219,tonnes,annual,2023-10-12 17:27:07.331518,
IND,manufacturing,chemicals,2015-01-01 00:00:00,2015-12-31 00:00:00,n2o,0,tonnes,annual,2023-10-12 17:27:07.331506,
IND,manufacturing,chemicals,2016-01-01 00:00:00,2016-12-31 00:00:00,ch4,0,tonnes,annual,2023-10-12 17:27:07.462153,
IND,manufacturing,chemicals,2016-01-01 00:00:00,2016-12-31 00:00:00,co2,38468324,tonnes,annual,2023-10-12 17:27:07.462146,
IND,manufacturing,chemicals,2016-01-01 00:00:00,2016-12-31 00:00:00,co2e_100yr,38468324,tonnes,annual,2023-10-12 17:27:07.462164,
IND,manufacturing,chemicals,2016-01-01 00:00:00,2016-12-31 00:00:00,co2e_20yr,38468324,tonnes,annual,2023-10-12 17:27:07.46217,
IND,manufacturing,chemicals,2016-01-01 00:00:00,2016-12-31 00:00:00,n2o,0,tonnes,annual,2023-10-12 17:27:07.462158,
IND,manufacturing,chemicals,2017-01-01 00:00:00,2017-12-31 00:00:00,ch4,0,tonnes,annual,2023-10-12 17:27:07.58694,
IND,manufacturing,chemicals,2017-01-01 00:00:00,2017-12-31 00:00:00,co2,38593320,tonnes,annual,2023-10-12 17:27:07.586933,
IND,manufacturing,chemicals,2017-01-01 00:00:00,2017-12-31 00:00:00,co2e_100yr,38593320,tonnes,annual,2023-10-12 17:27:07.586951,
IND,manufacturing,chemicals,2017-01-01 00:00:00,2017-12-31 00:00:00,co2e_20yr,38593320,tonnes,annual,2023-10-12 17:27:07.586957,
IND,manufacturing,chemicals,2017-01-01 00:00:00,2017-12-31 00:00:00,n2o,0,tonnes,annual,2023-10-12 17:27:07.586945,
IND,manufacturing,chemicals,2018-01-01 00:00:00,2018-12-31 00:00:00,ch4,0,tonnes,annual,2023-10-12 17:27:07.721965,
IND,manufacturing,chemicals,2018-01-01 00:00:00,2018-12-31 00:00:00,co2,39386155,tonnes,annual,2023-10-12 17:27:07.721957,
IND,manufacturing,chemicals,2018-01-01 00:00:00,2018-12-31 00:00:00,co2e_100yr,39386155,tonnes,annual,2023-10-12 17:27:07.721977,
IND,manufacturing,chemicals,2018-01-01 00:00:00,2018-12-31 00:00:00,co2e_20yr,39386155,tonnes,annual,2023-10-12 17:27:07.721983,
IND,manufacturing,chemicals,2018-01-01 00:00:00,2018-12-31 00:00:00,n2o,0,tonnes,annual,2023-10-12 17:27:07.72197,
IND,manufacturing,chemicals,2019-01-01 00:00:00,2019-12-31 00:00:00,ch4,0,tonnes,annual,2023-10-12 17:27:07.857506,
IND,manufacturing,chemicals,2019-01-01 00:00:00,2019-12-31 00:00:00,co2,39636063,tonnes,annual,2023-10-12 17:27:07.857499,
IND,manufacturing,chemicals,2019-01-01 00:00:00,2019-12-31 00:00:00,co2e_100yr,39636063,tonnes,annual,2023-10-12 17:27:07.857518,
IND,manufacturing,chemicals,2019-01-01 00:00:00,2019-12-31 00:00:00,co2e_20yr,39636063,tonnes,annual,2023-10-12 17:27:07.857524,
IND,manufacturing,chemicals,2019-01-01 00:00:00,2019-12-31 00:00:00,n2o,0,tonnes,annual,2023-10-12 17:27:07.857512,
IND,manufacturing,chemicals,2020-01-01 00:00:00,2020-12-31 00:00:00,ch4,0,tonnes,annual,2023-10-12 17:27:07.985985,
IND,manufacturing,chemicals,2020-01-01 00:00:00,2020-12-31 00:00:00,co2,37471271,tonnes,annual,2023-10-12 17:27:07.985976,
IND,manufacturing,chemicals,2020-01-01 00:00:00,2020-12-31 00:00:00,co2e_100yr,37471271,tonnes,annual,2023-10-12 17:27:07.985999,
IND,manufacturing,chemicals,2020-01-01 00:00:00,2020-12-31 00:00:00,co2e_20yr,37471271,tonnes,annual,2023-10-12 17:27:07.986005,
IND,manufacturing,chemicals,2020-01-01 00:00:00,2020-12-31 00:00:00,n2o,0,tonnes,annual,2023-10-12 17:27:07.985993,
IND,manufacturing,chemicals,2021-01-01 00:00:00,2021-12-31 00:00:00,ch4,0,tonnes,annual,2023-10-12 17:27:08.111295,
IND,manufacturing,chemicals,2021-01-01 00:00:00,2021-12-31 00:00:00,co2,40676685,tonnes,annual,2023-10-12 17:27:08.111286,
IND,manufacturing,chemicals,2021-01-01 00:00:00,2021-12-31 00:00:00,co2e_100yr,40676685,tonnes,annual,2023-10-12 17:27:08.111309,
IND,manufacturing,chemicals,2021-01-01 00:00:00,2021-12-31 00:00:00,co2e_20yr,40676685,tonnes,annual,2023-10-12 17:27:08.111317,
IND,manufacturing,chemicals,2021-01-01 00:00:00,2021-12-31 00:00:00,n2o,0,tonnes,annual,2023-10-12 17:27:08.111302,
IND,manufacturing,chemicals,2022-01-01 00:00:00,2022-12-31 00:00:00,ch4,0,tonnes,annual,2023-10-12 17:27:08.23192,
IND,manufacturing,chemicals,2022-01-01 00:00:00,2022-12-31 00:00:00,co2,40676685,tonnes,annual,2023-10-12 17:27:08.231912,2023-10-18 13:44:20.102924
IND,manufacturing,chemicals,2022-01-01 00:00:00,2022-12-31 00:00:00,co2e_100yr,40676685,tonnes,annual,2023-10-12 17:27:08.231931,2023-10-18 13:44:20.102924
IND,manufacturing,chemicals,2022-01-01 00:00:00,2022-12-31 00:00:00,co2e_20yr,40676685,tonnes,annual,2023-10-12 17:27:08.231937,2023-10-18 13:44:20.102924
IND,manufacturing,chemicals,2022-01-01 00:00:00,2022-12-31 00:00:00,n2o,0,tonnes,annual,2023-10-12 17:27:08.231925,
IND,manufacturing,chemicals,2023-01-01 00:00:00,2023-12-31 00:00:00,ch4,0,tonnes,annual,2023-10-12 17:27:08.500174,
IND,manufacturing,chemicals,2023-01-01 00:00:00,2023-12-31 00:00:00,co2,791648,tonnes,annual,2023-10-12 17:27:08.500166,
IND,manufacturing,chemicals,2023-01-01 00:00:00,2023-12-31 00:00:00,co2e_100yr,791648,tonnes,annual,2023-10-12 17:27:08.500186,
IND,manufacturing,chemicals,2023-01-01 00:00:00,2023-12-31 00:00:00,co2e_20yr,791648,tonnes,annual,2023-10-12 17:27:08.500198,
IND,manufacturing,chemicals,2023-01-01 00:00:00,2023-12-31 00:00:00,n2o,0,tonnes,annual,2023-10-12 17:27:08.50018,
