iso3_country,sector,subsector,start_time,end_time,gas,emissions_quantity,emissions_quantity_units,temporal_granularity,created_date,modified_date
IND,manufacturing,petrochemicals,2015-01-01 00:00:00,2015-12-31 00:00:00,ch4,20948.7135,tonnes,annual,2023-11-13 18:37:04.052273,
IND,manufacturing,petrochemicals,2015-01-01 00:00:00,2015-12-31 00:00:00,co2,6075126.914,tonnes,annual,2023-11-13 18:37:04.052264,
IND,manufacturing,petrochemicals,2015-01-01 00:00:00,2015-12-31 00:00:00,co2e_100yr,6680311.971,tonnes,annual,2023-11-13 18:37:04.052292,
IND,manufacturing,petrochemicals,2015-01-01 00:00:00,2015-12-31 00:00:00,co2e_20yr,7797576.691,tonnes,annual,2023-11-13 18:37:04.0523,
IND,manufacturing,petrochemicals,2015-01-01 00:00:00,2015-12-31 00:00:00,n2o,,tonnes,annual,2023-11-13 18:37:04.052284,
IND,manufacturing,petrochemicals,2016-01-01 00:00:00,2016-12-31 00:00:00,ch4,22955.4875,tonnes,annual,2023-11-13 18:37:04.07089,
IND,manufacturing,petrochemicals,2016-01-01 00:00:00,2016-12-31 00:00:00,co2,6657091.375,tonnes,annual,2023-11-13 18:37:04.07088,
IND,manufacturing,petrochemicals,2016-01-01 00:00:00,2016-12-31 00:00:00,co2e_100yr,7320249.903,tonnes,annual,2023-11-13 18:37:04.070909,
IND,manufacturing,petrochemicals,2016-01-01 00:00:00,2016-12-31 00:00:00,co2e_20yr,8544542.57,tonnes,annual,2023-11-13 18:37:04.070916,
IND,manufacturing,petrochemicals,2016-01-01 00:00:00,2016-12-31 00:00:00,n2o,,tonnes,annual,2023-11-13 18:37:04.0709,
IND,manufacturing,petrochemicals,2017-01-01 00:00:00,2017-12-31 00:00:00,ch4,24245.38739,tonnes,annual,2023-11-13 18:37:04.089663,
IND,manufacturing,petrochemicals,2017-01-01 00:00:00,2017-12-31 00:00:00,co2,7031162.344,tonnes,annual,2023-11-13 18:37:04.089653,
IND,manufacturing,petrochemicals,2017-01-01 00:00:00,2017-12-31 00:00:00,co2e_100yr,7731584.646,tonnes,annual,2023-11-13 18:37:04.089681,
IND,manufacturing,petrochemicals,2017-01-01 00:00:00,2017-12-31 00:00:00,co2e_20yr,9024671.974,tonnes,annual,2023-11-13 18:37:04.089689,
IND,manufacturing,petrochemicals,2017-01-01 00:00:00,2017-12-31 00:00:00,n2o,,tonnes,annual,2023-11-13 18:37:04.089673,
IND,manufacturing,petrochemicals,2018-01-01 00:00:00,2018-12-31 00:00:00,ch4,26770.63798,tonnes,annual,2023-11-13 18:37:04.109182,
IND,manufacturing,petrochemicals,2018-01-01 00:00:00,2018-12-31 00:00:00,co2,7763485.014,tonnes,annual,2023-11-13 18:37:04.109172,
IND,manufacturing,petrochemicals,2018-01-01 00:00:00,2018-12-31 00:00:00,co2e_100yr,8536859.0,tonnes,annual,2023-11-13 18:37:04.109201,
IND,manufacturing,petrochemicals,2018-01-01 00:00:00,2018-12-31 00:00:00,co2e_20yr,9964626.359,tonnes,annual,2023-11-13 18:37:04.109214,
IND,manufacturing,petrochemicals,2018-01-01 00:00:00,2018-12-31 00:00:00,n2o,,tonnes,annual,2023-11-13 18:37:04.109193,
IND,manufacturing,petrochemicals,2019-01-01 00:00:00,2019-12-31 00:00:00,ch4,28143.14545,tonnes,annual,2023-11-13 18:37:04.127598,
IND,manufacturing,petrochemicals,2019-01-01 00:00:00,2019-12-31 00:00:00,co2,8161512.181,tonnes,annual,2023-11-13 18:37:04.127589,
IND,manufacturing,petrochemicals,2019-01-01 00:00:00,2019-12-31 00:00:00,co2e_100yr,8974536.382,tonnes,annual,2023-11-13 18:37:04.127616,
IND,manufacturing,petrochemicals,2019-01-01 00:00:00,2019-12-31 00:00:00,co2e_20yr,10475504.14,tonnes,annual,2023-11-13 18:37:04.127624,
IND,manufacturing,petrochemicals,2019-01-01 00:00:00,2019-12-31 00:00:00,n2o,,tonnes,annual,2023-11-13 18:37:04.127608,
IND,manufacturing,petrochemicals,2020-01-01 00:00:00,2020-12-31 00:00:00,ch4,28992.31404,tonnes,annual,2023-11-13 18:37:04.146953,
IND,manufacturing,petrochemicals,2020-01-01 00:00:00,2020-12-31 00:00:00,co2,8407771.072,tonnes,annual,2023-11-13 18:37:04.146943,
IND,manufacturing,petrochemicals,2020-01-01 00:00:00,2020-12-31 00:00:00,co2e_100yr,9245326.811,tonnes,annual,2023-11-13 18:37:04.146972,
IND,manufacturing,petrochemicals,2020-01-01 00:00:00,2020-12-31 00:00:00,co2e_20yr,10791583.56,tonnes,annual,2023-11-13 18:37:04.146979,
IND,manufacturing,petrochemicals,2020-01-01 00:00:00,2020-12-31 00:00:00,n2o,,tonnes,annual,2023-11-13 18:37:04.146963,
IND,manufacturing,petrochemicals,2021-01-01 00:00:00,2021-12-31 00:00:00,ch4,28945.35,tonnes,annual,2023-11-13 18:37:04.16766,
IND,manufacturing,petrochemicals,2021-01-01 00:00:00,2021-12-31 00:00:00,co2,8394151.5,tonnes,annual,2023-11-13 18:37:04.16765,
IND,manufacturing,petrochemicals,2021-01-01 00:00:00,2021-12-31 00:00:00,co2e_100yr,9230350.5,tonnes,annual,2023-11-13 18:37:04.167679,
IND,manufacturing,petrochemicals,2021-01-01 00:00:00,2021-12-31 00:00:00,co2e_20yr,10774102.5,tonnes,annual,2023-11-13 18:37:04.167687,
IND,manufacturing,petrochemicals,2021-01-01 00:00:00,2021-12-31 00:00:00,n2o,,tonnes,annual,2023-11-13 18:37:04.167671,
IND,manufacturing,petrochemicals,2022-01-01 00:00:00,2022-12-31 00:00:00,ch4,28710.0113,tonnes,annual,2023-11-13 18:37:04.186415,
IND,manufacturing,petrochemicals,2022-01-01 00:00:00,2022-12-31 00:00:00,co2,8325903.277,tonnes,annual,2023-11-13 18:37:04.186406,
IND,manufacturing,petrochemicals,2022-01-01 00:00:00,2022-12-31 00:00:00,co2e_100yr,9155303.604,tonnes,annual,2023-11-13 18:37:04.186434,
IND,manufacturing,petrochemicals,2022-01-01 00:00:00,2022-12-31 00:00:00,co2e_20yr,10686504.21,tonnes,annual,2023-11-13 18:37:04.186441,
IND,manufacturing,petrochemicals,2022-01-01 00:00:00,2022-12-31 00:00:00,n2o,,tonnes,annual,2023-11-13 18:37:04.186426,
