iso3_country,sector,subsector,start_time,end_time,gas,emissions_quantity,emissions_quantity_units,temporal_granularity,created_date,modified_date
IND,manufacturing,pulp-and-paper,2015-01-01 00:00:00,2015-12-31 00:00:00,ch4,,tonnes,annual,2023-10-11 18:24:11.798462,
IND,manufacturing,pulp-and-paper,2015-01-01 00:00:00,2015-12-31 00:00:00,co2,1460808.0,tonnes,annual,2023-10-11 18:24:11.798448,2023-11-03 11:49:10.951665
IND,manufacturing,pulp-and-paper,2015-01-01 00:00:00,2015-12-31 00:00:00,co2e_100yr,1460808.0,tonnes,annual,2023-10-11 18:24:11.798485,2023-11-03 11:49:10.951665
IND,manufacturing,pulp-and-paper,2015-01-01 00:00:00,2015-12-31 00:00:00,co2e_20yr,1460808.0,tonnes,annual,2023-10-11 18:24:11.798493,2023-11-03 11:49:10.951665
IND,manufacturing,pulp-and-paper,2015-01-01 00:00:00,2015-12-31 00:00:00,n2o,,tonnes,annual,2023-10-11 18:24:11.798476,
IND,manufacturing,pulp-and-paper,2016-01-01 00:00:00,2016-12-31 00:00:00,ch4,,tonnes,annual,2023-10-11 18:24:11.956441,
IND,manufacturing,pulp-and-paper,2016-01-01 00:00:00,2016-12-31 00:00:00,co2,1402711.0,tonnes,annual,2023-10-11 18:24:11.956429,2023-11-03 11:49:13.091317
IND,manufacturing,pulp-and-paper,2016-01-01 00:00:00,2016-12-31 00:00:00,co2e_100yr,1402711.0,tonnes,annual,2023-10-11 18:24:11.956458,2023-11-03 11:49:13.091317
IND,manufacturing,pulp-and-paper,2016-01-01 00:00:00,2016-12-31 00:00:00,co2e_20yr,1402711.0,tonnes,annual,2023-10-11 18:24:11.956466,2023-11-03 11:49:13.091317
IND,manufacturing,pulp-and-paper,2016-01-01 00:00:00,2016-12-31 00:00:00,n2o,,tonnes,annual,2023-10-11 18:24:11.95645,
IND,manufacturing,pulp-and-paper,2017-01-01 00:00:00,2017-12-31 00:00:00,ch4,,tonnes,annual,2023-10-11 18:24:12.118917,
IND,manufacturing,pulp-and-paper,2017-01-01 00:00:00,2017-12-31 00:00:00,co2,1402711.0,tonnes,annual,2023-10-11 18:24:12.118904,2023-11-03 11:49:13.218241
IND,manufacturing,pulp-and-paper,2017-01-01 00:00:00,2017-12-31 00:00:00,co2e_100yr,1402711.0,tonnes,annual,2023-10-11 18:24:12.118934,2023-11-03 11:49:13.218241
IND,manufacturing,pulp-and-paper,2017-01-01 00:00:00,2017-12-31 00:00:00,co2e_20yr,1402711.0,tonnes,annual,2023-10-11 18:24:12.118941,2023-11-03 11:49:13.218241
IND,manufacturing,pulp-and-paper,2017-01-01 00:00:00,2017-12-31 00:00:00,n2o,,tonnes,annual,2023-10-11 18:24:12.118925,
IND,manufacturing,pulp-and-paper,2018-01-01 00:00:00,2018-12-31 00:00:00,ch4,,tonnes,annual,2023-10-11 18:24:12.284596,
IND,manufacturing,pulp-and-paper,2018-01-01 00:00:00,2018-12-31 00:00:00,co2,1402711.0,tonnes,annual,2023-10-11 18:24:12.284583,2023-11-03 11:49:13.277029
IND,manufacturing,pulp-and-paper,2018-01-01 00:00:00,2018-12-31 00:00:00,co2e_100yr,1402711.0,tonnes,annual,2023-10-11 18:24:12.284614,2023-11-03 11:49:13.277029
IND,manufacturing,pulp-and-paper,2018-01-01 00:00:00,2018-12-31 00:00:00,co2e_20yr,1402711.0,tonnes,annual,2023-10-11 18:24:12.284622,2023-11-03 11:49:13.277029
IND,manufacturing,pulp-and-paper,2018-01-01 00:00:00,2018-12-31 00:00:00,n2o,,tonnes,annual,2023-10-11 18:24:12.284605,
IND,manufacturing,pulp-and-paper,2019-01-01 00:00:00,2019-12-31 00:00:00,ch4,,tonnes,annual,2023-10-11 18:24:12.477579,
IND,manufacturing,pulp-and-paper,2019-01-01 00:00:00,2019-12-31 00:00:00,co2,1402711.0,tonnes,annual,2023-10-11 18:24:12.477556,2023-11-03 11:49:13.334868
IND,manufacturing,pulp-and-paper,2019-01-01 00:00:00,2019-12-31 00:00:00,co2e_100yr,1402711.0,tonnes,annual,2023-10-11 18:24:12.477609,2023-11-03 11:49:13.334868
IND,manufacturing,pulp-and-paper,2019-01-01 00:00:00,2019-12-31 00:00:00,co2e_20yr,1402711.0,tonnes,annual,2023-10-11 18:24:12.477622,2023-11-03 11:49:13.334868
IND,manufacturing,pulp-and-paper,2019-01-01 00:00:00,2019-12-31 00:00:00,n2o,,tonnes,annual,2023-10-11 18:24:12.477594,
IND,manufacturing,pulp-and-paper,2020-01-01 00:00:00,2020-12-31 00:00:00,ch4,,tonnes,annual,2023-10-11 18:24:12.654566,
IND,manufacturing,pulp-and-paper,2020-01-01 00:00:00,2020-12-31 00:00:00,co2,1402711.0,tonnes,annual,2023-10-11 18:24:12.654545,2023-11-03 11:49:13.392397
IND,manufacturing,pulp-and-paper,2020-01-01 00:00:00,2020-12-31 00:00:00,co2e_100yr,1402711.0,tonnes,annual,2023-10-11 18:24:12.654593,2023-11-03 11:49:13.392397
IND,manufacturing,pulp-and-paper,2020-01-01 00:00:00,2020-12-31 00:00:00,co2e_20yr,1402711.0,tonnes,annual,2023-10-11 18:24:12.654605,2023-11-03 11:49:13.392397
IND,manufacturing,pulp-and-paper,2020-01-01 00:00:00,2020-12-31 00:00:00,n2o,,tonnes,annual,2023-10-11 18:24:12.654579,
IND,manufacturing,pulp-and-paper,2021-01-01 00:00:00,2021-12-31 00:00:00,ch4,,tonnes,annual,2023-10-11 18:24:12.809129,
IND,manufacturing,pulp-and-paper,2021-01-01 00:00:00,2021-12-31 00:00:00,co2,1402711.0,tonnes,annual,2023-10-11 18:24:12.809117,2023-11-03 11:49:13.508903
IND,manufacturing,pulp-and-paper,2021-01-01 00:00:00,2021-12-31 00:00:00,co2e_100yr,1402711.0,tonnes,annual,2023-10-11 18:24:12.809146,2023-11-03 11:49:13.508903
IND,manufacturing,pulp-and-paper,2021-01-01 00:00:00,2021-12-31 00:00:00,co2e_20yr,1402711.0,tonnes,annual,2023-10-11 18:24:12.809153,2023-11-03 11:49:13.508903
IND,manufacturing,pulp-and-paper,2021-01-01 00:00:00,2021-12-31 00:00:00,n2o,,tonnes,annual,2023-10-11 18:24:12.809138,
IND,manufacturing,pulp-and-paper,2022-01-01 00:00:00,2022-12-31 00:00:00,ch4,,tonnes,annual,2023-10-11 18:24:12.975112,
IND,manufacturing,pulp-and-paper,2022-01-01 00:00:00,2022-12-31 00:00:00,co2,1402711.0,tonnes,annual,2023-10-11 18:24:12.975099,2023-11-03 11:49:13.566908
IND,manufacturing,pulp-and-paper,2022-01-01 00:00:00,2022-12-31 00:00:00,co2e_100yr,1402711.0,tonnes,annual,2023-10-11 18:24:12.975131,2023-11-03 11:49:13.566908
IND,manufacturing,pulp-and-paper,2022-01-01 00:00:00,2022-12-31 00:00:00,co2e_20yr,1402711.0,tonnes,annual,2023-10-11 18:24:12.975139,2023-11-03 11:49:13.566908
IND,manufacturing,pulp-and-paper,2022-01-01 00:00:00,2022-12-31 00:00:00,n2o,,tonnes,annual,2023-10-11 18:24:12.975122,
