reference_id,url,recency,created_date,modified_date
15026,https://www.gem.wiki/Tata_Steel_Kalinganagar_steel_plant/,,2023-11-29 23:44:19.953269,
15032,https://www.gem.wiki/JSW_BPSL_Odisha_steel_plant/,,2023-11-29 23:44:19.953315,
15041,https://www.gem.wiki/JSW_Bengal_Steel_Salboni_plant/,,2023-11-29 23:44:19.953388,
15025,https://www.gem.wiki/Jindal_Stainless_Odisha_steel_plant/,,2023-11-29 23:44:19.953261,
15015,https://www.gem.wiki/JSPL_Jharkhand_steel_plant/,,2023-11-29 23:44:19.953184,
15001,https://www.gem.wiki/Prakash_Industries_steel_plant/,,2023-11-29 23:44:19.953077,
15009,https://www.gem.wiki/Tata_Steel_Rohtak_steel_plant/,,2023-11-29 23:44:19.953138,
15021,https://www.gem.wiki/Jayaswal_Neco_Industries_Nagpur_steel_plant/,,2023-11-29 23:44:19.953229,
14999,https://www.gem.wiki/Vizag_Steel_plant/,,2023-11-29 23:44:19.953062,
15014,https://www.gem.wiki/Tata_Steel_Long_Products_steel_plant/,,2023-11-29 23:44:19.953176,
15036,https://www.gem.wiki/SAIL_Alloy_Steel_Plant/,,2023-11-29 23:44:19.953345,
15008,https://www.gem.wiki/ArcelorMittal_Nippon_Steel_India/,,2023-11-29 23:44:19.95313,
15017,https://www.gem.wiki/Kalyani_Steels_Hospet_plant/,,2023-11-29 23:44:19.953199,
15011,https://www.gem.wiki/ESL_Steel_plant/,,2023-11-29 23:44:19.953153,
15003,https://www.gem.wiki/MSP_Steel_&_Power_Raigarh_plant/,,2023-11-29 23:44:19.953092,
15012,https://www.gem.wiki/SAIL_Bokaro_steel_plant/,,2023-11-29 23:44:19.953161,
15029,https://www.gem.wiki/Orissa_Sponge_Iron_&_Steel_plant/,,2023-11-29 23:44:19.953292,
15039,https://www.gem.wiki/Tata_Metaliks_West_Bengal_steel_plant/,,2023-11-29 23:44:19.953372,
15013,https://www.gem.wiki/Tata_Steel_Jamshedpur_steel_plant/,,2023-11-29 23:44:19.953168,
15038,https://www.gem.wiki/Shyam_Steel_Durgapur_plant/,,2023-11-29 23:44:19.953364,
15007,https://www.gem.wiki/Welspun_Steel_plant/,,2023-11-29 23:44:19.953123,
15031,https://www.gem.wiki/Jai_Balaji_Jyoti_Steels_plant/,,2023-11-29 23:44:19.953307,
15034,https://www.gem.wiki/SAIL_IISCO_steel_plant/,,2023-11-29 23:44:19.95333,
15018,https://www.gem.wiki/JSW_Steel_Vijayanagar_steel_plant/,,2023-11-29 23:44:19.953206,
15005,https://www.gem.wiki/Godawari_Power_and_Ispat_steel_plant/,,2023-11-29 23:44:19.953108,
15027,https://www.gem.wiki/Mesco_Steel_Kalinganagar_plant/,,2023-11-29 23:44:19.953276,
15000,https://www.gem.wiki/SAIL_Bhilai_steel_plant/,,2023-11-29 23:44:19.953069,
15004,https://www.gem.wiki/Jayaswal_Neco_Industries_Raipur_steel_plant/,,2023-11-29 23:44:19.9531,
15020,https://www.gem.wiki/Lloyds_Steel_Industries_steel_plant/,,2023-11-29 23:44:19.953222,
15002,https://www.gem.wiki/JSPL_Chhattisgarh_steel_plant/,,2023-11-29 23:44:19.953084,
15010,https://www.gem.wiki/Atibir_Industries_steel_plant/,,2023-11-29 23:44:19.953146,
15016,https://www.gem.wiki/BMM_Ispat_steel_plant/,,2023-11-29 23:44:19.953191,
15028,https://www.gem.wiki/Sree_Metaliks_Barbil_steel_plant/,,2023-11-29 23:44:19.953284,
15037,https://www.gem.wiki/Jai_Balaji_Durgapur_steel_plant/,,2023-11-29 23:44:19.953353,
15030,https://www.gem.wiki/SAIL_Rourkela_steel_plant/,,2023-11-29 23:44:19.953299,
15035,https://www.gem.wiki/SAIL_Durgapur_steel_plant/,,2023-11-29 23:44:19.953338,
15019,https://www.gem.wiki/JSW_Steel_Dolvi_steel_plant/,,2023-11-29 23:44:19.953214,
15033,https://www.gem.wiki/JSW_Steel_Salem_steel_plant/,,2023-11-29 23:44:19.953322,
15040,https://www.gem.wiki/Rashmi_Metaliks_Kharagpur_steel_plant/,,2023-11-29 23:44:19.95338,
14998,https://www.gem.wiki/Arjas_Steel_Tadipatri_plant/,,2023-11-29 23:44:19.953054,
15023,https://www.gem.wiki/JSPL_Odisha_steel_plant/,,2023-11-29 23:44:19.953246,
15024,https://www.gem.wiki/Neelachal_Ispat_Nigam_steel_plant/,,2023-11-29 23:44:19.953253,
15006,https://www.gem.wiki/JSW_Ispat_Special_Products_Raipur_steel_plant/,,2023-11-29 23:44:19.953115,
15022,https://www.gem.wiki/Sunflag_Iron_and_Steel_plant/,,2023-11-29 23:44:19.953238,
