source_id,source_name,iso3_country,sector,subsector,lat,lon,geometry_ref,relationship,ultimate_parent_name,ultimate_parent_id,percent_interest_parent,company_name,company_id,percent_interest_company,interest_units,start_date,end_date,created_date,modified_date,percent_company_datasource,percent_parent_datasource
61906,ArcelorMittal Nippon Steel India,IND,manufacturing,steel,21.112377,72.647304,trace_72.647304_21.112377,owner,Nippon Steel,100000000652,40.0,ArcelorMittal Nippon Steel India,100000002455,100,real_property_steel-plant,2022-01-01 00:00:00,2022-12-31 00:00:00,2023-11-29 22:49:34.091595,,{15008},"{5705,6342,15008}"
61906,ArcelorMittal Nippon Steel India,IND,manufacturing,steel,21.112377,72.647304,trace_72.647304_21.112377,owner,ArcelorMittal,100000000687,60.0,ArcelorMittal Nippon Steel India,100000002455,100,real_property_steel-plant,2022-01-01 00:00:00,2022-12-31 00:00:00,2023-11-29 22:49:34.091614,,{15008},"{5705,6342,15008}"
61955,Arjas Steel Tadipatri plant,IND,manufacturing,steel,14.873471,78.048425,trace_78.048425_14.873471,owner,Arjas Steel,100000130841,100.0,Arjas Steel,100000130841,100,real_property_steel-plant,2022-01-01 00:00:00,2022-12-31 00:00:00,2023-11-29 22:49:34.092429,,{14998},{14998}
61952,Atibir Industries steel plant,IND,manufacturing,steel,24.145239,86.334999,trace_86.334999_24.145239,owner,Atibir Industries,100000131001,100.0,Atibir Industries,100000131001,100,real_property_steel-plant,2022-01-01 00:00:00,2022-12-31 00:00:00,2023-11-29 22:49:34.092382,,{15010},{15010}
61904,BMM Ispat steel plant,IND,manufacturing,steel,15.16972,76.37971,trace_76.37971_15.16972,owner,BMM Ispat,100001000460,100.0,BMM Ispat,100001000460,100,real_property_steel-plant,2022-01-01 00:00:00,2022-12-31 00:00:00,2023-11-29 22:49:34.091577,,{15016},{15016}
61930,ESL Steel plant,IND,manufacturing,steel,23.632907,86.293671,trace_86.293671_23.632907,owner,Vedanta,100001000479,100.0,ESL Steel,100000130900,100,real_property_steel-plant,2022-01-01 00:00:00,2022-12-31 00:00:00,2023-11-29 22:49:34.092077,,{15011},"{6233,6732,15011}"
61946,Godawari Power and Ispat steel plant,IND,manufacturing,steel,21.376214,81.681888,trace_81.681888_21.376214,owner,Godawari Power and Ispat,100001000665,100.0,Godawari Power and Ispat,100001000665,100,real_property_steel-plant,2022-01-01 00:00:00,2022-12-31 00:00:00,2023-11-29 22:49:34.092279,,{15005},{15005}
61910,JSPL Chhattisgarh steel plant,IND,manufacturing,steel,21.922703,83.347178,trace_83.347178_21.922703,owner,Jindal Steel & Power,100001000439,100.0,Jindal Steel & Power,100001000439,100,real_property_steel-plant,2022-01-01 00:00:00,2022-12-31 00:00:00,2023-11-29 22:49:34.091663,,{15002},"{6505,15002}"
61935,JSPL Jharkhand steel plant,IND,manufacturing,steel,23.632991,85.325308,trace_85.325308_23.632991,owner,Jindal Steel & Power,100001000439,100.0,Jindal Steel & Power,100001000439,100,real_property_steel-plant,2022-01-01 00:00:00,2022-12-31 00:00:00,2023-11-29 22:49:34.092151,,{15015},"{6505,15015}"
61908,JSPL Odisha steel plant,IND,manufacturing,steel,20.884896,84.991539,trace_84.991539_20.884896,owner,Jindal Steel & Power,100001000439,100.0,Jindal Steel & Power,100001000439,100,real_property_steel-plant,2022-01-01 00:00:00,2022-12-31 00:00:00,2023-11-29 22:49:34.091646,,{15023},"{6505,15023}"
61902,JSW BPSL Odisha steel plant,IND,manufacturing,steel,21.763989,84.022529,trace_84.022529_21.763989,owner,JSW Steel,100001000516,100.0,Bhushan Power & Steel,100000120156,100,real_property_steel-plant,2022-01-01 00:00:00,2022-12-31 00:00:00,2023-11-29 22:49:34.091562,,{15032},"{6390,15032}"
61917,JSW Bengal Steel Salboni plant,IND,manufacturing,steel,22.575726,87.310258,trace_87.310258_22.575726,owner,JSW Steel,100001000516,98.76,JSW Bengal Steel,100001000530,100,real_property_steel-plant,2022-01-01 00:00:00,2022-12-31 00:00:00,2023-11-29 22:49:34.091735,,{15041},"{5722,6390,15041}"
61929,JSW Ispat Special Products Raipur steel plant,IND,manufacturing,steel,21.244467,81.771252,trace_81.771252_21.244467,owner,JSW Steel,100001000516,100.0,JSW Steel,100001000516,100,real_property_steel-plant,2022-01-01 00:00:00,2022-12-31 00:00:00,2023-11-29 22:49:34.092059,,{15006},"{6390,15006}"
61911,JSW Steel Dolvi steel plant,IND,manufacturing,steel,18.690312,73.035902,trace_73.035902_18.690312,owner,JSW Steel,100001000516,100.0,JSW Steel,100001000516,100,real_property_steel-plant,2022-01-01 00:00:00,2022-12-31 00:00:00,2023-11-29 22:49:34.091682,,{15019},"{6390,15019}"
61913,JSW Steel Salem steel plant,IND,manufacturing,steel,11.814912,77.918465,trace_77.918465_11.814912,owner,JSW Steel,100001000516,100.0,JSW Steel,100001000516,100,real_property_steel-plant,2022-01-01 00:00:00,2022-12-31 00:00:00,2023-11-29 22:49:34.091699,,{15033},"{6390,15033}"
61915,JSW Steel Vijayanagar steel plant,IND,manufacturing,steel,15.180423,76.663134,trace_76.663134_15.180423,owner,JSW Steel,100001000516,100.0,JSW Steel,100001000516,100,real_property_steel-plant,2022-01-01 00:00:00,2022-12-31 00:00:00,2023-11-29 22:49:34.091716,,{15018},"{6390,15018}"
61949,Jai Balaji Durgapur steel plant,IND,manufacturing,steel,23.487077,87.369565,trace_87.369565_23.487077,owner,Jai Balaji Industries,100000130703,100.0,Jai Balaji Industries,100000130703,100,real_property_steel-plant,2022-01-01 00:00:00,2022-12-31 00:00:00,2023-11-29 22:49:34.092332,,{15037},{15037}
61950,Jai Balaji Jyoti Steels plant,IND,manufacturing,steel,22.085338,84.86184,trace_84.86184_22.085338,owner,Jai Balaji Industries,100000130703,100.0,Jai Balaji Jyoti Steels,100000130984,100,real_property_steel-plant,2022-01-01 00:00:00,2022-12-31 00:00:00,2023-11-29 22:49:34.092349,,{15031},"{6799,15031}"
61907,Jayaswal Neco Industries Nagpur steel plant,IND,manufacturing,steel,21.118112,79.005585,trace_79.005585_21.118112,owner,Jayaswal Neco Industries,100000120672,100.0,Jayaswal Neco Industries,100000120672,100,real_property_steel-plant,2022-01-01 00:00:00,2022-12-31 00:00:00,2023-11-29 22:49:34.091629,,{15021},{15021}
61939,Jayaswal Neco Industries Raipur steel plant,IND,manufacturing,steel,21.354495,81.676444,trace_81.676444_21.354495,owner,Jayaswal Neco Industries,100000120672,100.0,Jayaswal Neco Industries,100000120672,100,real_property_steel-plant,2022-01-01 00:00:00,2022-12-31 00:00:00,2023-11-29 22:49:34.0922,,{15004},{15004}
61936,Jindal Stainless Odisha steel plant,IND,manufacturing,steel,20.954939,86.051986,trace_86.051986_20.954939,owner,Jindal Stainless,100000120686,100.0,Jindal Stainless,100000120686,100,real_property_steel-plant,2022-01-01 00:00:00,2022-12-31 00:00:00,2023-11-29 22:49:34.092169,,{15025},"{6181,15025}"
61942,Kalyani Steels Hospet plant,IND,manufacturing,steel,15.339055,76.251696,trace_76.251696_15.339055,owner,Kalyani Steels,100000130701,100.0,Kalyani Steels,100000130701,100,real_property_steel-plant,2022-01-01 00:00:00,2022-12-31 00:00:00,2023-11-29 22:49:34.092232,,{15017},{15017}
61918,Lloyds Steel Industries steel plant,IND,manufacturing,steel,19.262606,73.396916,trace_73.396916_19.262606,owner,Lloyds Steels Industries,100000131038,100.0,Lloyds Steels Industries,100000131038,100,real_property_steel-plant,2022-01-01 00:00:00,2022-12-31 00:00:00,2023-11-29 22:49:34.091899,,{15020},{15020}
61954,MSP Steel & Power Raigarh plant,IND,manufacturing,steel,21.87673,83.554495,trace_83.554495_21.87673,owner,MSP Steel & Power,100000130702,100.0,MSP Steel & Power,100000130702,100,real_property_steel-plant,2022-01-01 00:00:00,2022-12-31 00:00:00,2023-11-29 22:49:34.092413,,{15003},{15003}
61948,Mesco Steel Kalinganagar plant,IND,manufacturing,steel,20.976277,86.044419,trace_86.044419_20.976277,owner,Mesco Steel,100001000682,100.0,Mesco Kalinga Steel,100000130811,100,real_property_steel-plant,2022-01-01 00:00:00,2022-12-31 00:00:00,2023-11-29 22:49:34.092316,,{15027},"{6658,15027}"
61933,Neelachal Ispat Nigam steel plant,IND,manufacturing,steel,20.998641,86.019102,trace_86.019102_20.998641,owner,Tata Steel Long Products,100000121408,92.68,Neelachal Ispat Nigam,100001010157,100,real_property_steel-plant,2022-01-01 00:00:00,2022-12-31 00:00:00,2023-11-29 22:49:34.092116,,{15024},"{6112,15024}"
61951,Orissa Sponge Iron & Steel plant,IND,manufacturing,steel,21.801994,85.56751,trace_85.56751_21.801994,owner,Orissa Sponge Iron and Steel,100000130699,100.0,Orissa Sponge Iron and Steel,100000130699,100,real_property_steel-plant,2022-01-01 00:00:00,2022-12-31 00:00:00,2023-11-29 22:49:34.092365,,{15029},{15029}
61947,Prakash Industries steel plant,IND,manufacturing,steel,22.004694,82.671666,trace_82.671666_22.004694,owner,Prakash Industries,100000121137,100.0,Prakash Industries,100000121137,100,real_property_steel-plant,2022-01-01 00:00:00,2022-12-31 00:00:00,2023-11-29 22:49:34.092295,,{15001},{15001}
61945,Rashmi Metaliks Kharagpur steel plant,IND,manufacturing,steel,22.360664,87.295932,trace_87.295932_22.360664,owner,Rashmi Metaliks,100000130890,100.0,Rashmi Metaliks,100000130890,100,real_property_steel-plant,2022-01-01 00:00:00,2022-12-31 00:00:00,2023-11-29 22:49:34.092263,,{15040},{15040}
61940,SAIL Alloy Steel Plant,IND,manufacturing,steel,23.522882,87.275935,trace_87.275935_23.522882,owner,Steel Authority of India,100001000703,100.0,Steel Authority of India,100001000703,100,real_property_steel-plant,2022-01-01 00:00:00,2022-12-31 00:00:00,2023-11-29 22:49:34.092217,,{15036},"{6471,15036}"
61920,SAIL Bhilai steel plant,IND,manufacturing,steel,21.185157,81.394207,trace_81.394207_21.185157,owner,Steel Authority of India,100001000703,100.0,Steel Authority of India,100001000703,100,real_property_steel-plant,2022-01-01 00:00:00,2022-12-31 00:00:00,2023-11-29 22:49:34.091942,,{15000},"{6471,15000}"
61922,SAIL Bokaro steel plant,IND,manufacturing,steel,23.671677,86.10687,trace_86.10687_23.671677,owner,Steel Authority of India,100001000703,100.0,Steel Authority of India,100001000703,100,real_property_steel-plant,2022-01-01 00:00:00,2022-12-31 00:00:00,2023-11-29 22:49:34.091959,,{15012},"{6471,15012}"
61923,SAIL Durgapur steel plant,IND,manufacturing,steel,23.54843,87.245247,trace_87.245247_23.54843,owner,Steel Authority of India,100001000703,100.0,Steel Authority of India,100001000703,100,real_property_steel-plant,2022-01-01 00:00:00,2022-12-31 00:00:00,2023-11-29 22:49:34.091975,,{15035},"{6471,15035}"
61919,SAIL IISCO steel plant,IND,manufacturing,steel,23.673236,86.926179,trace_86.926179_23.673236,owner,Steel Authority of India,100001000703,100.0,Steel Authority of India,100001000703,100,real_property_steel-plant,2022-01-01 00:00:00,2022-12-31 00:00:00,2023-11-29 22:49:34.091925,,{15034},"{6471,15034}"
61924,SAIL Rourkela steel plant,IND,manufacturing,steel,22.210804,84.86895,trace_84.86895_22.210804,owner,Steel Authority of India,100001000703,100.0,Steel Authority of India,100001000703,100,real_property_steel-plant,2022-01-01 00:00:00,2022-12-31 00:00:00,2023-11-29 22:49:34.091992,,{15030},"{6471,15030}"
61953,Shyam Steel Durgapur plant,IND,manufacturing,steel,23.50844,87.282253,trace_87.282253_23.50844,owner,Shyam Steel Industries,100000130859,100.0,Shyam Steel Industries,100000130859,100,real_property_steel-plant,2022-01-01 00:00:00,2022-12-31 00:00:00,2023-11-29 22:49:34.092398,,{15038},{15038}
61944,Sree Metaliks Barbil steel plant,IND,manufacturing,steel,21.99181,85.325375,trace_85.325375_21.99181,owner,Sree Metaliks,100000130860,100.0,Sree Metaliks,100000130860,100,real_property_steel-plant,2022-01-01 00:00:00,2022-12-31 00:00:00,2023-11-29 22:49:34.092248,,{15028},{15028}
61957,Sunflag Iron and Steel plant,IND,manufacturing,steel,21.232929,79.632398,trace_79.632398_21.232929,owner,Sunflag Iron and Steel,100001000589,100.0,Sunflag Iron and Steel,100001000589,100,real_property_steel-plant,2022-01-01 00:00:00,2022-12-31 00:00:00,2023-11-29 22:49:34.092462,,{15022},"{5757,15022}"
61938,Tata Metaliks West Bengal steel plant,IND,manufacturing,steel,22.385611,87.287179,trace_87.287179_22.385611,owner,Tata Metaliks,100000130700,100.0,Tata Metaliks,100000130700,100,real_property_steel-plant,2022-01-01 00:00:00,2022-12-31 00:00:00,2023-11-29 22:49:34.092184,,{15039},{15039}
61925,Tata Steel Jamshedpur steel plant,IND,manufacturing,steel,22.788598,86.1996,trace_86.1996_22.788598,owner,Tata Steel,100001010018,100.0,Tata Steel,100001010018,100,real_property_steel-plant,2022-01-01 00:00:00,2022-12-31 00:00:00,2023-11-29 22:49:34.092009,,{15013},"{6109,15013}"
61927,Tata Steel Kalinganagar steel plant,IND,manufacturing,steel,20.970411,86.015211,trace_86.015211_20.970411,owner,Tata Steel,100001010018,100.0,Tata Steel,100001010018,100,real_property_steel-plant,2022-01-01 00:00:00,2022-12-31 00:00:00,2023-11-29 22:49:34.092026,,{15026},"{6109,15026}"
61931,Tata Steel Long Products steel plant,IND,manufacturing,steel,22.812895,86.084022,trace_86.084022_22.812895,owner,Tata Steel Long Products,100000121408,100.0,Tata Steel Long Products,100000121408,100,real_property_steel-plant,2022-01-01 00:00:00,2022-12-31 00:00:00,2023-11-29 22:49:34.092094,,{15014},"{6112,15014}"
61956,Tata Steel Rohtak steel plant,IND,manufacturing,steel,28.89404,76.610326,trace_76.610326_28.89404,owner,Tata Steel,100001010018,100.0,Tata Steel,100001010018,100,real_property_steel-plant,2022-01-01 00:00:00,2022-12-31 00:00:00,2023-11-29 22:49:34.092445,,{15009},"{6109,15009}"
61928,Vizag Steel plant,IND,manufacturing,steel,17.612846,83.191918,trace_83.191918_17.612846,owner,Rashtriya Ispat Nigam,100000001935,100.0,Visakhapatnam Steel Plant,100000130823,100,real_property_steel-plant,2022-01-01 00:00:00,2022-12-31 00:00:00,2023-11-29 22:49:34.092042,,{14999},"{6671,14999}"
61934,Welspun Steel plant,IND,manufacturing,steel,23.112781,70.0866885,trace_70.0866885_23.112781,owner,Welspun Group,100000121541,100.0,Welspun Steel,100000130905,100,real_property_steel-plant,2022-01-01 00:00:00,2022-12-31 00:00:00,2023-11-29 22:49:34.092133,,{15007},"{6734,15007}"
