iso3_country,sector,subsector,start_time,end_time,gas,emissions_quantity,emissions_quantity_units,temporal_granularity,created_date,modified_date
IND,manufacturing,steel,2015-01-01 00:00:00,2015-12-31 00:00:00,ch4,,tonnes,annual,2023-10-12 17:27:07.77686,
IND,manufacturing,steel,2015-01-01 00:00:00,2015-12-31 00:00:00,co2,155229099.0,tonnes,annual,2023-10-12 17:27:07.776835,
IND,manufacturing,steel,2015-01-01 00:00:00,2015-12-31 00:00:00,co2e_100yr,155229099.0,tonnes,annual,2023-10-12 17:27:07.776889,
IND,manufacturing,steel,2015-01-01 00:00:00,2015-12-31 00:00:00,co2e_20yr,155229099.0,tonnes,annual,2023-10-12 17:27:07.776902,
IND,manufacturing,steel,2015-01-01 00:00:00,2015-12-31 00:00:00,n2o,,tonnes,annual,2023-10-12 17:27:07.776875,
IND,manufacturing,steel,2016-01-01 00:00:00,2016-12-31 00:00:00,ch4,,tonnes,annual,2023-10-12 17:27:08.028168,
IND,manufacturing,steel,2016-01-01 00:00:00,2016-12-31 00:00:00,co2,165721084.0,tonnes,annual,2023-10-12 17:27:08.028149,
IND,manufacturing,steel,2016-01-01 00:00:00,2016-12-31 00:00:00,co2e_100yr,165721084.0,tonnes,annual,2023-10-12 17:27:08.028194,
IND,manufacturing,steel,2016-01-01 00:00:00,2016-12-31 00:00:00,co2e_20yr,165721084.0,tonnes,annual,2023-10-12 17:27:08.028206,
IND,manufacturing,steel,2016-01-01 00:00:00,2016-12-31 00:00:00,n2o,,tonnes,annual,2023-10-12 17:27:08.028181,
IND,manufacturing,steel,2017-01-01 00:00:00,2017-12-31 00:00:00,ch4,,tonnes,annual,2023-10-12 17:27:08.281221,
IND,manufacturing,steel,2017-01-01 00:00:00,2017-12-31 00:00:00,co2,180075551.0,tonnes,annual,2023-10-12 17:27:08.2812,
IND,manufacturing,steel,2017-01-01 00:00:00,2017-12-31 00:00:00,co2e_100yr,180075551.0,tonnes,annual,2023-10-12 17:27:08.28125,
IND,manufacturing,steel,2017-01-01 00:00:00,2017-12-31 00:00:00,co2e_20yr,180075551.0,tonnes,annual,2023-10-12 17:27:08.281263,
IND,manufacturing,steel,2017-01-01 00:00:00,2017-12-31 00:00:00,n2o,,tonnes,annual,2023-10-12 17:27:08.281236,
IND,manufacturing,steel,2018-01-01 00:00:00,2018-12-31 00:00:00,ch4,,tonnes,annual,2023-10-12 17:27:08.509389,
IND,manufacturing,steel,2018-01-01 00:00:00,2018-12-31 00:00:00,co2,200987443.0,tonnes,annual,2023-10-12 17:27:08.509369,
IND,manufacturing,steel,2018-01-01 00:00:00,2018-12-31 00:00:00,co2e_100yr,200987443.0,tonnes,annual,2023-10-12 17:27:08.509415,
IND,manufacturing,steel,2018-01-01 00:00:00,2018-12-31 00:00:00,co2e_20yr,200987443.0,tonnes,annual,2023-10-12 17:27:08.509428,
IND,manufacturing,steel,2018-01-01 00:00:00,2018-12-31 00:00:00,n2o,,tonnes,annual,2023-10-12 17:27:08.509402,
IND,manufacturing,steel,2019-01-01 00:00:00,2019-12-31 00:00:00,ch4,,tonnes,annual,2023-10-12 17:27:08.7114,
IND,manufacturing,steel,2019-01-01 00:00:00,2019-12-31 00:00:00,co2,209137473.0,tonnes,annual,2023-10-12 17:27:08.711377,
IND,manufacturing,steel,2019-01-01 00:00:00,2019-12-31 00:00:00,co2e_100yr,209137473.0,tonnes,annual,2023-10-12 17:27:08.711433,
IND,manufacturing,steel,2019-01-01 00:00:00,2019-12-31 00:00:00,co2e_20yr,209137473.0,tonnes,annual,2023-10-12 17:27:08.711446,
IND,manufacturing,steel,2019-01-01 00:00:00,2019-12-31 00:00:00,n2o,,tonnes,annual,2023-10-12 17:27:08.711417,
IND,manufacturing,steel,2020-01-01 00:00:00,2020-12-31 00:00:00,ch4,,tonnes,annual,2023-10-12 17:27:08.913245,
IND,manufacturing,steel,2020-01-01 00:00:00,2020-12-31 00:00:00,co2,189769113.0,tonnes,annual,2023-10-12 17:27:08.913228,
IND,manufacturing,steel,2020-01-01 00:00:00,2020-12-31 00:00:00,co2e_100yr,189769113.0,tonnes,annual,2023-10-12 17:27:08.913264,
IND,manufacturing,steel,2020-01-01 00:00:00,2020-12-31 00:00:00,co2e_20yr,189769113.0,tonnes,annual,2023-10-12 17:27:08.913272,
IND,manufacturing,steel,2020-01-01 00:00:00,2020-12-31 00:00:00,n2o,,tonnes,annual,2023-10-12 17:27:08.913255,
IND,manufacturing,steel,2021-01-01 00:00:00,2021-12-31 00:00:00,ch4,,tonnes,annual,2023-10-12 17:27:09.126803,
IND,manufacturing,steel,2021-01-01 00:00:00,2021-12-31 00:00:00,co2,220493424.0,tonnes,annual,2023-10-12 17:27:09.12679,
IND,manufacturing,steel,2021-01-01 00:00:00,2021-12-31 00:00:00,co2e_100yr,220493424.0,tonnes,annual,2023-10-12 17:27:09.126819,
IND,manufacturing,steel,2021-01-01 00:00:00,2021-12-31 00:00:00,co2e_20yr,220493424.0,tonnes,annual,2023-10-12 17:27:09.126826,
IND,manufacturing,steel,2021-01-01 00:00:00,2021-12-31 00:00:00,n2o,,tonnes,annual,2023-10-12 17:27:09.126811,
IND,manufacturing,steel,2022-01-01 00:00:00,2022-12-31 00:00:00,ch4,,tonnes,annual,2023-10-12 17:27:09.349535,
IND,manufacturing,steel,2022-01-01 00:00:00,2022-12-31 00:00:00,co2,237189869.0,tonnes,annual,2023-10-12 17:27:09.349523,
IND,manufacturing,steel,2022-01-01 00:00:00,2022-12-31 00:00:00,co2e_100yr,237189869.0,tonnes,annual,2023-10-12 17:27:09.349552,
IND,manufacturing,steel,2022-01-01 00:00:00,2022-12-31 00:00:00,co2e_20yr,237189869.0,tonnes,annual,2023-10-12 17:27:09.34956,
IND,manufacturing,steel,2022-01-01 00:00:00,2022-12-31 00:00:00,n2o,,tonnes,annual,2023-10-12 17:27:09.349544,
IND,manufacturing,steel,2023-01-01 00:00:00,2023-12-31 00:00:00,ch4,,tonnes,annual,2023-10-12 17:27:09.57107,
IND,manufacturing,steel,2023-01-01 00:00:00,2023-12-31 00:00:00,co2,62440166.0,tonnes,annual,2023-10-12 17:27:09.571056,
IND,manufacturing,steel,2023-01-01 00:00:00,2023-12-31 00:00:00,co2e_100yr,62440166.0,tonnes,annual,2023-10-12 17:27:09.57109,
IND,manufacturing,steel,2023-01-01 00:00:00,2023-12-31 00:00:00,co2e_20yr,62440166.0,tonnes,annual,2023-10-12 17:27:09.571098,
IND,manufacturing,steel,2023-01-01 00:00:00,2023-12-31 00:00:00,n2o,,tonnes,annual,2023-10-12 17:27:09.571081,
