iso3_country,sector,subsector,start_time,end_time,gas,emissions_quantity,emissions_quantity_units,temporal_granularity,created_date,modified_date
IND,fluorinated-gases,fluorinated-gases,2015-01-01 00:00:00,2015-12-31 00:00:00,ch4,0.0,tonnes,,2023-10-06 14:56:33.428328,
IND,fluorinated-gases,fluorinated-gases,2015-01-01 00:00:00,2015-12-31 00:00:00,co2,0.0,tonnes,,2023-10-06 14:56:33.428328,
IND,fluorinated-gases,fluorinated-gases,2015-01-01 00:00:00,2015-12-31 00:00:00,co2e_100yr,40969118.138175994,tonnes,,2023-10-06 14:56:33.428328,2023-10-24 15:15:41.738425
IND,fluorinated-gases,fluorinated-gases,2015-01-01 00:00:00,2015-12-31 00:00:00,co2e_20yr,76919740.004722,tonnes,,2023-10-06 14:56:33.428328,2023-10-24 15:15:41.738425
IND,fluorinated-gases,fluorinated-gases,2015-01-01 00:00:00,2015-12-31 00:00:00,n2o,0.0,tonnes,,2023-10-06 14:56:33.428328,
IND,fluorinated-gases,fluorinated-gases,2016-01-01 00:00:00,2016-12-31 00:00:00,ch4,0.0,tonnes,,2023-10-06 14:56:33.428328,
IND,fluorinated-gases,fluorinated-gases,2016-01-01 00:00:00,2016-12-31 00:00:00,co2,0.0,tonnes,,2023-10-06 14:56:33.428328,
IND,fluorinated-gases,fluorinated-gases,2016-01-01 00:00:00,2016-12-31 00:00:00,co2e_100yr,44496946.496649995,tonnes,,2023-10-06 14:56:33.428328,2023-10-24 15:15:34.876783
IND,fluorinated-gases,fluorinated-gases,2016-01-01 00:00:00,2016-12-31 00:00:00,co2e_20yr,84061982.93574,tonnes,,2023-10-06 14:56:33.428328,2023-10-24 15:15:34.876783
IND,fluorinated-gases,fluorinated-gases,2016-01-01 00:00:00,2016-12-31 00:00:00,n2o,0.0,tonnes,,2023-10-06 14:56:33.428328,
IND,fluorinated-gases,fluorinated-gases,2017-01-01 00:00:00,2017-12-31 00:00:00,ch4,0.0,tonnes,,2023-10-06 14:56:33.428328,
IND,fluorinated-gases,fluorinated-gases,2017-01-01 00:00:00,2017-12-31 00:00:00,co2,0.0,tonnes,,2023-10-06 14:56:33.428328,
IND,fluorinated-gases,fluorinated-gases,2017-01-01 00:00:00,2017-12-31 00:00:00,co2e_100yr,48114900.70207401,tonnes,,2023-10-06 14:56:33.428328,2023-10-24 15:15:27.678622
IND,fluorinated-gases,fluorinated-gases,2017-01-01 00:00:00,2017-12-31 00:00:00,co2e_20yr,91270653.250228,tonnes,,2023-10-06 14:56:33.428328,2023-10-24 15:15:27.678622
IND,fluorinated-gases,fluorinated-gases,2017-01-01 00:00:00,2017-12-31 00:00:00,n2o,0.0,tonnes,,2023-10-06 14:56:33.428328,
IND,fluorinated-gases,fluorinated-gases,2018-01-01 00:00:00,2018-12-31 00:00:00,ch4,0.0,tonnes,,2023-10-06 14:56:33.428328,
IND,fluorinated-gases,fluorinated-gases,2018-01-01 00:00:00,2018-12-31 00:00:00,co2,0.0,tonnes,,2023-10-06 14:56:33.428328,
IND,fluorinated-gases,fluorinated-gases,2018-01-01 00:00:00,2018-12-31 00:00:00,co2e_100yr,51407783.83861,tonnes,,2023-10-06 14:56:33.428328,2023-10-24 15:15:19.120306
IND,fluorinated-gases,fluorinated-gases,2018-01-01 00:00:00,2018-12-31 00:00:00,co2e_20yr,98239906.51556,tonnes,,2023-10-06 14:56:33.428328,2023-10-24 15:15:19.120306
IND,fluorinated-gases,fluorinated-gases,2018-01-01 00:00:00,2018-12-31 00:00:00,n2o,0.0,tonnes,,2023-10-06 14:56:33.428328,
IND,fluorinated-gases,fluorinated-gases,2019-01-01 00:00:00,2019-12-31 00:00:00,ch4,0.0,tonnes,,2023-10-06 14:56:33.428328,
IND,fluorinated-gases,fluorinated-gases,2019-01-01 00:00:00,2019-12-31 00:00:00,co2,0.0,tonnes,,2023-10-06 14:56:33.428328,
IND,fluorinated-gases,fluorinated-gases,2019-01-01 00:00:00,2019-12-31 00:00:00,co2e_100yr,54883946.918784,tonnes,,2023-10-06 14:56:33.428328,2023-10-24 15:15:10.721311
IND,fluorinated-gases,fluorinated-gases,2019-01-01 00:00:00,2019-12-31 00:00:00,co2e_20yr,105344147.549508,tonnes,,2023-10-06 14:56:33.428328,2023-10-24 15:15:10.721311
IND,fluorinated-gases,fluorinated-gases,2019-01-01 00:00:00,2019-12-31 00:00:00,n2o,0.0,tonnes,,2023-10-06 14:56:33.428328,
IND,fluorinated-gases,fluorinated-gases,2020-01-01 00:00:00,2020-12-31 00:00:00,ch4,0.0,tonnes,,2023-10-06 14:56:33.428328,
IND,fluorinated-gases,fluorinated-gases,2020-01-01 00:00:00,2020-12-31 00:00:00,co2,0.0,tonnes,,2023-10-06 14:56:33.428328,
IND,fluorinated-gases,fluorinated-gases,2020-01-01 00:00:00,2020-12-31 00:00:00,co2e_100yr,58346280.39337,tonnes,,2023-10-06 14:56:33.428328,2023-10-24 15:15:00.707368
IND,fluorinated-gases,fluorinated-gases,2020-01-01 00:00:00,2020-12-31 00:00:00,co2e_20yr,112438202.40069,tonnes,,2023-10-06 14:56:33.428328,2023-10-24 15:15:00.707368
IND,fluorinated-gases,fluorinated-gases,2020-01-01 00:00:00,2020-12-31 00:00:00,n2o,0.0,tonnes,,2023-10-06 14:56:33.428328,
IND,fluorinated-gases,fluorinated-gases,2021-01-01 00:00:00,2021-12-31 00:00:00,ch4,0.0,tonnes,,2023-10-06 14:56:33.428328,
IND,fluorinated-gases,fluorinated-gases,2021-01-01 00:00:00,2021-12-31 00:00:00,co2,0.0,tonnes,,2023-10-06 14:56:33.428328,
IND,fluorinated-gases,fluorinated-gases,2021-01-01 00:00:00,2021-12-31 00:00:00,co2e_100yr,62042966.16935601,tonnes,,2023-10-06 14:56:33.428328,2023-10-24 15:14:54.170854
IND,fluorinated-gases,fluorinated-gases,2021-01-01 00:00:00,2021-12-31 00:00:00,co2e_20yr,120023086.74763198,tonnes,,2023-10-06 14:56:33.428328,2023-10-24 15:14:54.170854
IND,fluorinated-gases,fluorinated-gases,2021-01-01 00:00:00,2021-12-31 00:00:00,n2o,0.0,tonnes,,2023-10-06 14:56:33.428328,
IND,fluorinated-gases,fluorinated-gases,2022-01-01 00:00:00,2022-12-31 00:00:00,ch4,0.0,tonnes,,2023-10-06 14:56:33.428328,
IND,fluorinated-gases,fluorinated-gases,2022-01-01 00:00:00,2022-12-31 00:00:00,co2,0.0,tonnes,,2023-10-06 14:56:33.428328,
IND,fluorinated-gases,fluorinated-gases,2022-01-01 00:00:00,2022-12-31 00:00:00,co2e_100yr,62042966.16935601,tonnes,,2023-10-06 14:56:33.428328,2023-10-24 15:14:47.884232
IND,fluorinated-gases,fluorinated-gases,2022-01-01 00:00:00,2022-12-31 00:00:00,co2e_20yr,120023086.74763198,tonnes,,2023-10-06 14:56:33.428328,2023-10-24 15:14:47.884232
IND,fluorinated-gases,fluorinated-gases,2022-01-01 00:00:00,2022-12-31 00:00:00,n2o,0.0,tonnes,,2023-10-06 14:56:33.428328,
