iso3_country,sector,subsector,start_time,end_time,gas,emissions_quantity,emissions_quantity_units,temporal_granularity,created_date,modified_date
IND,forestry-and-land-use,forest-land-fires,2015-01-01 00:00:00,2015-12-31 00:00:00,ch4,0.0,tonnes,annual,2023-10-03 21:10:31.112356,
IND,forestry-and-land-use,forest-land-fires,2015-01-01 00:00:00,2015-12-31 00:00:00,co2,48312875.29319525,tonnes,annual,2023-10-03 21:10:31.112345,
IND,forestry-and-land-use,forest-land-fires,2015-01-01 00:00:00,2015-12-31 00:00:00,co2e_100yr,48312875.29319525,tonnes,annual,2023-10-03 21:10:31.112371,
IND,forestry-and-land-use,forest-land-fires,2015-01-01 00:00:00,2015-12-31 00:00:00,co2e_20yr,48312875.29319525,tonnes,annual,2023-10-03 21:10:31.112379,
IND,forestry-and-land-use,forest-land-fires,2015-01-01 00:00:00,2015-12-31 00:00:00,n2o,0.0,tonnes,annual,2023-10-03 21:10:31.112363,
IND,forestry-and-land-use,forest-land-fires,2016-01-01 00:00:00,2016-12-31 00:00:00,ch4,0.0,tonnes,annual,2023-10-03 21:10:31.259343,
IND,forestry-and-land-use,forest-land-fires,2016-01-01 00:00:00,2016-12-31 00:00:00,co2,215980299.11518103,tonnes,annual,2023-10-03 21:10:31.259334,
IND,forestry-and-land-use,forest-land-fires,2016-01-01 00:00:00,2016-12-31 00:00:00,co2e_100yr,215980299.11518103,tonnes,annual,2023-10-03 21:10:31.259359,
IND,forestry-and-land-use,forest-land-fires,2016-01-01 00:00:00,2016-12-31 00:00:00,co2e_20yr,215980299.11518103,tonnes,annual,2023-10-03 21:10:31.259367,
IND,forestry-and-land-use,forest-land-fires,2016-01-01 00:00:00,2016-12-31 00:00:00,n2o,0.0,tonnes,annual,2023-10-03 21:10:31.25935,
IND,forestry-and-land-use,forest-land-fires,2017-01-01 00:00:00,2017-12-31 00:00:00,ch4,0.0,tonnes,annual,2023-10-03 21:10:31.412266,
IND,forestry-and-land-use,forest-land-fires,2017-01-01 00:00:00,2017-12-31 00:00:00,co2,128145936.22088438,tonnes,annual,2023-10-03 21:10:31.412257,
IND,forestry-and-land-use,forest-land-fires,2017-01-01 00:00:00,2017-12-31 00:00:00,co2e_100yr,128145936.22088438,tonnes,annual,2023-10-03 21:10:31.412282,
IND,forestry-and-land-use,forest-land-fires,2017-01-01 00:00:00,2017-12-31 00:00:00,co2e_20yr,128145936.22088438,tonnes,annual,2023-10-03 21:10:31.41229,
IND,forestry-and-land-use,forest-land-fires,2017-01-01 00:00:00,2017-12-31 00:00:00,n2o,0.0,tonnes,annual,2023-10-03 21:10:31.412273,
IND,forestry-and-land-use,forest-land-fires,2018-01-01 00:00:00,2018-12-31 00:00:00,ch4,0.0,tonnes,annual,2023-10-03 21:10:31.562418,
IND,forestry-and-land-use,forest-land-fires,2018-01-01 00:00:00,2018-12-31 00:00:00,co2,100523993.27605964,tonnes,annual,2023-10-03 21:10:31.562409,
IND,forestry-and-land-use,forest-land-fires,2018-01-01 00:00:00,2018-12-31 00:00:00,co2e_100yr,100523993.27605964,tonnes,annual,2023-10-03 21:10:31.562434,
IND,forestry-and-land-use,forest-land-fires,2018-01-01 00:00:00,2018-12-31 00:00:00,co2e_20yr,100523993.27605964,tonnes,annual,2023-10-03 21:10:31.562442,
IND,forestry-and-land-use,forest-land-fires,2018-01-01 00:00:00,2018-12-31 00:00:00,n2o,0.0,tonnes,annual,2023-10-03 21:10:31.562425,
IND,forestry-and-land-use,forest-land-fires,2019-01-01 00:00:00,2019-12-31 00:00:00,ch4,0.0,tonnes,annual,2023-10-03 21:10:31.7247,
IND,forestry-and-land-use,forest-land-fires,2019-01-01 00:00:00,2019-12-31 00:00:00,co2,112558863.1220162,tonnes,annual,2023-10-03 21:10:31.724691,
IND,forestry-and-land-use,forest-land-fires,2019-01-01 00:00:00,2019-12-31 00:00:00,co2e_100yr,112558863.1220162,tonnes,annual,2023-10-03 21:10:31.724716,
IND,forestry-and-land-use,forest-land-fires,2019-01-01 00:00:00,2019-12-31 00:00:00,co2e_20yr,112558863.1220162,tonnes,annual,2023-10-03 21:10:31.724724,
IND,forestry-and-land-use,forest-land-fires,2019-01-01 00:00:00,2019-12-31 00:00:00,n2o,0.0,tonnes,annual,2023-10-03 21:10:31.724707,
IND,forestry-and-land-use,forest-land-fires,2020-01-01 00:00:00,2020-12-31 00:00:00,ch4,0.0,tonnes,annual,2023-10-03 21:10:31.897313,
IND,forestry-and-land-use,forest-land-fires,2020-01-01 00:00:00,2020-12-31 00:00:00,co2,43581022.84371852,tonnes,annual,2023-10-03 21:10:31.897304,
IND,forestry-and-land-use,forest-land-fires,2020-01-01 00:00:00,2020-12-31 00:00:00,co2e_100yr,43581022.84371852,tonnes,annual,2023-10-03 21:10:31.897329,
IND,forestry-and-land-use,forest-land-fires,2020-01-01 00:00:00,2020-12-31 00:00:00,co2e_20yr,43581022.84371852,tonnes,annual,2023-10-03 21:10:31.897337,
IND,forestry-and-land-use,forest-land-fires,2020-01-01 00:00:00,2020-12-31 00:00:00,n2o,0.0,tonnes,annual,2023-10-03 21:10:31.89732,
IND,forestry-and-land-use,forest-land-fires,2021-01-01 00:00:00,2021-12-31 00:00:00,ch4,0.0,tonnes,annual,2023-10-03 21:10:32.062517,
IND,forestry-and-land-use,forest-land-fires,2021-01-01 00:00:00,2021-12-31 00:00:00,co2,180152741.08946323,tonnes,annual,2023-10-03 21:10:32.062502,
IND,forestry-and-land-use,forest-land-fires,2021-01-01 00:00:00,2021-12-31 00:00:00,co2e_100yr,180152741.08946323,tonnes,annual,2023-10-03 21:10:32.062548,
IND,forestry-and-land-use,forest-land-fires,2021-01-01 00:00:00,2021-12-31 00:00:00,co2e_20yr,180152741.08946323,tonnes,annual,2023-10-03 21:10:32.062561,
IND,forestry-and-land-use,forest-land-fires,2021-01-01 00:00:00,2021-12-31 00:00:00,n2o,0.0,tonnes,annual,2023-10-03 21:10:32.062533,
IND,forestry-and-land-use,forest-land-fires,2022-01-01 00:00:00,2022-12-31 00:00:00,ch4,0.0,tonnes,annual,2023-10-03 21:10:32.218171,
IND,forestry-and-land-use,forest-land-fires,2022-01-01 00:00:00,2022-12-31 00:00:00,co2,95494059.80110168,tonnes,annual,2023-10-03 21:10:32.218161,
IND,forestry-and-land-use,forest-land-fires,2022-01-01 00:00:00,2022-12-31 00:00:00,co2e_100yr,95494059.80110168,tonnes,annual,2023-10-03 21:10:32.218186,
IND,forestry-and-land-use,forest-land-fires,2022-01-01 00:00:00,2022-12-31 00:00:00,co2e_20yr,95494059.80110168,tonnes,annual,2023-10-03 21:10:32.218194,
IND,forestry-and-land-use,forest-land-fires,2022-01-01 00:00:00,2022-12-31 00:00:00,n2o,0.0,tonnes,annual,2023-10-03 21:10:32.218178,
