iso3_country,sector,subsector,start_time,end_time,gas,emissions_quantity,emissions_quantity_units,temporal_granularity,created_date,modified_date
IND,forestry-and-land-use,forest-land-clearing,2015-01-01 00:00:00,2015-12-31 00:00:00,ch4,,tonnes,annual,2023-10-03 21:10:31.311536,
IND,forestry-and-land-use,forest-land-clearing,2015-01-01 00:00:00,2015-12-31 00:00:00,co2,54426011.61601487,tonnes,annual,2023-10-03 21:10:31.311524,
IND,forestry-and-land-use,forest-land-clearing,2015-01-01 00:00:00,2015-12-31 00:00:00,co2e_100yr,54426011.61601487,tonnes,annual,2023-10-03 21:10:31.311553,
IND,forestry-and-land-use,forest-land-clearing,2015-01-01 00:00:00,2015-12-31 00:00:00,co2e_20yr,54426011.61601487,tonnes,annual,2023-10-03 21:10:31.311561,
IND,forestry-and-land-use,forest-land-clearing,2015-01-01 00:00:00,2015-12-31 00:00:00,n2o,,tonnes,annual,2023-10-03 21:10:31.311544,
IND,forestry-and-land-use,forest-land-clearing,2016-01-01 00:00:00,2016-12-31 00:00:00,ch4,,tonnes,annual,2023-10-03 21:10:31.458683,
IND,forestry-and-land-use,forest-land-clearing,2016-01-01 00:00:00,2016-12-31 00:00:00,co2,78757368.38765442,tonnes,annual,2023-10-03 21:10:31.458671,
IND,forestry-and-land-use,forest-land-clearing,2016-01-01 00:00:00,2016-12-31 00:00:00,co2e_100yr,78757368.38765442,tonnes,annual,2023-10-03 21:10:31.4587,
IND,forestry-and-land-use,forest-land-clearing,2016-01-01 00:00:00,2016-12-31 00:00:00,co2e_20yr,78757368.38765442,tonnes,annual,2023-10-03 21:10:31.458721,
IND,forestry-and-land-use,forest-land-clearing,2016-01-01 00:00:00,2016-12-31 00:00:00,n2o,,tonnes,annual,2023-10-03 21:10:31.458692,
IND,forestry-and-land-use,forest-land-clearing,2017-01-01 00:00:00,2017-12-31 00:00:00,ch4,,tonnes,annual,2023-10-03 21:10:31.605868,
IND,forestry-and-land-use,forest-land-clearing,2017-01-01 00:00:00,2017-12-31 00:00:00,co2,86395068.12021136,tonnes,annual,2023-10-03 21:10:31.605854,
IND,forestry-and-land-use,forest-land-clearing,2017-01-01 00:00:00,2017-12-31 00:00:00,co2e_100yr,86395068.12021136,tonnes,annual,2023-10-03 21:10:31.605885,
IND,forestry-and-land-use,forest-land-clearing,2017-01-01 00:00:00,2017-12-31 00:00:00,co2e_20yr,86395068.12021136,tonnes,annual,2023-10-03 21:10:31.605893,
IND,forestry-and-land-use,forest-land-clearing,2017-01-01 00:00:00,2017-12-31 00:00:00,n2o,,tonnes,annual,2023-10-03 21:10:31.605876,
IND,forestry-and-land-use,forest-land-clearing,2018-01-01 00:00:00,2018-12-31 00:00:00,ch4,,tonnes,annual,2023-10-03 21:10:31.79035,
IND,forestry-and-land-use,forest-land-clearing,2018-01-01 00:00:00,2018-12-31 00:00:00,co2,50068416.02548957,tonnes,annual,2023-10-03 21:10:31.790336,
IND,forestry-and-land-use,forest-land-clearing,2018-01-01 00:00:00,2018-12-31 00:00:00,co2e_100yr,50068416.02548957,tonnes,annual,2023-10-03 21:10:31.790367,
IND,forestry-and-land-use,forest-land-clearing,2018-01-01 00:00:00,2018-12-31 00:00:00,co2e_20yr,50068416.02548957,tonnes,annual,2023-10-03 21:10:31.790375,
IND,forestry-and-land-use,forest-land-clearing,2018-01-01 00:00:00,2018-12-31 00:00:00,n2o,,tonnes,annual,2023-10-03 21:10:31.790358,
IND,forestry-and-land-use,forest-land-clearing,2019-01-01 00:00:00,2019-12-31 00:00:00,ch4,,tonnes,annual,2023-10-03 21:10:31.94789,
IND,forestry-and-land-use,forest-land-clearing,2019-01-01 00:00:00,2019-12-31 00:00:00,co2,48752214.46529031,tonnes,annual,2023-10-03 21:10:31.947876,
IND,forestry-and-land-use,forest-land-clearing,2019-01-01 00:00:00,2019-12-31 00:00:00,co2e_100yr,48752214.46529031,tonnes,annual,2023-10-03 21:10:31.947907,
IND,forestry-and-land-use,forest-land-clearing,2019-01-01 00:00:00,2019-12-31 00:00:00,co2e_20yr,48752214.46529031,tonnes,annual,2023-10-03 21:10:31.947915,
IND,forestry-and-land-use,forest-land-clearing,2019-01-01 00:00:00,2019-12-31 00:00:00,n2o,,tonnes,annual,2023-10-03 21:10:31.947898,
IND,forestry-and-land-use,forest-land-clearing,2020-01-01 00:00:00,2020-12-31 00:00:00,ch4,,tonnes,annual,2023-10-03 21:10:32.106203,
IND,forestry-and-land-use,forest-land-clearing,2020-01-01 00:00:00,2020-12-31 00:00:00,co2,56082024.270668626,tonnes,annual,2023-10-03 21:10:32.10619,
IND,forestry-and-land-use,forest-land-clearing,2020-01-01 00:00:00,2020-12-31 00:00:00,co2e_100yr,56082024.270668626,tonnes,annual,2023-10-03 21:10:32.10622,
IND,forestry-and-land-use,forest-land-clearing,2020-01-01 00:00:00,2020-12-31 00:00:00,co2e_20yr,56082024.270668626,tonnes,annual,2023-10-03 21:10:32.106228,
IND,forestry-and-land-use,forest-land-clearing,2020-01-01 00:00:00,2020-12-31 00:00:00,n2o,,tonnes,annual,2023-10-03 21:10:32.106211,
IND,forestry-and-land-use,forest-land-clearing,2021-01-01 00:00:00,2021-12-31 00:00:00,ch4,,tonnes,annual,2023-10-03 21:10:32.271345,
IND,forestry-and-land-use,forest-land-clearing,2021-01-01 00:00:00,2021-12-31 00:00:00,co2,35687670.41154206,tonnes,annual,2023-10-03 21:10:32.271325,
IND,forestry-and-land-use,forest-land-clearing,2021-01-01 00:00:00,2021-12-31 00:00:00,co2e_100yr,35687670.41154206,tonnes,annual,2023-10-03 21:10:32.271374,
IND,forestry-and-land-use,forest-land-clearing,2021-01-01 00:00:00,2021-12-31 00:00:00,co2e_20yr,35687670.41154206,tonnes,annual,2023-10-03 21:10:32.271386,
IND,forestry-and-land-use,forest-land-clearing,2021-01-01 00:00:00,2021-12-31 00:00:00,n2o,,tonnes,annual,2023-10-03 21:10:32.27136,
IND,forestry-and-land-use,forest-land-clearing,2022-01-01 00:00:00,2022-12-31 00:00:00,ch4,,tonnes,annual,2023-10-03 21:10:32.431776,
IND,forestry-and-land-use,forest-land-clearing,2022-01-01 00:00:00,2022-12-31 00:00:00,co2,41901696.767657995,tonnes,annual,2023-10-03 21:10:32.431758,
IND,forestry-and-land-use,forest-land-clearing,2022-01-01 00:00:00,2022-12-31 00:00:00,co2e_100yr,41901696.767657995,tonnes,annual,2023-10-03 21:10:32.431805,
IND,forestry-and-land-use,forest-land-clearing,2022-01-01 00:00:00,2022-12-31 00:00:00,co2e_20yr,41901696.767657995,tonnes,annual,2023-10-03 21:10:32.431818,
IND,forestry-and-land-use,forest-land-clearing,2022-01-01 00:00:00,2022-12-31 00:00:00,n2o,,tonnes,annual,2023-10-03 21:10:32.43179,
