iso3_country,sector,subsector,start_time,end_time,gas,emissions_quantity,emissions_quantity_units,temporal_granularity,created_date,modified_date
IND,forestry-and-land-use,forest-land-degradation,2015-01-01 00:00:00,2015-12-31 00:00:00,ch4,0.0,tonnes,annual,2023-10-03 21:10:31.272131,
IND,forestry-and-land-use,forest-land-degradation,2015-01-01 00:00:00,2015-12-31 00:00:00,co2,5667063.474655151,tonnes,annual,2023-10-03 21:10:31.27212,
IND,forestry-and-land-use,forest-land-degradation,2015-01-01 00:00:00,2015-12-31 00:00:00,co2e_100yr,5667063.474655151,tonnes,annual,2023-10-03 21:10:31.272148,
IND,forestry-and-land-use,forest-land-degradation,2015-01-01 00:00:00,2015-12-31 00:00:00,co2e_20yr,5667063.474655151,tonnes,annual,2023-10-03 21:10:31.272156,
IND,forestry-and-land-use,forest-land-degradation,2015-01-01 00:00:00,2015-12-31 00:00:00,n2o,0.0,tonnes,annual,2023-10-03 21:10:31.272138,
IND,forestry-and-land-use,forest-land-degradation,2016-01-01 00:00:00,2016-12-31 00:00:00,ch4,0.0,tonnes,annual,2023-10-03 21:10:31.443088,
IND,forestry-and-land-use,forest-land-degradation,2016-01-01 00:00:00,2016-12-31 00:00:00,co2,7185049.1762161255,tonnes,annual,2023-10-03 21:10:31.443078,
IND,forestry-and-land-use,forest-land-degradation,2016-01-01 00:00:00,2016-12-31 00:00:00,co2e_100yr,7185049.1762161255,tonnes,annual,2023-10-03 21:10:31.443114,
IND,forestry-and-land-use,forest-land-degradation,2016-01-01 00:00:00,2016-12-31 00:00:00,co2e_20yr,7185049.1762161255,tonnes,annual,2023-10-03 21:10:31.443122,
IND,forestry-and-land-use,forest-land-degradation,2016-01-01 00:00:00,2016-12-31 00:00:00,n2o,0.0,tonnes,annual,2023-10-03 21:10:31.443103,
IND,forestry-and-land-use,forest-land-degradation,2017-01-01 00:00:00,2017-12-31 00:00:00,ch4,0.0,tonnes,annual,2023-10-03 21:10:31.59683,
IND,forestry-and-land-use,forest-land-degradation,2017-01-01 00:00:00,2017-12-31 00:00:00,co2,10325543.16520691,tonnes,annual,2023-10-03 21:10:31.59682,
IND,forestry-and-land-use,forest-land-degradation,2017-01-01 00:00:00,2017-12-31 00:00:00,co2e_100yr,10325543.16520691,tonnes,annual,2023-10-03 21:10:31.596846,
IND,forestry-and-land-use,forest-land-degradation,2017-01-01 00:00:00,2017-12-31 00:00:00,co2e_20yr,10325543.16520691,tonnes,annual,2023-10-03 21:10:31.596854,
IND,forestry-and-land-use,forest-land-degradation,2017-01-01 00:00:00,2017-12-31 00:00:00,n2o,0.0,tonnes,annual,2023-10-03 21:10:31.596837,
IND,forestry-and-land-use,forest-land-degradation,2018-01-01 00:00:00,2018-12-31 00:00:00,ch4,0.0,tonnes,annual,2023-10-03 21:10:31.755087,
IND,forestry-and-land-use,forest-land-degradation,2018-01-01 00:00:00,2018-12-31 00:00:00,co2,4781275.510787963,tonnes,annual,2023-10-03 21:10:31.75507,
IND,forestry-and-land-use,forest-land-degradation,2018-01-01 00:00:00,2018-12-31 00:00:00,co2e_100yr,4781275.510787963,tonnes,annual,2023-10-03 21:10:31.755124,
IND,forestry-and-land-use,forest-land-degradation,2018-01-01 00:00:00,2018-12-31 00:00:00,co2e_20yr,4781275.510787963,tonnes,annual,2023-10-03 21:10:31.755158,
IND,forestry-and-land-use,forest-land-degradation,2018-01-01 00:00:00,2018-12-31 00:00:00,n2o,0.0,tonnes,annual,2023-10-03 21:10:31.755101,
IND,forestry-and-land-use,forest-land-degradation,2019-01-01 00:00:00,2019-12-31 00:00:00,ch4,0.0,tonnes,annual,2023-10-03 21:10:31.917359,
IND,forestry-and-land-use,forest-land-degradation,2019-01-01 00:00:00,2019-12-31 00:00:00,co2,5039918.422698974,tonnes,annual,2023-10-03 21:10:31.917348,
IND,forestry-and-land-use,forest-land-degradation,2019-01-01 00:00:00,2019-12-31 00:00:00,co2e_100yr,5039918.422698974,tonnes,annual,2023-10-03 21:10:31.917375,
IND,forestry-and-land-use,forest-land-degradation,2019-01-01 00:00:00,2019-12-31 00:00:00,co2e_20yr,5039918.422698974,tonnes,annual,2023-10-03 21:10:31.917383,
IND,forestry-and-land-use,forest-land-degradation,2019-01-01 00:00:00,2019-12-31 00:00:00,n2o,0.0,tonnes,annual,2023-10-03 21:10:31.917366,
IND,forestry-and-land-use,forest-land-degradation,2020-01-01 00:00:00,2020-12-31 00:00:00,ch4,0.0,tonnes,annual,2023-10-03 21:10:32.070262,
IND,forestry-and-land-use,forest-land-degradation,2020-01-01 00:00:00,2020-12-31 00:00:00,co2,5651511.907577515,tonnes,annual,2023-10-03 21:10:32.070252,
IND,forestry-and-land-use,forest-land-degradation,2020-01-01 00:00:00,2020-12-31 00:00:00,co2e_100yr,5651511.907577515,tonnes,annual,2023-10-03 21:10:32.070279,
IND,forestry-and-land-use,forest-land-degradation,2020-01-01 00:00:00,2020-12-31 00:00:00,co2e_20yr,5651511.907577515,tonnes,annual,2023-10-03 21:10:32.070286,
IND,forestry-and-land-use,forest-land-degradation,2020-01-01 00:00:00,2020-12-31 00:00:00,n2o,0.0,tonnes,annual,2023-10-03 21:10:32.070269,
IND,forestry-and-land-use,forest-land-degradation,2021-01-01 00:00:00,2021-12-31 00:00:00,ch4,0.0,tonnes,annual,2023-10-03 21:10:32.234178,
IND,forestry-and-land-use,forest-land-degradation,2021-01-01 00:00:00,2021-12-31 00:00:00,co2,3908486.366271972,tonnes,annual,2023-10-03 21:10:32.234159,
IND,forestry-and-land-use,forest-land-degradation,2021-01-01 00:00:00,2021-12-31 00:00:00,co2e_100yr,3908486.366271972,tonnes,annual,2023-10-03 21:10:32.234208,
IND,forestry-and-land-use,forest-land-degradation,2021-01-01 00:00:00,2021-12-31 00:00:00,co2e_20yr,3908486.366271972,tonnes,annual,2023-10-03 21:10:32.234224,
IND,forestry-and-land-use,forest-land-degradation,2021-01-01 00:00:00,2021-12-31 00:00:00,n2o,0.0,tonnes,annual,2023-10-03 21:10:32.234191,
IND,forestry-and-land-use,forest-land-degradation,2022-01-01 00:00:00,2022-12-31 00:00:00,ch4,0.0,tonnes,annual,2023-10-03 21:10:32.400349,
IND,forestry-and-land-use,forest-land-degradation,2022-01-01 00:00:00,2022-12-31 00:00:00,co2,4635913.729667664,tonnes,annual,2023-10-03 21:10:32.400339,
IND,forestry-and-land-use,forest-land-degradation,2022-01-01 00:00:00,2022-12-31 00:00:00,co2e_100yr,4635913.729667664,tonnes,annual,2023-10-03 21:10:32.400366,
IND,forestry-and-land-use,forest-land-degradation,2022-01-01 00:00:00,2022-12-31 00:00:00,co2e_20yr,4635913.729667664,tonnes,annual,2023-10-03 21:10:32.40038,
IND,forestry-and-land-use,forest-land-degradation,2022-01-01 00:00:00,2022-12-31 00:00:00,n2o,0.0,tonnes,annual,2023-10-03 21:10:32.400356,
