iso3_country,sector,subsector,start_time,end_time,gas,emissions_quantity,emissions_quantity_units,temporal_granularity,created_date,modified_date
IND,forestry-and-land-use,net-forest-land,2016-01-01 00:00:00,2016-12-31 00:00:00,ch4,0.0,tonnes,annual,2023-10-03 21:10:31.581117,
IND,forestry-and-land-use,net-forest-land,2016-01-01 00:00:00,2016-12-31 00:00:00,co2,79764965.95430432,tonnes,annual,2023-10-03 21:10:31.581108,
IND,forestry-and-land-use,net-forest-land,2016-01-01 00:00:00,2016-12-31 00:00:00,co2e_100yr,79764965.95430432,tonnes,annual,2023-10-03 21:10:31.581133,
IND,forestry-and-land-use,net-forest-land,2016-01-01 00:00:00,2016-12-31 00:00:00,co2e_20yr,79764965.95430432,tonnes,annual,2023-10-03 21:10:31.581141,
IND,forestry-and-land-use,net-forest-land,2016-01-01 00:00:00,2016-12-31 00:00:00,n2o,0.0,tonnes,annual,2023-10-03 21:10:31.581124,
IND,forestry-and-land-use,net-forest-land,2017-01-01 00:00:00,2017-12-31 00:00:00,ch4,0.0,tonnes,annual,2023-10-03 21:10:31.760723,
IND,forestry-and-land-use,net-forest-land,2017-01-01 00:00:00,2017-12-31 00:00:00,co2,42328764.74756461,tonnes,annual,2023-10-03 21:10:31.760714,
IND,forestry-and-land-use,net-forest-land,2017-01-01 00:00:00,2017-12-31 00:00:00,co2e_100yr,42328764.74756461,tonnes,annual,2023-10-03 21:10:31.760739,
IND,forestry-and-land-use,net-forest-land,2017-01-01 00:00:00,2017-12-31 00:00:00,co2e_20yr,42328764.74756461,tonnes,annual,2023-10-03 21:10:31.760751,
IND,forestry-and-land-use,net-forest-land,2017-01-01 00:00:00,2017-12-31 00:00:00,n2o,0.0,tonnes,annual,2023-10-03 21:10:31.76073,
IND,forestry-and-land-use,net-forest-land,2018-01-01 00:00:00,2018-12-31 00:00:00,ch4,0.0,tonnes,annual,2023-10-03 21:10:31.940191,
IND,forestry-and-land-use,net-forest-land,2018-01-01 00:00:00,2018-12-31 00:00:00,co2,-100001817.2776446,tonnes,annual,2023-10-03 21:10:31.940174,
IND,forestry-and-land-use,net-forest-land,2018-01-01 00:00:00,2018-12-31 00:00:00,co2e_100yr,-100001817.2776446,tonnes,annual,2023-10-03 21:10:31.94022,
IND,forestry-and-land-use,net-forest-land,2018-01-01 00:00:00,2018-12-31 00:00:00,co2e_20yr,-100001817.2776446,tonnes,annual,2023-10-03 21:10:31.940233,
IND,forestry-and-land-use,net-forest-land,2018-01-01 00:00:00,2018-12-31 00:00:00,n2o,0.0,tonnes,annual,2023-10-03 21:10:31.940205,
IND,forestry-and-land-use,net-forest-land,2019-01-01 00:00:00,2019-12-31 00:00:00,ch4,0.0,tonnes,annual,2023-10-03 21:10:32.126492,
IND,forestry-and-land-use,net-forest-land,2019-01-01 00:00:00,2019-12-31 00:00:00,co2,16945688.94329916,tonnes,annual,2023-10-03 21:10:32.126476,
IND,forestry-and-land-use,net-forest-land,2019-01-01 00:00:00,2019-12-31 00:00:00,co2e_100yr,16945688.94329916,tonnes,annual,2023-10-03 21:10:32.126523,
IND,forestry-and-land-use,net-forest-land,2019-01-01 00:00:00,2019-12-31 00:00:00,co2e_20yr,16945688.94329916,tonnes,annual,2023-10-03 21:10:32.126539,
IND,forestry-and-land-use,net-forest-land,2019-01-01 00:00:00,2019-12-31 00:00:00,n2o,0.0,tonnes,annual,2023-10-03 21:10:32.126507,
IND,forestry-and-land-use,net-forest-land,2020-01-01 00:00:00,2020-12-31 00:00:00,ch4,0.0,tonnes,annual,2023-10-03 21:10:32.283419,
IND,forestry-and-land-use,net-forest-land,2020-01-01 00:00:00,2020-12-31 00:00:00,co2,-85120589.61859667,tonnes,annual,2023-10-03 21:10:32.28341,
IND,forestry-and-land-use,net-forest-land,2020-01-01 00:00:00,2020-12-31 00:00:00,co2e_100yr,-85120589.61859667,tonnes,annual,2023-10-03 21:10:32.283435,
IND,forestry-and-land-use,net-forest-land,2020-01-01 00:00:00,2020-12-31 00:00:00,co2e_20yr,-85120589.61859667,tonnes,annual,2023-10-03 21:10:32.283443,
IND,forestry-and-land-use,net-forest-land,2020-01-01 00:00:00,2020-12-31 00:00:00,n2o,0.0,tonnes,annual,2023-10-03 21:10:32.283426,
IND,forestry-and-land-use,net-forest-land,2021-01-01 00:00:00,2021-12-31 00:00:00,ch4,0.0,tonnes,annual,2023-10-03 21:10:32.462461,
IND,forestry-and-land-use,net-forest-land,2021-01-01 00:00:00,2021-12-31 00:00:00,co2,-8423202.811534679,tonnes,annual,2023-10-03 21:10:32.46245,
IND,forestry-and-land-use,net-forest-land,2021-01-01 00:00:00,2021-12-31 00:00:00,co2e_100yr,-8423202.811534679,tonnes,annual,2023-10-03 21:10:32.462477,
IND,forestry-and-land-use,net-forest-land,2021-01-01 00:00:00,2021-12-31 00:00:00,co2e_20yr,-8423202.811534679,tonnes,annual,2023-10-03 21:10:32.462485,
IND,forestry-and-land-use,net-forest-land,2021-01-01 00:00:00,2021-12-31 00:00:00,n2o,0.0,tonnes,annual,2023-10-03 21:10:32.462468,
IND,forestry-and-land-use,net-forest-land,2022-01-01 00:00:00,2022-12-31 00:00:00,ch4,0.0,tonnes,annual,2023-10-03 21:10:32.666793,
IND,forestry-and-land-use,net-forest-land,2022-01-01 00:00:00,2022-12-31 00:00:00,co2,-50050521.88589797,tonnes,annual,2023-10-03 21:10:32.666776,
IND,forestry-and-land-use,net-forest-land,2022-01-01 00:00:00,2022-12-31 00:00:00,co2e_100yr,-50050521.88589797,tonnes,annual,2023-10-03 21:10:32.666826,
IND,forestry-and-land-use,net-forest-land,2022-01-01 00:00:00,2022-12-31 00:00:00,co2e_20yr,-50050521.88589797,tonnes,annual,2023-10-03 21:10:32.666844,
IND,forestry-and-land-use,net-forest-land,2022-01-01 00:00:00,2022-12-31 00:00:00,n2o,0.0,tonnes,annual,2023-10-03 21:10:32.666808,
