iso3_country,sector,subsector,start_time,end_time,gas,emissions_quantity,emissions_quantity_units,temporal_granularity,created_date,modified_date
IND,forestry-and-land-use,net-shrubgrass,2016-01-01 00:00:00,2016-12-31 00:00:00,ch4,0.0,tonnes,annual,2023-10-03 21:10:34.813532,
IND,forestry-and-land-use,net-shrubgrass,2016-01-01 00:00:00,2016-12-31 00:00:00,co2,6431893.433762674,tonnes,annual,2023-10-03 21:10:34.813447,
IND,forestry-and-land-use,net-shrubgrass,2016-01-01 00:00:00,2016-12-31 00:00:00,co2e_100yr,6431893.433762674,tonnes,annual,2023-10-03 21:10:34.81355,
IND,forestry-and-land-use,net-shrubgrass,2016-01-01 00:00:00,2016-12-31 00:00:00,co2e_20yr,6431893.433762674,tonnes,annual,2023-10-03 21:10:34.813558,
IND,forestry-and-land-use,net-shrubgrass,2016-01-01 00:00:00,2016-12-31 00:00:00,n2o,0.0,tonnes,annual,2023-10-03 21:10:34.813541,
IND,forestry-and-land-use,net-shrubgrass,2017-01-01 00:00:00,2017-12-31 00:00:00,ch4,0.0,tonnes,annual,2023-10-03 21:10:34.946744,
IND,forestry-and-land-use,net-shrubgrass,2017-01-01 00:00:00,2017-12-31 00:00:00,co2,5920085.592196763,tonnes,annual,2023-10-03 21:10:34.946735,
IND,forestry-and-land-use,net-shrubgrass,2017-01-01 00:00:00,2017-12-31 00:00:00,co2e_100yr,5920085.592196763,tonnes,annual,2023-10-03 21:10:34.946759,
IND,forestry-and-land-use,net-shrubgrass,2017-01-01 00:00:00,2017-12-31 00:00:00,co2e_20yr,5920085.592196763,tonnes,annual,2023-10-03 21:10:34.94677,
IND,forestry-and-land-use,net-shrubgrass,2017-01-01 00:00:00,2017-12-31 00:00:00,n2o,0.0,tonnes,annual,2023-10-03 21:10:34.946751,
IND,forestry-and-land-use,net-shrubgrass,2018-01-01 00:00:00,2018-12-31 00:00:00,ch4,0.0,tonnes,annual,2023-10-03 21:10:35.079534,
IND,forestry-and-land-use,net-shrubgrass,2018-01-01 00:00:00,2018-12-31 00:00:00,co2,1005684.7676152393,tonnes,annual,2023-10-03 21:10:35.079525,
IND,forestry-and-land-use,net-shrubgrass,2018-01-01 00:00:00,2018-12-31 00:00:00,co2e_100yr,1005684.7676152393,tonnes,annual,2023-10-03 21:10:35.07955,
IND,forestry-and-land-use,net-shrubgrass,2018-01-01 00:00:00,2018-12-31 00:00:00,co2e_20yr,1005684.7676152393,tonnes,annual,2023-10-03 21:10:35.079558,
IND,forestry-and-land-use,net-shrubgrass,2018-01-01 00:00:00,2018-12-31 00:00:00,n2o,0.0,tonnes,annual,2023-10-03 21:10:35.079541,
IND,forestry-and-land-use,net-shrubgrass,2019-01-01 00:00:00,2019-12-31 00:00:00,ch4,0.0,tonnes,annual,2023-10-03 21:10:35.211847,
IND,forestry-and-land-use,net-shrubgrass,2019-01-01 00:00:00,2019-12-31 00:00:00,co2,-13438952.520217238,tonnes,annual,2023-10-03 21:10:35.211838,
IND,forestry-and-land-use,net-shrubgrass,2019-01-01 00:00:00,2019-12-31 00:00:00,co2e_100yr,-13438952.520217238,tonnes,annual,2023-10-03 21:10:35.211863,
IND,forestry-and-land-use,net-shrubgrass,2019-01-01 00:00:00,2019-12-31 00:00:00,co2e_20yr,-13438952.520217238,tonnes,annual,2023-10-03 21:10:35.211871,
IND,forestry-and-land-use,net-shrubgrass,2019-01-01 00:00:00,2019-12-31 00:00:00,n2o,0.0,tonnes,annual,2023-10-03 21:10:35.211854,
IND,forestry-and-land-use,net-shrubgrass,2020-01-01 00:00:00,2020-12-31 00:00:00,ch4,0.0,tonnes,annual,2023-10-03 21:10:35.344914,
IND,forestry-and-land-use,net-shrubgrass,2020-01-01 00:00:00,2020-12-31 00:00:00,co2,13155275.416474257,tonnes,annual,2023-10-03 21:10:35.344904,
IND,forestry-and-land-use,net-shrubgrass,2020-01-01 00:00:00,2020-12-31 00:00:00,co2e_100yr,13155275.416474257,tonnes,annual,2023-10-03 21:10:35.344929,
IND,forestry-and-land-use,net-shrubgrass,2020-01-01 00:00:00,2020-12-31 00:00:00,co2e_20yr,13155275.416474257,tonnes,annual,2023-10-03 21:10:35.344937,
IND,forestry-and-land-use,net-shrubgrass,2020-01-01 00:00:00,2020-12-31 00:00:00,n2o,0.0,tonnes,annual,2023-10-03 21:10:35.34492,
IND,forestry-and-land-use,net-shrubgrass,2021-01-01 00:00:00,2021-12-31 00:00:00,ch4,0.0,tonnes,annual,2023-10-03 21:10:35.48128,
IND,forestry-and-land-use,net-shrubgrass,2021-01-01 00:00:00,2021-12-31 00:00:00,co2,-1461375.282582659,tonnes,annual,2023-10-03 21:10:35.48127,
IND,forestry-and-land-use,net-shrubgrass,2021-01-01 00:00:00,2021-12-31 00:00:00,co2e_100yr,-1461375.282582659,tonnes,annual,2023-10-03 21:10:35.481295,
IND,forestry-and-land-use,net-shrubgrass,2021-01-01 00:00:00,2021-12-31 00:00:00,co2e_20yr,-1461375.282582659,tonnes,annual,2023-10-03 21:10:35.481303,
IND,forestry-and-land-use,net-shrubgrass,2021-01-01 00:00:00,2021-12-31 00:00:00,n2o,0.0,tonnes,annual,2023-10-03 21:10:35.481286,
IND,forestry-and-land-use,net-shrubgrass,2022-01-01 00:00:00,2022-12-31 00:00:00,ch4,0.0,tonnes,annual,2023-10-03 21:10:35.62031,
IND,forestry-and-land-use,net-shrubgrass,2022-01-01 00:00:00,2022-12-31 00:00:00,co2,-36499776.167584546,tonnes,annual,2023-10-03 21:10:35.6203,
IND,forestry-and-land-use,net-shrubgrass,2022-01-01 00:00:00,2022-12-31 00:00:00,co2e_100yr,-36499776.167584546,tonnes,annual,2023-10-03 21:10:35.620325,
IND,forestry-and-land-use,net-shrubgrass,2022-01-01 00:00:00,2022-12-31 00:00:00,co2e_20yr,-36499776.167584546,tonnes,annual,2023-10-03 21:10:35.620334,
IND,forestry-and-land-use,net-shrubgrass,2022-01-01 00:00:00,2022-12-31 00:00:00,n2o,0.0,tonnes,annual,2023-10-03 21:10:35.620317,
