iso3_country,sector,subsector,start_time,end_time,gas,emissions_quantity,emissions_quantity_units,temporal_granularity,created_date,modified_date
IND,forestry-and-land-use,net-wetland,2016-01-01 00:00:00,2016-12-31 00:00:00,ch4,0.0,tonnes,annual,2023-10-03 21:10:31.698784,
IND,forestry-and-land-use,net-wetland,2016-01-01 00:00:00,2016-12-31 00:00:00,co2,-353784.93472624186,tonnes,annual,2023-10-03 21:10:31.698768,
IND,forestry-and-land-use,net-wetland,2016-01-01 00:00:00,2016-12-31 00:00:00,co2e_100yr,-353784.93472624186,tonnes,annual,2023-10-03 21:10:31.698812,
IND,forestry-and-land-use,net-wetland,2016-01-01 00:00:00,2016-12-31 00:00:00,co2e_20yr,-353784.93472624186,tonnes,annual,2023-10-03 21:10:31.698827,
IND,forestry-and-land-use,net-wetland,2016-01-01 00:00:00,2016-12-31 00:00:00,n2o,0.0,tonnes,annual,2023-10-03 21:10:31.698797,
IND,forestry-and-land-use,net-wetland,2017-01-01 00:00:00,2017-12-31 00:00:00,ch4,0.0,tonnes,annual,2023-10-03 21:10:31.867171,
IND,forestry-and-land-use,net-wetland,2017-01-01 00:00:00,2017-12-31 00:00:00,co2,-887976.8123574883,tonnes,annual,2023-10-03 21:10:31.867161,
IND,forestry-and-land-use,net-wetland,2017-01-01 00:00:00,2017-12-31 00:00:00,co2e_100yr,-887976.8123574883,tonnes,annual,2023-10-03 21:10:31.867187,
IND,forestry-and-land-use,net-wetland,2017-01-01 00:00:00,2017-12-31 00:00:00,co2e_20yr,-887976.8123574883,tonnes,annual,2023-10-03 21:10:31.867199,
IND,forestry-and-land-use,net-wetland,2017-01-01 00:00:00,2017-12-31 00:00:00,n2o,0.0,tonnes,annual,2023-10-03 21:10:31.867178,
IND,forestry-and-land-use,net-wetland,2018-01-01 00:00:00,2018-12-31 00:00:00,ch4,0.0,tonnes,annual,2023-10-03 21:10:32.034611,
IND,forestry-and-land-use,net-wetland,2018-01-01 00:00:00,2018-12-31 00:00:00,co2,1930216.918552076,tonnes,annual,2023-10-03 21:10:32.034595,
IND,forestry-and-land-use,net-wetland,2018-01-01 00:00:00,2018-12-31 00:00:00,co2e_100yr,1930216.918552076,tonnes,annual,2023-10-03 21:10:32.034639,
IND,forestry-and-land-use,net-wetland,2018-01-01 00:00:00,2018-12-31 00:00:00,co2e_20yr,1930216.918552076,tonnes,annual,2023-10-03 21:10:32.034654,
IND,forestry-and-land-use,net-wetland,2018-01-01 00:00:00,2018-12-31 00:00:00,n2o,0.0,tonnes,annual,2023-10-03 21:10:32.034624,
IND,forestry-and-land-use,net-wetland,2019-01-01 00:00:00,2019-12-31 00:00:00,ch4,0.0,tonnes,annual,2023-10-03 21:10:32.203527,
IND,forestry-and-land-use,net-wetland,2019-01-01 00:00:00,2019-12-31 00:00:00,co2,-3028288.255323718,tonnes,annual,2023-10-03 21:10:32.203516,
IND,forestry-and-land-use,net-wetland,2019-01-01 00:00:00,2019-12-31 00:00:00,co2e_100yr,-3028288.255323718,tonnes,annual,2023-10-03 21:10:32.203543,
IND,forestry-and-land-use,net-wetland,2019-01-01 00:00:00,2019-12-31 00:00:00,co2e_20yr,-3028288.255323718,tonnes,annual,2023-10-03 21:10:32.203552,
IND,forestry-and-land-use,net-wetland,2019-01-01 00:00:00,2019-12-31 00:00:00,n2o,0.0,tonnes,annual,2023-10-03 21:10:32.203534,
IND,forestry-and-land-use,net-wetland,2020-01-01 00:00:00,2020-12-31 00:00:00,ch4,0.0,tonnes,annual,2023-10-03 21:10:32.389729,
IND,forestry-and-land-use,net-wetland,2020-01-01 00:00:00,2020-12-31 00:00:00,co2,2882847.9373233425,tonnes,annual,2023-10-03 21:10:32.38972,
IND,forestry-and-land-use,net-wetland,2020-01-01 00:00:00,2020-12-31 00:00:00,co2e_100yr,2882847.9373233425,tonnes,annual,2023-10-03 21:10:32.389745,
IND,forestry-and-land-use,net-wetland,2020-01-01 00:00:00,2020-12-31 00:00:00,co2e_20yr,2882847.9373233425,tonnes,annual,2023-10-03 21:10:32.389753,
IND,forestry-and-land-use,net-wetland,2020-01-01 00:00:00,2020-12-31 00:00:00,n2o,0.0,tonnes,annual,2023-10-03 21:10:32.389736,
IND,forestry-and-land-use,net-wetland,2021-01-01 00:00:00,2021-12-31 00:00:00,ch4,0.0,tonnes,annual,2023-10-03 21:10:32.585405,
IND,forestry-and-land-use,net-wetland,2021-01-01 00:00:00,2021-12-31 00:00:00,co2,-1734021.7021302497,tonnes,annual,2023-10-03 21:10:32.585391,
IND,forestry-and-land-use,net-wetland,2021-01-01 00:00:00,2021-12-31 00:00:00,co2e_100yr,-1734021.7021302497,tonnes,annual,2023-10-03 21:10:32.585433,
IND,forestry-and-land-use,net-wetland,2021-01-01 00:00:00,2021-12-31 00:00:00,co2e_20yr,-1734021.7021302497,tonnes,annual,2023-10-03 21:10:32.585447,
IND,forestry-and-land-use,net-wetland,2021-01-01 00:00:00,2021-12-31 00:00:00,n2o,0.0,tonnes,annual,2023-10-03 21:10:32.585418,
IND,forestry-and-land-use,net-wetland,2022-01-01 00:00:00,2022-12-31 00:00:00,ch4,0.0,tonnes,annual,2023-10-03 21:10:32.775891,
IND,forestry-and-land-use,net-wetland,2022-01-01 00:00:00,2022-12-31 00:00:00,co2,-1706883.8302170169,tonnes,annual,2023-10-03 21:10:32.775881,
IND,forestry-and-land-use,net-wetland,2022-01-01 00:00:00,2022-12-31 00:00:00,co2e_100yr,-1706883.8302170169,tonnes,annual,2023-10-03 21:10:32.775907,
IND,forestry-and-land-use,net-wetland,2022-01-01 00:00:00,2022-12-31 00:00:00,co2e_20yr,-1706883.8302170169,tonnes,annual,2023-10-03 21:10:32.775915,
IND,forestry-and-land-use,net-wetland,2022-01-01 00:00:00,2022-12-31 00:00:00,n2o,0.0,tonnes,annual,2023-10-03 21:10:32.775898,
