iso3_country,sector,subsector,start_time,end_time,gas,emissions_quantity,emissions_quantity_units,temporal_granularity,created_date,modified_date
IND,forestry-and-land-use,removals,2015-01-01 00:00:00,2015-12-31 00:00:00,ch4,0.0,tonnes,annual,2023-10-03 21:10:31.101234,
IND,forestry-and-land-use,removals,2015-01-01 00:00:00,2015-12-31 00:00:00,co2,-105389140.6740712,tonnes,annual,2023-10-03 21:10:31.101223,
IND,forestry-and-land-use,removals,2015-01-01 00:00:00,2015-12-31 00:00:00,co2e_100yr,-105389140.6740712,tonnes,annual,2023-10-03 21:10:31.101268,
IND,forestry-and-land-use,removals,2015-01-01 00:00:00,2015-12-31 00:00:00,co2e_20yr,-105389140.6740712,tonnes,annual,2023-10-03 21:10:31.101278,
IND,forestry-and-land-use,removals,2015-01-01 00:00:00,2015-12-31 00:00:00,n2o,0.0,tonnes,annual,2023-10-03 21:10:31.101241,
IND,forestry-and-land-use,removals,2016-01-01 00:00:00,2016-12-31 00:00:00,ch4,0.0,tonnes,annual,2023-10-03 21:10:31.248889,
IND,forestry-and-land-use,removals,2016-01-01 00:00:00,2016-12-31 00:00:00,co2,-222157750.72474763,tonnes,annual,2023-10-03 21:10:31.24888,
IND,forestry-and-land-use,removals,2016-01-01 00:00:00,2016-12-31 00:00:00,co2e_100yr,-222157750.72474763,tonnes,annual,2023-10-03 21:10:31.248905,
IND,forestry-and-land-use,removals,2016-01-01 00:00:00,2016-12-31 00:00:00,co2e_20yr,-222157750.72474763,tonnes,annual,2023-10-03 21:10:31.248913,
IND,forestry-and-land-use,removals,2016-01-01 00:00:00,2016-12-31 00:00:00,n2o,0.0,tonnes,annual,2023-10-03 21:10:31.248896,
IND,forestry-and-land-use,removals,2017-01-01 00:00:00,2017-12-31 00:00:00,ch4,0.0,tonnes,annual,2023-10-03 21:10:31.400436,
IND,forestry-and-land-use,removals,2017-01-01 00:00:00,2017-12-31 00:00:00,co2,-182537782.7587325,tonnes,annual,2023-10-03 21:10:31.400427,
IND,forestry-and-land-use,removals,2017-01-01 00:00:00,2017-12-31 00:00:00,co2e_100yr,-182537782.7587325,tonnes,annual,2023-10-03 21:10:31.400452,
IND,forestry-and-land-use,removals,2017-01-01 00:00:00,2017-12-31 00:00:00,co2e_20yr,-182537782.7587325,tonnes,annual,2023-10-03 21:10:31.40046,
IND,forestry-and-land-use,removals,2017-01-01 00:00:00,2017-12-31 00:00:00,n2o,0.0,tonnes,annual,2023-10-03 21:10:31.400443,
IND,forestry-and-land-use,removals,2018-01-01 00:00:00,2018-12-31 00:00:00,ch4,0.0,tonnes,annual,2023-10-03 21:10:31.562628,
IND,forestry-and-land-use,removals,2018-01-01 00:00:00,2018-12-31 00:00:00,co2,-255375502.08998725,tonnes,annual,2023-10-03 21:10:31.562619,
IND,forestry-and-land-use,removals,2018-01-01 00:00:00,2018-12-31 00:00:00,co2e_100yr,-255375502.08998725,tonnes,annual,2023-10-03 21:10:31.562644,
IND,forestry-and-land-use,removals,2018-01-01 00:00:00,2018-12-31 00:00:00,co2e_20yr,-255375502.08998725,tonnes,annual,2023-10-03 21:10:31.562652,
IND,forestry-and-land-use,removals,2018-01-01 00:00:00,2018-12-31 00:00:00,n2o,0.0,tonnes,annual,2023-10-03 21:10:31.562635,
IND,forestry-and-land-use,removals,2019-01-01 00:00:00,2019-12-31 00:00:00,ch4,0.0,tonnes,annual,2023-10-03 21:10:31.720742,
IND,forestry-and-land-use,removals,2019-01-01 00:00:00,2019-12-31 00:00:00,co2,-149405307.066704,tonnes,annual,2023-10-03 21:10:31.720732,
IND,forestry-and-land-use,removals,2019-01-01 00:00:00,2019-12-31 00:00:00,co2e_100yr,-149405307.066704,tonnes,annual,2023-10-03 21:10:31.720757,
IND,forestry-and-land-use,removals,2019-01-01 00:00:00,2019-12-31 00:00:00,co2e_20yr,-149405307.066704,tonnes,annual,2023-10-03 21:10:31.720764,
IND,forestry-and-land-use,removals,2019-01-01 00:00:00,2019-12-31 00:00:00,n2o,0.0,tonnes,annual,2023-10-03 21:10:31.720749,
IND,forestry-and-land-use,removals,2020-01-01 00:00:00,2020-12-31 00:00:00,ch4,0.0,tonnes,annual,2023-10-03 21:10:31.863932,
IND,forestry-and-land-use,removals,2020-01-01 00:00:00,2020-12-31 00:00:00,co2,-190435148.64055583,tonnes,annual,2023-10-03 21:10:31.863922,
IND,forestry-and-land-use,removals,2020-01-01 00:00:00,2020-12-31 00:00:00,co2e_100yr,-190435148.64055583,tonnes,annual,2023-10-03 21:10:31.863947,
IND,forestry-and-land-use,removals,2020-01-01 00:00:00,2020-12-31 00:00:00,co2e_20yr,-190435148.64055583,tonnes,annual,2023-10-03 21:10:31.863955,
IND,forestry-and-land-use,removals,2020-01-01 00:00:00,2020-12-31 00:00:00,n2o,0.0,tonnes,annual,2023-10-03 21:10:31.863939,
IND,forestry-and-land-use,removals,2021-01-01 00:00:00,2021-12-31 00:00:00,ch4,0.0,tonnes,annual,2023-10-03 21:10:32.05283,
IND,forestry-and-land-use,removals,2021-01-01 00:00:00,2021-12-31 00:00:00,co2,-228172100.67881188,tonnes,annual,2023-10-03 21:10:32.05282,
IND,forestry-and-land-use,removals,2021-01-01 00:00:00,2021-12-31 00:00:00,co2e_100yr,-228172100.67881188,tonnes,annual,2023-10-03 21:10:32.052846,
IND,forestry-and-land-use,removals,2021-01-01 00:00:00,2021-12-31 00:00:00,co2e_20yr,-228172100.67881188,tonnes,annual,2023-10-03 21:10:32.052854,
IND,forestry-and-land-use,removals,2021-01-01 00:00:00,2021-12-31 00:00:00,n2o,0.0,tonnes,annual,2023-10-03 21:10:32.052837,
IND,forestry-and-land-use,removals,2022-01-01 00:00:00,2022-12-31 00:00:00,ch4,0.0,tonnes,annual,2023-10-03 21:10:32.233585,
IND,forestry-and-land-use,removals,2022-01-01 00:00:00,2022-12-31 00:00:00,co2,-192082192.18432897,tonnes,annual,2023-10-03 21:10:32.23357,
IND,forestry-and-land-use,removals,2022-01-01 00:00:00,2022-12-31 00:00:00,co2e_100yr,-192082192.18432897,tonnes,annual,2023-10-03 21:10:32.23361,
IND,forestry-and-land-use,removals,2022-01-01 00:00:00,2022-12-31 00:00:00,co2e_20yr,-192082192.18432897,tonnes,annual,2023-10-03 21:10:32.233623,
IND,forestry-and-land-use,removals,2022-01-01 00:00:00,2022-12-31 00:00:00,n2o,0.0,tonnes,annual,2023-10-03 21:10:32.233597,
