iso3_country,sector,subsector,start_time,end_time,gas,emissions_quantity,emissions_quantity_units,temporal_granularity,created_date,modified_date
IND,forestry-and-land-use,shrubgrass-fires,2015-01-01 00:00:00,2015-12-31 00:00:00,ch4,0.0,tonnes,annual,2023-10-03 21:10:31.471234,
IND,forestry-and-land-use,shrubgrass-fires,2015-01-01 00:00:00,2015-12-31 00:00:00,co2,1585314.4917091418,tonnes,annual,2023-10-03 21:10:31.471224,
IND,forestry-and-land-use,shrubgrass-fires,2015-01-01 00:00:00,2015-12-31 00:00:00,co2e_100yr,1585314.4917091418,tonnes,annual,2023-10-03 21:10:31.47125,
IND,forestry-and-land-use,shrubgrass-fires,2015-01-01 00:00:00,2015-12-31 00:00:00,co2e_20yr,1585314.4917091418,tonnes,annual,2023-10-03 21:10:31.471258,
IND,forestry-and-land-use,shrubgrass-fires,2015-01-01 00:00:00,2015-12-31 00:00:00,n2o,0.0,tonnes,annual,2023-10-03 21:10:31.471241,
IND,forestry-and-land-use,shrubgrass-fires,2016-01-01 00:00:00,2016-12-31 00:00:00,ch4,0.0,tonnes,annual,2023-10-03 21:10:31.637913,
IND,forestry-and-land-use,shrubgrass-fires,2016-01-01 00:00:00,2016-12-31 00:00:00,co2,4619092.848151922,tonnes,annual,2023-10-03 21:10:31.637897,
IND,forestry-and-land-use,shrubgrass-fires,2016-01-01 00:00:00,2016-12-31 00:00:00,co2e_100yr,4619092.848151922,tonnes,annual,2023-10-03 21:10:31.637952,
IND,forestry-and-land-use,shrubgrass-fires,2016-01-01 00:00:00,2016-12-31 00:00:00,co2e_20yr,4619092.848151922,tonnes,annual,2023-10-03 21:10:31.637976,
IND,forestry-and-land-use,shrubgrass-fires,2016-01-01 00:00:00,2016-12-31 00:00:00,n2o,0.0,tonnes,annual,2023-10-03 21:10:31.637926,
IND,forestry-and-land-use,shrubgrass-fires,2017-01-01 00:00:00,2017-12-31 00:00:00,ch4,0.0,tonnes,annual,2023-10-03 21:10:31.80417,
IND,forestry-and-land-use,shrubgrass-fires,2017-01-01 00:00:00,2017-12-31 00:00:00,co2,2903844.6582853794,tonnes,annual,2023-10-03 21:10:31.80416,
IND,forestry-and-land-use,shrubgrass-fires,2017-01-01 00:00:00,2017-12-31 00:00:00,co2e_100yr,2903844.6582853794,tonnes,annual,2023-10-03 21:10:31.804186,
IND,forestry-and-land-use,shrubgrass-fires,2017-01-01 00:00:00,2017-12-31 00:00:00,co2e_20yr,2903844.6582853794,tonnes,annual,2023-10-03 21:10:31.804194,
IND,forestry-and-land-use,shrubgrass-fires,2017-01-01 00:00:00,2017-12-31 00:00:00,n2o,0.0,tonnes,annual,2023-10-03 21:10:31.804177,
IND,forestry-and-land-use,shrubgrass-fires,2018-01-01 00:00:00,2018-12-31 00:00:00,ch4,0.0,tonnes,annual,2023-10-03 21:10:31.967881,
IND,forestry-and-land-use,shrubgrass-fires,2018-01-01 00:00:00,2018-12-31 00:00:00,co2,3842350.692488253,tonnes,annual,2023-10-03 21:10:31.967872,
IND,forestry-and-land-use,shrubgrass-fires,2018-01-01 00:00:00,2018-12-31 00:00:00,co2e_100yr,3842350.692488253,tonnes,annual,2023-10-03 21:10:31.967906,
IND,forestry-and-land-use,shrubgrass-fires,2018-01-01 00:00:00,2018-12-31 00:00:00,co2e_20yr,3842350.692488253,tonnes,annual,2023-10-03 21:10:31.967914,
IND,forestry-and-land-use,shrubgrass-fires,2018-01-01 00:00:00,2018-12-31 00:00:00,n2o,0.0,tonnes,annual,2023-10-03 21:10:31.967888,
IND,forestry-and-land-use,shrubgrass-fires,2019-01-01 00:00:00,2019-12-31 00:00:00,ch4,0.0,tonnes,annual,2023-10-03 21:10:32.145209,
IND,forestry-and-land-use,shrubgrass-fires,2019-01-01 00:00:00,2019-12-31 00:00:00,co2,2754319.530824432,tonnes,annual,2023-10-03 21:10:32.145199,
IND,forestry-and-land-use,shrubgrass-fires,2019-01-01 00:00:00,2019-12-31 00:00:00,co2e_100yr,2754319.530824432,tonnes,annual,2023-10-03 21:10:32.145224,
IND,forestry-and-land-use,shrubgrass-fires,2019-01-01 00:00:00,2019-12-31 00:00:00,co2e_20yr,2754319.530824432,tonnes,annual,2023-10-03 21:10:32.145232,
IND,forestry-and-land-use,shrubgrass-fires,2019-01-01 00:00:00,2019-12-31 00:00:00,n2o,0.0,tonnes,annual,2023-10-03 21:10:32.145216,
IND,forestry-and-land-use,shrubgrass-fires,2020-01-01 00:00:00,2020-12-31 00:00:00,ch4,0.0,tonnes,annual,2023-10-03 21:10:32.303726,
IND,forestry-and-land-use,shrubgrass-fires,2020-01-01 00:00:00,2020-12-31 00:00:00,co2,2573832.9401501687,tonnes,annual,2023-10-03 21:10:32.303716,
IND,forestry-and-land-use,shrubgrass-fires,2020-01-01 00:00:00,2020-12-31 00:00:00,co2e_100yr,2573832.9401501687,tonnes,annual,2023-10-03 21:10:32.303742,
IND,forestry-and-land-use,shrubgrass-fires,2020-01-01 00:00:00,2020-12-31 00:00:00,co2e_20yr,2573832.9401501687,tonnes,annual,2023-10-03 21:10:32.303759,
IND,forestry-and-land-use,shrubgrass-fires,2020-01-01 00:00:00,2020-12-31 00:00:00,n2o,0.0,tonnes,annual,2023-10-03 21:10:32.303733,
IND,forestry-and-land-use,shrubgrass-fires,2021-01-01 00:00:00,2021-12-31 00:00:00,ch4,0.0,tonnes,annual,2023-10-03 21:10:32.459548,
IND,forestry-and-land-use,shrubgrass-fires,2021-01-01 00:00:00,2021-12-31 00:00:00,co2,8357007.317245007,tonnes,annual,2023-10-03 21:10:32.459537,
IND,forestry-and-land-use,shrubgrass-fires,2021-01-01 00:00:00,2021-12-31 00:00:00,co2e_100yr,8357007.317245007,tonnes,annual,2023-10-03 21:10:32.459564,
IND,forestry-and-land-use,shrubgrass-fires,2021-01-01 00:00:00,2021-12-31 00:00:00,co2e_20yr,8357007.317245007,tonnes,annual,2023-10-03 21:10:32.459572,
IND,forestry-and-land-use,shrubgrass-fires,2021-01-01 00:00:00,2021-12-31 00:00:00,n2o,0.0,tonnes,annual,2023-10-03 21:10:32.459555,
IND,forestry-and-land-use,shrubgrass-fires,2022-01-01 00:00:00,2022-12-31 00:00:00,ch4,0.0,tonnes,annual,2023-10-03 21:10:32.608447,
IND,forestry-and-land-use,shrubgrass-fires,2022-01-01 00:00:00,2022-12-31 00:00:00,co2,8936928.021721542,tonnes,annual,2023-10-03 21:10:32.608437,
IND,forestry-and-land-use,shrubgrass-fires,2022-01-01 00:00:00,2022-12-31 00:00:00,co2e_100yr,8936928.021721542,tonnes,annual,2023-10-03 21:10:32.608463,
IND,forestry-and-land-use,shrubgrass-fires,2022-01-01 00:00:00,2022-12-31 00:00:00,co2e_20yr,8936928.021721542,tonnes,annual,2023-10-03 21:10:32.60847,
IND,forestry-and-land-use,shrubgrass-fires,2022-01-01 00:00:00,2022-12-31 00:00:00,n2o,0.0,tonnes,annual,2023-10-03 21:10:32.608454,
