iso3_country,sector,subsector,start_time,end_time,gas,emissions_quantity,emissions_quantity_units,temporal_granularity,created_date,modified_date
IND,forestry-and-land-use,water-reservoirs,2015-01-01 00:00:00,2015-12-31 00:00:00,ch4,222810.055768,tonnes,annual,2023-10-03 21:10:31.672051,
IND,forestry-and-land-use,water-reservoirs,2015-01-01 00:00:00,2015-12-31 00:00:00,co2,758484.7233333334,tonnes,annual,2023-10-03 21:10:31.672041,2023-10-26 15:48:07.929709
IND,forestry-and-land-use,water-reservoirs,2015-01-01 00:00:00,2015-12-31 00:00:00,co2e_100yr,6818918.240222933,tonnes,annual,2023-10-03 21:10:31.672067,2023-10-26 15:48:07.929709
IND,forestry-and-land-use,water-reservoirs,2015-01-01 00:00:00,2015-12-31 00:00:00,co2e_20yr,18761537.22938773,tonnes,annual,2023-10-03 21:10:31.672075,2023-10-26 15:48:07.929709
IND,forestry-and-land-use,water-reservoirs,2015-01-01 00:00:00,2015-12-31 00:00:00,n2o,0.0,tonnes,annual,2023-10-03 21:10:31.672058,
IND,forestry-and-land-use,water-reservoirs,2016-01-01 00:00:00,2016-12-31 00:00:00,ch4,222810.055768,tonnes,annual,2023-10-03 21:10:31.672855,
IND,forestry-and-land-use,water-reservoirs,2016-01-01 00:00:00,2016-12-31 00:00:00,co2,758484.7233333334,tonnes,annual,2023-10-03 21:10:31.672843,2023-10-26 15:48:07.929709
IND,forestry-and-land-use,water-reservoirs,2016-01-01 00:00:00,2016-12-31 00:00:00,co2e_100yr,6818918.240222933,tonnes,annual,2023-10-03 21:10:31.672871,2023-10-26 15:48:07.929709
IND,forestry-and-land-use,water-reservoirs,2016-01-01 00:00:00,2016-12-31 00:00:00,co2e_20yr,18761537.22938773,tonnes,annual,2023-10-03 21:10:31.672879,2023-10-26 15:48:07.929709
IND,forestry-and-land-use,water-reservoirs,2016-01-01 00:00:00,2016-12-31 00:00:00,n2o,0.0,tonnes,annual,2023-10-03 21:10:31.672862,
IND,forestry-and-land-use,water-reservoirs,2017-01-01 00:00:00,2017-12-31 00:00:00,ch4,222810.055768,tonnes,annual,2023-10-03 21:10:31.673419,
IND,forestry-and-land-use,water-reservoirs,2017-01-01 00:00:00,2017-12-31 00:00:00,co2,758484.7233333334,tonnes,annual,2023-10-03 21:10:31.673409,2023-10-26 15:48:07.929709
IND,forestry-and-land-use,water-reservoirs,2017-01-01 00:00:00,2017-12-31 00:00:00,co2e_100yr,6818918.240222933,tonnes,annual,2023-10-03 21:10:31.673434,2023-10-26 15:48:07.929709
IND,forestry-and-land-use,water-reservoirs,2017-01-01 00:00:00,2017-12-31 00:00:00,co2e_20yr,18761537.22938773,tonnes,annual,2023-10-03 21:10:31.673454,2023-10-26 15:48:07.929709
IND,forestry-and-land-use,water-reservoirs,2017-01-01 00:00:00,2017-12-31 00:00:00,n2o,0.0,tonnes,annual,2023-10-03 21:10:31.673425,
IND,forestry-and-land-use,water-reservoirs,2018-01-01 00:00:00,2018-12-31 00:00:00,ch4,222607.346833,tonnes,annual,2023-10-03 21:10:31.673978,
IND,forestry-and-land-use,water-reservoirs,2018-01-01 00:00:00,2018-12-31 00:00:00,co2,741391.0533333333,tonnes,annual,2023-10-03 21:10:31.673969,2023-10-26 15:48:07.929709
IND,forestry-and-land-use,water-reservoirs,2018-01-01 00:00:00,2018-12-31 00:00:00,co2e_100yr,6796310.887190932,tonnes,annual,2023-10-03 21:10:31.673994,2023-10-26 15:48:07.929709
IND,forestry-and-land-use,water-reservoirs,2018-01-01 00:00:00,2018-12-31 00:00:00,co2e_20yr,18728064.67743973,tonnes,annual,2023-10-03 21:10:31.674002,2023-10-26 15:48:07.929709
IND,forestry-and-land-use,water-reservoirs,2018-01-01 00:00:00,2018-12-31 00:00:00,n2o,0.0,tonnes,annual,2023-10-03 21:10:31.673985,
IND,forestry-and-land-use,water-reservoirs,2019-01-01 00:00:00,2019-12-31 00:00:00,ch4,222607.346833,tonnes,annual,2023-10-03 21:10:31.674612,
IND,forestry-and-land-use,water-reservoirs,2019-01-01 00:00:00,2019-12-31 00:00:00,co2,741391.0533333333,tonnes,annual,2023-10-03 21:10:31.674602,2023-10-26 15:48:07.929709
IND,forestry-and-land-use,water-reservoirs,2019-01-01 00:00:00,2019-12-31 00:00:00,co2e_100yr,6796310.887190932,tonnes,annual,2023-10-03 21:10:31.674628,2023-10-26 15:48:07.929709
IND,forestry-and-land-use,water-reservoirs,2019-01-01 00:00:00,2019-12-31 00:00:00,co2e_20yr,18728064.67743973,tonnes,annual,2023-10-03 21:10:31.674636,2023-10-26 15:48:07.929709
IND,forestry-and-land-use,water-reservoirs,2019-01-01 00:00:00,2019-12-31 00:00:00,n2o,0.0,tonnes,annual,2023-10-03 21:10:31.674619,
IND,forestry-and-land-use,water-reservoirs,2020-01-01 00:00:00,2020-12-31 00:00:00,ch4,222524.23978299997,tonnes,annual,2023-10-03 21:10:31.675175,
IND,forestry-and-land-use,water-reservoirs,2020-01-01 00:00:00,2020-12-31 00:00:00,co2,734382.9533333334,tonnes,annual,2023-10-03 21:10:31.675166,2023-10-26 15:48:07.929709
IND,forestry-and-land-use,water-reservoirs,2020-01-01 00:00:00,2020-12-31 00:00:00,co2e_100yr,6787042.275430933,tonnes,annual,2023-10-03 21:10:31.675191,2023-10-26 15:48:07.929709
IND,forestry-and-land-use,water-reservoirs,2020-01-01 00:00:00,2020-12-31 00:00:00,co2e_20yr,18714341.52779973,tonnes,annual,2023-10-03 21:10:31.675199,2023-10-26 15:48:07.929709
IND,forestry-and-land-use,water-reservoirs,2020-01-01 00:00:00,2020-12-31 00:00:00,n2o,0.0,tonnes,annual,2023-10-03 21:10:31.675182,
IND,forestry-and-land-use,water-reservoirs,2021-01-01 00:00:00,2021-12-31 00:00:00,ch4,220199.229671,tonnes,annual,2023-10-03 21:10:31.675734,
IND,forestry-and-land-use,water-reservoirs,2021-01-01 00:00:00,2021-12-31 00:00:00,co2,519119.55333333334,tonnes,annual,2023-10-03 21:10:31.675724,2023-10-26 15:48:07.929709
IND,forestry-and-land-use,water-reservoirs,2021-01-01 00:00:00,2021-12-31 00:00:00,co2e_100yr,6508538.6003845325,tonnes,annual,2023-10-03 21:10:31.67575,2023-10-26 15:48:07.929709
IND,forestry-and-land-use,water-reservoirs,2021-01-01 00:00:00,2021-12-31 00:00:00,co2e_20yr,18311217.31075013,tonnes,annual,2023-10-03 21:10:31.675758,2023-10-26 15:48:07.929709
IND,forestry-and-land-use,water-reservoirs,2021-01-01 00:00:00,2021-12-31 00:00:00,n2o,0.0,tonnes,annual,2023-10-03 21:10:31.675741,
IND,forestry-and-land-use,water-reservoirs,2022-01-01 00:00:00,2022-12-31 00:00:00,ch4,220199.229671,tonnes,annual,2023-10-03 21:10:31.676346,
IND,forestry-and-land-use,water-reservoirs,2022-01-01 00:00:00,2022-12-31 00:00:00,co2,519119.55333333334,tonnes,annual,2023-10-03 21:10:31.676336,2023-10-26 15:48:07.929709
IND,forestry-and-land-use,water-reservoirs,2022-01-01 00:00:00,2022-12-31 00:00:00,co2e_100yr,6508538.6003845325,tonnes,annual,2023-10-03 21:10:31.676362,2023-10-26 15:48:07.929709
IND,forestry-and-land-use,water-reservoirs,2022-01-01 00:00:00,2022-12-31 00:00:00,co2e_20yr,18311217.31075013,tonnes,annual,2023-10-03 21:10:31.67637,2023-10-26 15:48:07.929709
IND,forestry-and-land-use,water-reservoirs,2022-01-01 00:00:00,2022-12-31 00:00:00,n2o,0.0,tonnes,annual,2023-10-03 21:10:31.676354,
