iso3_country,sector,subsector,start_time,end_time,gas,emissions_quantity,emissions_quantity_units,temporal_granularity,created_date,modified_date
IND,forestry-and-land-use,wetland-fires,2015-01-01 00:00:00,2015-12-31 00:00:00,ch4,0.0,tonnes,annual,2023-10-03 21:10:36.194522,
IND,forestry-and-land-use,wetland-fires,2015-01-01 00:00:00,2015-12-31 00:00:00,co2,93362.3951568734,tonnes,annual,2023-10-03 21:10:36.19451,
IND,forestry-and-land-use,wetland-fires,2015-01-01 00:00:00,2015-12-31 00:00:00,co2e_100yr,93362.3951568734,tonnes,annual,2023-10-03 21:10:36.194539,
IND,forestry-and-land-use,wetland-fires,2015-01-01 00:00:00,2015-12-31 00:00:00,co2e_20yr,93362.3951568734,tonnes,annual,2023-10-03 21:10:36.194547,
IND,forestry-and-land-use,wetland-fires,2015-01-01 00:00:00,2015-12-31 00:00:00,n2o,0.0,tonnes,annual,2023-10-03 21:10:36.19453,
IND,forestry-and-land-use,wetland-fires,2016-01-01 00:00:00,2016-12-31 00:00:00,ch4,0.0,tonnes,annual,2023-10-03 21:10:36.34546,
IND,forestry-and-land-use,wetland-fires,2016-01-01 00:00:00,2016-12-31 00:00:00,co2,164173.88104309796,tonnes,annual,2023-10-03 21:10:36.345439,
IND,forestry-and-land-use,wetland-fires,2016-01-01 00:00:00,2016-12-31 00:00:00,co2e_100yr,164173.88104309796,tonnes,annual,2023-10-03 21:10:36.345477,
IND,forestry-and-land-use,wetland-fires,2016-01-01 00:00:00,2016-12-31 00:00:00,co2e_20yr,164173.88104309796,tonnes,annual,2023-10-03 21:10:36.345485,
IND,forestry-and-land-use,wetland-fires,2016-01-01 00:00:00,2016-12-31 00:00:00,n2o,0.0,tonnes,annual,2023-10-03 21:10:36.345468,
IND,forestry-and-land-use,wetland-fires,2017-01-01 00:00:00,2017-12-31 00:00:00,ch4,0.0,tonnes,annual,2023-10-03 21:10:36.512849,
IND,forestry-and-land-use,wetland-fires,2017-01-01 00:00:00,2017-12-31 00:00:00,co2,128906.1577335815,tonnes,annual,2023-10-03 21:10:36.512839,
IND,forestry-and-land-use,wetland-fires,2017-01-01 00:00:00,2017-12-31 00:00:00,co2e_100yr,128906.1577335815,tonnes,annual,2023-10-03 21:10:36.512865,
IND,forestry-and-land-use,wetland-fires,2017-01-01 00:00:00,2017-12-31 00:00:00,co2e_20yr,128906.1577335815,tonnes,annual,2023-10-03 21:10:36.512872,
IND,forestry-and-land-use,wetland-fires,2017-01-01 00:00:00,2017-12-31 00:00:00,n2o,0.0,tonnes,annual,2023-10-03 21:10:36.512856,
IND,forestry-and-land-use,wetland-fires,2018-01-01 00:00:00,2018-12-31 00:00:00,ch4,0.0,tonnes,annual,2023-10-03 21:10:36.661182,
IND,forestry-and-land-use,wetland-fires,2018-01-01 00:00:00,2018-12-31 00:00:00,co2,99760.35870204214,tonnes,annual,2023-10-03 21:10:36.661171,
IND,forestry-and-land-use,wetland-fires,2018-01-01 00:00:00,2018-12-31 00:00:00,co2e_100yr,99760.35870204214,tonnes,annual,2023-10-03 21:10:36.661198,
IND,forestry-and-land-use,wetland-fires,2018-01-01 00:00:00,2018-12-31 00:00:00,co2e_20yr,99760.35870204214,tonnes,annual,2023-10-03 21:10:36.661206,
IND,forestry-and-land-use,wetland-fires,2018-01-01 00:00:00,2018-12-31 00:00:00,n2o,0.0,tonnes,annual,2023-10-03 21:10:36.661189,
IND,forestry-and-land-use,wetland-fires,2019-01-01 00:00:00,2019-12-31 00:00:00,ch4,0.0,tonnes,annual,2023-10-03 21:10:36.806498,
IND,forestry-and-land-use,wetland-fires,2019-01-01 00:00:00,2019-12-31 00:00:00,co2,91775.54113011864,tonnes,annual,2023-10-03 21:10:36.806488,
IND,forestry-and-land-use,wetland-fires,2019-01-01 00:00:00,2019-12-31 00:00:00,co2e_100yr,91775.54113011864,tonnes,annual,2023-10-03 21:10:36.806515,
IND,forestry-and-land-use,wetland-fires,2019-01-01 00:00:00,2019-12-31 00:00:00,co2e_20yr,91775.54113011864,tonnes,annual,2023-10-03 21:10:36.806523,
IND,forestry-and-land-use,wetland-fires,2019-01-01 00:00:00,2019-12-31 00:00:00,n2o,0.0,tonnes,annual,2023-10-03 21:10:36.806506,
IND,forestry-and-land-use,wetland-fires,2020-01-01 00:00:00,2020-12-31 00:00:00,ch4,0.0,tonnes,annual,2023-10-03 21:10:36.952929,
IND,forestry-and-land-use,wetland-fires,2020-01-01 00:00:00,2020-12-31 00:00:00,co2,52798.54132004403,tonnes,annual,2023-10-03 21:10:36.952918,
IND,forestry-and-land-use,wetland-fires,2020-01-01 00:00:00,2020-12-31 00:00:00,co2e_100yr,52798.54132004403,tonnes,annual,2023-10-03 21:10:36.952946,
IND,forestry-and-land-use,wetland-fires,2020-01-01 00:00:00,2020-12-31 00:00:00,co2e_20yr,52798.54132004403,tonnes,annual,2023-10-03 21:10:36.952954,
IND,forestry-and-land-use,wetland-fires,2020-01-01 00:00:00,2020-12-31 00:00:00,n2o,0.0,tonnes,annual,2023-10-03 21:10:36.952937,
IND,forestry-and-land-use,wetland-fires,2021-01-01 00:00:00,2021-12-31 00:00:00,ch4,0.0,tonnes,annual,2023-10-03 21:10:37.192316,
IND,forestry-and-land-use,wetland-fires,2021-01-01 00:00:00,2021-12-31 00:00:00,co2,233776.36415534656,tonnes,annual,2023-10-03 21:10:37.192306,
IND,forestry-and-land-use,wetland-fires,2021-01-01 00:00:00,2021-12-31 00:00:00,co2e_100yr,233776.36415534656,tonnes,annual,2023-10-03 21:10:37.192341,
IND,forestry-and-land-use,wetland-fires,2021-01-01 00:00:00,2021-12-31 00:00:00,co2e_20yr,233776.36415534656,tonnes,annual,2023-10-03 21:10:37.192349,
IND,forestry-and-land-use,wetland-fires,2021-01-01 00:00:00,2021-12-31 00:00:00,n2o,0.0,tonnes,annual,2023-10-03 21:10:37.192323,
IND,forestry-and-land-use,wetland-fires,2022-01-01 00:00:00,2022-12-31 00:00:00,ch4,0.0,tonnes,annual,2023-10-03 21:10:37.358082,
IND,forestry-and-land-use,wetland-fires,2022-01-01 00:00:00,2022-12-31 00:00:00,co2,17749.148290022276,tonnes,annual,2023-10-03 21:10:37.358072,
IND,forestry-and-land-use,wetland-fires,2022-01-01 00:00:00,2022-12-31 00:00:00,co2e_100yr,17749.148290022276,tonnes,annual,2023-10-03 21:10:37.358099,
IND,forestry-and-land-use,wetland-fires,2022-01-01 00:00:00,2022-12-31 00:00:00,co2e_20yr,17749.148290022276,tonnes,annual,2023-10-03 21:10:37.358107,
IND,forestry-and-land-use,wetland-fires,2022-01-01 00:00:00,2022-12-31 00:00:00,n2o,0.0,tonnes,annual,2023-10-03 21:10:37.35809,
