iso3_country,sector,subsector,start_time,end_time,gas,emissions_quantity,emissions_quantity_units,temporal_granularity,created_date,modified_date
IND,power,electricity-generation,2015-01-01 00:00:00,2015-12-31 00:00:00,ch4,,tonnes,annual,2023-10-03 21:10:39.024042,
IND,power,electricity-generation,2015-01-01 00:00:00,2015-12-31 00:00:00,co2,954087000.0,tonnes,annual,2023-10-03 21:10:39.02403,2023-10-31 20:30:14.210153
IND,power,electricity-generation,2015-01-01 00:00:00,2015-12-31 00:00:00,co2e_100yr,954087000.0,tonnes,annual,2023-10-03 21:10:39.024058,2023-10-31 20:30:14.210153
IND,power,electricity-generation,2015-01-01 00:00:00,2015-12-31 00:00:00,co2e_20yr,954087000.0,tonnes,annual,2023-10-03 21:10:39.024066,2023-10-31 20:30:14.210153
IND,power,electricity-generation,2015-01-01 00:00:00,2015-12-31 00:00:00,n2o,,tonnes,annual,2023-10-03 21:10:39.02405,
IND,power,electricity-generation,2016-01-01 00:00:00,2016-12-31 00:00:00,ch4,,tonnes,annual,2023-10-03 21:10:39.024588,
IND,power,electricity-generation,2016-01-01 00:00:00,2016-12-31 00:00:00,co2,1011361000.0,tonnes,annual,2023-10-03 21:10:39.024574,2023-10-31 20:30:14.210153
IND,power,electricity-generation,2016-01-01 00:00:00,2016-12-31 00:00:00,co2e_100yr,1011361000.0,tonnes,annual,2023-10-03 21:10:39.024606,2023-10-31 20:30:14.210153
IND,power,electricity-generation,2016-01-01 00:00:00,2016-12-31 00:00:00,co2e_20yr,1011361000.0,tonnes,annual,2023-10-03 21:10:39.024614,2023-10-31 20:30:14.210153
IND,power,electricity-generation,2016-01-01 00:00:00,2016-12-31 00:00:00,n2o,,tonnes,annual,2023-10-03 21:10:39.024598,
IND,power,electricity-generation,2017-01-01 00:00:00,2017-12-31 00:00:00,ch4,,tonnes,annual,2023-10-03 21:10:39.025122,
IND,power,electricity-generation,2017-01-01 00:00:00,2017-12-31 00:00:00,co2,1048631000.0,tonnes,annual,2023-10-03 21:10:39.02511,2023-10-31 20:30:14.210153
IND,power,electricity-generation,2017-01-01 00:00:00,2017-12-31 00:00:00,co2e_100yr,1048631000.0,tonnes,annual,2023-10-03 21:10:39.025138,2023-10-31 20:30:14.210153
IND,power,electricity-generation,2017-01-01 00:00:00,2017-12-31 00:00:00,co2e_20yr,1048631000.0,tonnes,annual,2023-10-03 21:10:39.025146,2023-10-31 20:30:14.210153
IND,power,electricity-generation,2017-01-01 00:00:00,2017-12-31 00:00:00,n2o,,tonnes,annual,2023-10-03 21:10:39.02513,
IND,power,electricity-generation,2018-01-01 00:00:00,2018-12-31 00:00:00,ch4,,tonnes,annual,2023-10-03 21:10:39.025678,
IND,power,electricity-generation,2018-01-01 00:00:00,2018-12-31 00:00:00,co2,1113139000.0,tonnes,annual,2023-10-03 21:10:39.025663,2023-10-31 20:30:14.210153
IND,power,electricity-generation,2018-01-01 00:00:00,2018-12-31 00:00:00,co2e_100yr,1113139000.0,tonnes,annual,2023-10-03 21:10:39.025695,2023-10-31 20:30:14.210153
IND,power,electricity-generation,2018-01-01 00:00:00,2018-12-31 00:00:00,co2e_20yr,1113139000.0,tonnes,annual,2023-10-03 21:10:39.025705,2023-10-31 20:30:14.210153
IND,power,electricity-generation,2018-01-01 00:00:00,2018-12-31 00:00:00,n2o,,tonnes,annual,2023-10-03 21:10:39.025687,
IND,power,electricity-generation,2019-01-01 00:00:00,2019-12-31 00:00:00,ch4,,tonnes,annual,2023-10-03 21:10:39.026238,
IND,power,electricity-generation,2019-01-01 00:00:00,2019-12-31 00:00:00,co2,1100912000.0,tonnes,annual,2023-10-03 21:10:39.026224,2023-10-31 20:30:14.210153
IND,power,electricity-generation,2019-01-01 00:00:00,2019-12-31 00:00:00,co2e_100yr,1100912000.0,tonnes,annual,2023-10-03 21:10:39.026255,2023-10-31 20:30:14.210153
IND,power,electricity-generation,2019-01-01 00:00:00,2019-12-31 00:00:00,co2e_20yr,1100912000.0,tonnes,annual,2023-10-03 21:10:39.026262,2023-10-31 20:30:14.210153
IND,power,electricity-generation,2019-01-01 00:00:00,2019-12-31 00:00:00,n2o,,tonnes,annual,2023-10-03 21:10:39.026246,
IND,power,electricity-generation,2020-01-01 00:00:00,2020-12-31 00:00:00,ch4,,tonnes,annual,2023-10-03 21:10:39.026777,
IND,power,electricity-generation,2020-01-01 00:00:00,2020-12-31 00:00:00,co2,1042915000.0,tonnes,annual,2023-10-03 21:10:39.026765,2023-10-31 20:30:14.210153
IND,power,electricity-generation,2020-01-01 00:00:00,2020-12-31 00:00:00,co2e_100yr,1042915000.0,tonnes,annual,2023-10-03 21:10:39.026794,2023-10-31 20:30:14.210153
IND,power,electricity-generation,2020-01-01 00:00:00,2020-12-31 00:00:00,co2e_20yr,1042915000.0,tonnes,annual,2023-10-03 21:10:39.026801,2023-10-31 20:30:14.210153
IND,power,electricity-generation,2020-01-01 00:00:00,2020-12-31 00:00:00,n2o,,tonnes,annual,2023-10-03 21:10:39.026786,
IND,power,electricity-generation,2021-01-01 00:00:00,2021-12-31 00:00:00,ch4,,tonnes,annual,2023-10-03 21:10:39.027306,
IND,power,electricity-generation,2021-01-01 00:00:00,2021-12-31 00:00:00,co2,1160896000.0,tonnes,annual,2023-10-03 21:10:39.027293,2023-10-31 20:30:14.210153
IND,power,electricity-generation,2021-01-01 00:00:00,2021-12-31 00:00:00,co2e_100yr,1160896000.0,tonnes,annual,2023-10-03 21:10:39.027322,2023-10-31 20:30:14.210153
IND,power,electricity-generation,2021-01-01 00:00:00,2021-12-31 00:00:00,co2e_20yr,1160896000.0,tonnes,annual,2023-10-03 21:10:39.02733,2023-10-31 20:30:14.210153
IND,power,electricity-generation,2021-01-01 00:00:00,2021-12-31 00:00:00,n2o,,tonnes,annual,2023-10-03 21:10:39.027314,
IND,power,electricity-generation,2022-01-01 00:00:00,2022-12-31 00:00:00,ch4,,tonnes,annual,2023-10-03 21:10:39.027851,
IND,power,electricity-generation,2022-01-01 00:00:00,2022-12-31 00:00:00,co2,1248621000.0,tonnes,annual,2023-10-03 21:10:39.027838,2023-10-31 20:30:14.210153
IND,power,electricity-generation,2022-01-01 00:00:00,2022-12-31 00:00:00,co2e_100yr,1248621000.0,tonnes,annual,2023-10-03 21:10:39.027867,2023-10-31 20:30:14.210153
IND,power,electricity-generation,2022-01-01 00:00:00,2022-12-31 00:00:00,co2e_20yr,1248621000.0,tonnes,annual,2023-10-03 21:10:39.027875,2023-10-31 20:30:14.210153
IND,power,electricity-generation,2022-01-01 00:00:00,2022-12-31 00:00:00,n2o,,tonnes,annual,2023-10-03 21:10:39.027859,
