reference_id,url,recency,created_date,modified_date
9880,https://www.gem.wiki/Rajpura_Thermal_Power_Project/,,2023-11-29 23:44:19.912227,
9321,https://www.gem.wiki/Bellary_Thermal_Power_Station/,,2023-11-29 23:44:19.907558,
9659,https://www.gem.wiki/Chhabra_Thermal_Power_Station/,,2023-11-29 23:44:19.910375,
7750,https://www.gem.wiki/GACL_Dahej_Caustic_Captive_power_plant/,,2023-11-29 23:44:19.894816,
7785,https://www.gem.wiki/HPCL_Vizag_Refinery_power_station/,,2023-11-29 23:44:19.895099,
10459,https://www.gem.wiki/Manesar_Captive_power_plant/,,2023-11-29 23:44:19.917024,
9471,https://www.gem.wiki/DGEN_Mega_Combined_Cycle_power_plant/,,2023-11-29 23:44:19.9088,
8120,https://www.gem.wiki/National_Capital_Dadri_Thermal_Power_Plant/,,2023-11-29 23:44:19.897813,
9714,https://www.gem.wiki/Jharsuguda_Sterlite_power_station/,,2023-11-29 23:44:19.910828,
7282,https://www.gem.wiki/Dahanu_power_station/,,2023-11-29 23:44:19.890884,
10010,https://www.gem.wiki/Rithala_Gas_power_plant/,,2023-11-29 23:44:19.91331,
9280,https://www.gem.wiki/Bhigwan_Mill_power_station/,,2023-11-29 23:44:19.907223,
10366,https://www.gem.wiki/Meenakshi_Energy_Thermal_Power_Project/,,2023-11-29 23:44:19.916264,
7856,https://www.gem.wiki/P.Nallur_Combined_Cycle_power_plant/,,2023-11-29 23:44:19.895682,
8862,https://www.gem.wiki/Santaldih_Thermal_Power_Station/,,2023-11-29 23:44:19.90377,
9881,https://www.gem.wiki/Talwandi_Sabo_Power_Project/,,2023-11-29 23:44:19.912235,
9192,https://www.gem.wiki/Barh_I_power_station/,,2023-11-29 23:44:19.90649,
7342,https://www.gem.wiki/Southern_CESC_power_station/,,2023-11-29 23:44:19.891377,
8664,https://www.gem.wiki/Tuticorin_Thermal_Power_Station/,,2023-11-29 23:44:19.902173,
7885,https://www.gem.wiki/Jojobera_Power_Plant/,,2023-11-29 23:44:19.895916,
9734,https://www.gem.wiki/Sri_Damodaram_Sanjeevaiah_Thermal_Power_Station/,,2023-11-29 23:44:19.911,
7278,https://www.gem.wiki/Barauni_power_station/,,2023-11-29 23:44:19.890852,
8668,https://www.gem.wiki/Trombay_power_station/,,2023-11-29 23:44:19.902204,
10122,https://www.gem.wiki/EMCO_Energy_Warora_Power_Project/,,2023-11-29 23:44:19.914245,
9218,https://www.gem.wiki/Lal_Kuan_Mill_power_station/,,2023-11-29 23:44:19.906705,
7710,https://www.gem.wiki/Bhander_power_station/,,2023-11-29 23:44:19.894474,
9453,https://www.gem.wiki/Giral_power_station/,,2023-11-29 23:44:19.908647,
7520,https://www.gem.wiki/Deenbandhu_Chhotu_Ram_Thermal_Power_Plant/,,2023-11-29 23:44:19.892876,
8112,https://www.gem.wiki/Anta_power_plant/,,2023-11-29 23:44:19.897749,
9078,https://www.gem.wiki/Rosa_Thermal_Power_Plant/,,2023-11-29 23:44:19.90555,
8003,https://www.gem.wiki/Gujarat_Cement_Works_Combined_Cycle_power_station/,,2023-11-29 23:44:19.896868,
9943,https://www.gem.wiki/Kota_Complex_power_station/,,2023-11-29 23:44:19.912761,
7757,https://www.gem.wiki/Wanakbori_Thermal_Power_Station/,,2023-11-29 23:44:19.894874,
10820,https://www.gem.wiki/Cauvery_Power_Gummidipoondi_captive_power_station/,,2023-11-29 23:44:19.92001,
9985,https://www.gem.wiki/Randia_power_station/,,2023-11-29 23:44:19.913105,
8663,https://www.gem.wiki/North_Chennai_Thermal_Power_Station/,,2023-11-29 23:44:19.902165,
9181,https://www.gem.wiki/Raigarh_Jindal_power_station/,,2023-11-29 23:44:19.9064,
9976,https://www.gem.wiki/Salem_Siscol_power_station/,,2023-11-29 23:44:19.913032,
7892,https://www.gem.wiki/JSW_Vijayanagar_Toranagallu_power_station/,,2023-11-29 23:44:19.895975,
10544,https://www.gem.wiki/Rawan_Cement_power_station/,,2023-11-29 23:44:19.917727,
10134,https://www.gem.wiki/Mahatma_Gandhi_power_station/,,2023-11-29 23:44:19.914343,
10504,https://www.gem.wiki/Darlipali_power_station/,,2023-11-29 23:44:19.917399,
9237,https://www.gem.wiki/Samalkot_Combined_Cycle_power_plant/,,2023-11-29 23:44:19.906862,
8127,https://www.gem.wiki/Vindhyachal_power_station/,,2023-11-29 23:44:19.897869,
7208,https://www.gem.wiki/Rayalaseema_Thermal_Power_Project/,,2023-11-29 23:44:19.89027,
9220,https://www.gem.wiki/Kagithapuram_Mill_power_station/,,2023-11-29 23:44:19.906722,
8115,https://www.gem.wiki/Farakka_power_station/,,2023-11-29 23:44:19.897773,
9122,https://www.gem.wiki/Chanderiya_Smelter_power_station/,,2023-11-29 23:44:19.905917,
10120,https://www.gem.wiki/Bhubaneshwar_Jasper_power_station/,,2023-11-29 23:44:19.914229,
10458,https://www.gem.wiki/Kashipur_(Gama)_power_station/,,2023-11-29 23:44:19.917014,
10826,https://www.gem.wiki/Sidhi_Cement_Plant_power_station/,,2023-11-29 23:44:19.920059,
10990,https://www.gem.wiki/Rayagada_Paper_power_station/,,2023-11-29 23:44:19.92145,
8114,https://www.gem.wiki/Dadri_Combined_Cycle_power_plant/,,2023-11-29 23:44:19.897765,
7280,https://www.gem.wiki/Muzaffarpur_power_station/,,2023-11-29 23:44:19.890868,
9432,https://www.gem.wiki/Durgapur_Steel_City_Andal_power_station/,,2023-11-29 23:44:19.908476,
9618,https://www.gem.wiki/Tripura_Combined_Cycle_power_plant/,,2023-11-29 23:44:19.910014,
10175,https://www.gem.wiki/Vadlur_power_station/,,2023-11-29 23:44:19.914679,
7341,https://www.gem.wiki/Budge_Budge_Generating_Station/,,2023-11-29 23:44:19.891369,
10964,https://www.gem.wiki/Barbil_Jagannath_power_station/,,2023-11-29 23:44:19.921236,
8124,https://www.gem.wiki/Singrauli_Super_Thermal_Power_Station/,,2023-11-29 23:44:19.897845,
9093,https://www.gem.wiki/Vizag_Steel_Plant_power_station/,,2023-11-29 23:44:19.905673,
10146,https://www.gem.wiki/Cuddalore_IL&FS_power_station/,,2023-11-29 23:44:19.914444,
10072,https://www.gem.wiki/Wardha_Warora_Power_Plant/,,2023-11-29 23:44:19.913823,
9217,https://www.gem.wiki/Hazira_(GSEG)_power_station/,,2023-11-29 23:44:19.906697,
11056,https://www.gem.wiki/Churk_captive_power_station/,,2023-11-29 23:44:19.92201,
10320,https://www.gem.wiki/Kundarki_Ipp_power_station/,,2023-11-29 23:44:19.915879,
9269,https://www.gem.wiki/Tamnar_power_station/,,2023-11-29 23:44:19.907134,
7281,https://www.gem.wiki/Bina_Thermal_Power_Project/,,2023-11-29 23:44:19.890876,
8595,https://www.gem.wiki/SEPC_Tuticorin_power_station/,,2023-11-29 23:44:19.901617,
10188,https://www.gem.wiki/Kawai_Thermal_Power_Project/,,2023-11-29 23:44:19.914791,
8027,https://www.gem.wiki/Hasdeo_Thermal_Power_Station/,,2023-11-29 23:44:19.897058,
9893,https://www.gem.wiki/Meramandali_power_station/,,2023-11-29 23:44:19.912335,
8943,https://www.gem.wiki/BSES_Kerala_power_station/,,2023-11-29 23:44:19.90442,
8034,https://www.gem.wiki/Nasik_MAHAGENCO_Thermal_Power_Station/,,2023-11-29 23:44:19.897121,
8952,https://www.gem.wiki/Goindwal_Sahib_Thermal_Power_Plant/,,2023-11-29 23:44:19.9045,
10302,https://www.gem.wiki/Raipur_Jain_power_station/,,2023-11-29 23:44:19.915733,
8802,https://www.gem.wiki/Ankleshwar_Caustic_Plant_power_station/,,2023-11-29 23:44:19.903284,
10503,https://www.gem.wiki/Bhandhakhar_power_station/,,2023-11-29 23:44:19.917391,
10239,https://www.gem.wiki/Adani_Korba_West_power_station/,,2023-11-29 23:44:19.915216,
8026,https://www.gem.wiki/Korba_Thermal_power_station/,,2023-11-29 23:44:19.89705,
10897,https://www.gem.wiki/Dr._Shyama_Prasad_Mukherjee_Thermal_Power_Station/,,2023-11-29 23:44:19.920649,
7768,https://www.gem.wiki/Panipat_power_station/,,2023-11-29 23:44:19.894963,
10824,https://www.gem.wiki/Chunar_Cement_power_station/,,2023-11-29 23:44:19.920043,
10351,https://www.gem.wiki/Kudgi_Super_Thermal_Power_Project/,,2023-11-29 23:44:19.91614,
10255,https://www.gem.wiki/Mettur_Siscol_power_station/,,2023-11-29 23:44:19.915348,
8861,https://www.gem.wiki/Kolaghat_Thermal_Power_Station/,,2023-11-29 23:44:19.903762,
8119,https://www.gem.wiki/Korba_Super_Thermal_Power_Station_(NTPC)/,,2023-11-29 23:44:19.897805,
10080,https://www.gem.wiki/Rajpura_Dariba_Mine_power_station/,,2023-11-29 23:44:19.9139,
8810,https://www.gem.wiki/Tanda_power_station/,,2023-11-29 23:44:19.903347,
9386,https://www.gem.wiki/Monarchak_Combined_Cycle_power_plant/,,2023-11-29 23:44:19.908098,
7886,https://www.gem.wiki/Tuticorin_NTPL_power_station/,,2023-11-29 23:44:19.895924,
10191,https://www.gem.wiki/Raikheda_power_station/,,2023-11-29 23:44:19.914815,
9987,https://www.gem.wiki/Meja_Thermal_Power_Project/,,2023-11-29 23:44:19.913121,
10460,https://www.gem.wiki/Makavarapalem_Smelter_power_station/,,2023-11-29 23:44:19.917032,
10243,https://www.gem.wiki/Bela_power_station/,,2023-11-29 23:44:19.915248,
9812,https://www.gem.wiki/Kamalanga_power_station/,,2023-11-29 23:44:19.911662,
9842,https://www.gem.wiki/JSW_Barmer_Jalipa_Kapurdi_power_station/,,2023-11-29 23:44:19.911917,
9974,https://www.gem.wiki/Nabinagar_Super_Thermal_Power_Project/,,2023-11-29 23:44:19.913016,
9807,https://www.gem.wiki/IOCL_Panipat_Naphtha_Cracker_Captive_cogeneration_power_plant/,,2023-11-29 23:44:19.911621,
10828,https://www.gem.wiki/Kalinganagar_Maithan_power_station/,,2023-11-29 23:44:19.920075,
10008,https://www.gem.wiki/Lanjigarh_Refinery_power_station/,,2023-11-29 23:44:19.913294,
10123,https://www.gem.wiki/Solapur_power_station/,,2023-11-29 23:44:19.914253,
9801,https://www.gem.wiki/Talcher_Kaniha_Super_Thermal_Power_Station/,,2023-11-29 23:44:19.911572,
10063,https://www.gem.wiki/Bara_Thermal_Power_Project/,,2023-11-29 23:44:19.913748,
9767,https://www.gem.wiki/Rajiv_Gandhi_Thermal_Power_Project/,,2023-11-29 23:44:19.911281,
10097,https://www.gem.wiki/Chennai_power_station/,,2023-11-29 23:44:19.914039,
9930,https://www.gem.wiki/KSK_Mahanadi_Power_Project/,,2023-11-29 23:44:19.91265,
8116,https://www.gem.wiki/Jhanor_Gandhar_Combined_Cycle_power_plant/,,2023-11-29 23:44:19.897781,
10790,https://www.gem.wiki/Parbhani_Renuka_power_station/,,2023-11-29 23:44:19.919759,
8136,https://www.gem.wiki/Paloncha_power_station/,,2023-11-29 23:44:19.897942,
9920,https://www.gem.wiki/Mauda_power_station/,,2023-11-29 23:44:19.912554,
7753,https://www.gem.wiki/Kutch_GSECL_power_station/,,2023-11-29 23:44:19.894841,
8983,https://www.gem.wiki/Wardha_Works_power_station/,,2023-11-29 23:44:19.904765,
9686,https://www.gem.wiki/Arasmeta_Cement_Plant_power_station/,,2023-11-29 23:44:19.910595,
7397,https://www.gem.wiki/Neyveli_Zero_power_station/,,2023-11-29 23:44:19.891864,
10358,https://www.gem.wiki/Jharsuguda_CPP_power_station/,,2023-11-29 23:44:19.916197,
9433,https://www.gem.wiki/Koderma_Thermal_Power_Station/,,2023-11-29 23:44:19.908484,
8984,https://www.gem.wiki/Paradip_Oswal_power_station/,,2023-11-29 23:44:19.904773,
10715,https://www.gem.wiki/Tulsyan_Steel_Gummidipoondi_captive_power_station/,,2023-11-29 23:44:19.919136,
10345,https://www.gem.wiki/Rourkela_Works-2_power_station/,,2023-11-29 23:44:19.91609,
10779,https://www.gem.wiki/Ajmer_power_station/,,2023-11-29 23:44:19.91967,
10879,https://www.gem.wiki/Vizag_Simhadri_power_station/,,2023-11-29 23:44:19.920494,
10753,https://www.gem.wiki/Barkhera_IPP_power_station/,,2023-11-29 23:44:19.919457,
8030,https://www.gem.wiki/Bhusawal_Thermal_Power_Station/,,2023-11-29 23:44:19.897089,
7844,https://www.gem.wiki/IOCL_Panipat_cogeneration_power_plant/,,2023-11-29 23:44:19.895587,
10516,https://www.gem.wiki/Monnet_Raigarh_power_station/,,2023-11-29 23:44:19.917497,
9234,https://www.gem.wiki/Thirumakotai_Combined_Cycle_power_plant/,,2023-11-29 23:44:19.906837,
8440,https://www.gem.wiki/Renusagar_power_station/,,2023-11-29 23:44:19.900379,
10408,https://www.gem.wiki/Bander_power_station/,,2023-11-29 23:44:19.916606,
8041,https://www.gem.wiki/Udupi_power_station/,,2023-11-29 23:44:19.897176,
7755,https://www.gem.wiki/Ukai_Thermal_Power_Station/,,2023-11-29 23:44:19.894858,
10707,https://www.gem.wiki/Hiranmaye_Haldia_power_station/,,2023-11-29 23:44:19.91907,
7752,https://www.gem.wiki/Gandhinagar_Thermal_Power_Station/,,2023-11-29 23:44:19.894833,
9892,https://www.gem.wiki/Kharagprasad_power_station/,,2023-11-29 23:44:19.912327,
10714,https://www.gem.wiki/Chandrapur_Works_power_station/,,2023-11-29 23:44:19.919128,
9632,https://www.gem.wiki/Sai_Regency_Power_power_plant/,,2023-11-29 23:44:19.910128,
9124,https://www.gem.wiki/Pipavav_Combined_Cycle_power_plant/,,2023-11-29 23:44:19.905933,
8113,https://www.gem.wiki/Auraiya_Combined_Cycle_power_plant/,,2023-11-29 23:44:19.897758,
9986,https://www.gem.wiki/Kalisindh_Thermal_Power_Station/,,2023-11-29 23:44:19.913113,
10399,https://www.gem.wiki/Gadarwara_Super_Thermal_Power_Project/,,2023-11-29 23:44:19.916533,
7206,https://www.gem.wiki/Nellore_power_station/,,2023-11-29 23:44:19.890254,
7754,https://www.gem.wiki/Sikka_Thermal_Power_Station/,,2023-11-29 23:44:19.894849,
8125,https://www.gem.wiki/Talcher_power_station/,,2023-11-29 23:44:19.897853,
10561,https://www.gem.wiki/Gummidipoondi_Suryadev_power_station/,,2023-11-29 23:44:19.917865,
8122,https://www.gem.wiki/BALCO_Korba_power_station/,,2023-11-29 23:44:19.897829,
10394,https://www.gem.wiki/Chakabura_power_station/,,2023-11-29 23:44:19.916492,
10303,https://www.gem.wiki/Danapuram_BMM_power_station/,,2023-11-29 23:44:19.915741,
8808,https://www.gem.wiki/Obra_Thermal_Power_Station/,,2023-11-29 23:44:19.903331,
9846,https://www.gem.wiki/Indira_Gandhi_Super_Thermal_Power_Project/,,2023-11-29 23:44:19.91195,
9424,https://www.gem.wiki/Palamau_Plant_power_station/,,2023-11-29 23:44:19.908409,
8951,https://www.gem.wiki/Maithon_Right_Bank_Thermal_Power_Station/,,2023-11-29 23:44:19.904492,
9610,https://www.gem.wiki/Nabinagar_Thermal_Power_Project/,,2023-11-29 23:44:19.909949,
10751,https://www.gem.wiki/Katghora_power_station/,,2023-11-29 23:44:19.919441,
8126,https://www.gem.wiki/Feroze_Gandhi_Unchahar_Power_Station/,,2023-11-29 23:44:19.897861,
10502,https://www.gem.wiki/Kashipur_Sravanthi_power_station/,,2023-11-29 23:44:19.917382,
10361,https://www.gem.wiki/Baradarha_power_station/,,2023-11-29 23:44:19.916223,
9061,https://www.gem.wiki/Tenughat_power_station/,,2023-11-29 23:44:19.905407,
8031,https://www.gem.wiki/Chandrapur_Thermal_Power_Station/,,2023-11-29 23:44:19.897097,
10991,https://www.gem.wiki/Bhadradri_power_station/,,2023-11-29 23:44:19.921458,
10651,https://www.gem.wiki/Dahej_OPAL_Captive_power_plant/,,2023-11-29 23:44:19.918611,
8860,https://www.gem.wiki/Durgapur_Projects_Limited_power_station/,,2023-11-29 23:44:19.903754,
10001,https://www.gem.wiki/Paradip_Refinery_Captive_power_station/,,2023-11-29 23:44:19.913237,
7210,https://www.gem.wiki/Vijjeswaram_Combined_Cycle_power_plant/,,2023-11-29 23:44:19.890287,
10791,https://www.gem.wiki/Kutch_Welspun_power_station/,,2023-11-29 23:44:19.919768,
8969,https://www.gem.wiki/Bokaro_Steel_City_Thermal_Power_Station/,,2023-11-29 23:44:19.904651,
10177,https://www.gem.wiki/Marwa_power_station/,,2023-11-29 23:44:19.914701,
7276,https://www.gem.wiki/Bhilai_Steel_power_station/,,2023-11-29 23:44:19.890836,
8858,https://www.gem.wiki/Bakreswar_Thermal_Power_Station/,,2023-11-29 23:44:19.903738,
7300,https://www.gem.wiki/Guru_Hargobind_Lehra_Mohabbat_Power_Station/,,2023-11-29 23:44:19.891033,
8178,https://www.gem.wiki/Agartala_power_plant/,,2023-11-29 23:44:19.898275,
9808,https://www.gem.wiki/Siltara_Works_power_station/,,2023-11-29 23:44:19.911629,
8029,https://www.gem.wiki/Satpura_Thermal_Power_Station/,,2023-11-29 23:44:19.897081,
8475,https://www.gem.wiki/Sanghipuram_Cement_power_station/,,2023-11-29 23:44:19.900657,
10253,https://www.gem.wiki/Aditya_Aluminium_power_station/,,2023-11-29 23:44:19.915331,
8224,https://www.gem.wiki/Ib_Valley_Thermal_Power_Station/,,2023-11-29 23:44:19.898641,
11242,https://www.gem.wiki/Matix_Fertilisers_Captive_power_plant/,,2023-11-29 23:44:19.923561,
10089,https://www.gem.wiki/Mutiara_Coastal_Energen_Thermal_Power_Plant/,,2023-11-29 23:44:19.913974,
10283,https://www.gem.wiki/Lalitpur_power_project/,,2023-11-29 23:44:19.915578,
10319,https://www.gem.wiki/Maqsoodpur_power_station/,,2023-11-29 23:44:19.915871,
10007,https://www.gem.wiki/Bhadreshwar_power_station_(OPG)/,,2023-11-29 23:44:19.913286,
10313,https://www.gem.wiki/Jharsuguda_Ind-Barath_power_station/,,2023-11-29 23:44:19.915822,
10006,https://www.gem.wiki/Tiroda_Thermal_Power_Project/,,2023-11-29 23:44:19.913277,
9591,https://www.gem.wiki/Pragati_Combined_Cycle_Gas_Turbine-III_power_station/,,2023-11-29 23:44:19.909794,
8312,https://www.gem.wiki/Ropar_power_station/,,2023-11-29 23:44:19.89935,
10343,https://www.gem.wiki/Kasaipalli_power_station/,,2023-11-29 23:44:19.916069,
7756,https://www.gem.wiki/Utran_Combined_Cycle_power_plant/,,2023-11-29 23:44:19.894866,
8121,https://www.gem.wiki/Ramagundam_power_station/,,2023-11-29 23:44:19.897821,
8028,https://www.gem.wiki/Sanjay_Gandhi_power_station/,,2023-11-29 23:44:19.897072,
10314,https://www.gem.wiki/Utkal_Smelter_power_station/,,2023-11-29 23:44:19.91583,
7457,https://www.gem.wiki/Durgapur_DVC_power_station/,,2023-11-29 23:44:19.892356,
7207,https://www.gem.wiki/Ramagundam-B_power_station/,,2023-11-29 23:44:19.890262,
8093,https://www.gem.wiki/Angul_Smelter_power_station/,,2023-11-29 23:44:19.897592,
10483,https://www.gem.wiki/Nagai_Nagapattinam_Power_Project/,,2023-11-29 23:44:19.917225,
10652,https://www.gem.wiki/Vilayat_Caustic_power_station/,,2023-11-29 23:44:19.918619,
7751,https://www.gem.wiki/Dhuvaran_Combined_Cycle_power_plant/,,2023-11-29 23:44:19.894825,
8032,https://www.gem.wiki/Khaperkheda_power_station/,,2023-11-29 23:44:19.897105,
9563,https://www.gem.wiki/Mundra_Thermal_Power_Project_(Adani)/,,2023-11-29 23:44:19.909564,
9982,https://www.gem.wiki/Salaya_power_plant/,,2023-11-29 23:44:19.913081,
9692,https://www.gem.wiki/Tuticorin_Smelter_power_station/,,2023-11-29 23:44:19.910649,
11361,https://www.gem.wiki/Rengali_Bhushan_power_station/,,2023-11-29 23:44:19.924554,
10321,https://www.gem.wiki/Utraula_power_station/,,2023-11-29 23:44:19.915887,
10269,https://www.gem.wiki/Mahadev_Prasad_Super_Thermal_Power_Plant/,,2023-11-29 23:44:19.915462,
8542,https://www.gem.wiki/Pune_Mill_power_station/,,2023-11-29 23:44:19.901196,
10185,https://www.gem.wiki/Pegadapalli_(Jaipur_Mandal)_power_station/,,2023-11-29 23:44:19.914767,
10145,https://www.gem.wiki/Jaypee_Nigrie_Super_Thermal_Power_Project/,,2023-11-29 23:44:19.914435,
8117,https://www.gem.wiki/Kahalgaon_Super_Thermal_Power_Plant/,,2023-11-29 23:44:19.897789,
7758,https://www.gem.wiki/Paguthan_Combined_Cycle_power_plant/,,2023-11-29 23:44:19.894883,
10362,https://www.gem.wiki/Ballarpur_Bilt_Power_power_station/,,2023-11-29 23:44:19.916231,
9191,https://www.gem.wiki/Sipat_power_station/,,2023-11-29 23:44:19.906482,
10717,https://www.gem.wiki/Paradip_power_station/,,2023-11-29 23:44:19.919152,
8319,https://www.gem.wiki/Suratgarh_Super_Thermal_Power_Station/,,2023-11-29 23:44:19.899405,
10304,https://www.gem.wiki/Siltara_SKS_power_station/,,2023-11-29 23:44:19.915749,
8807,https://www.gem.wiki/Harduaganj_power_station/,,2023-11-29 23:44:19.903323,
10496,https://www.gem.wiki/Muthukur_Mandal_power_station_(Painampuram)/,,2023-11-29 23:44:19.917332,
9652,https://www.gem.wiki/Mahan_Super_Thermal_Power_Project/,,2023-11-29 23:44:19.910312,
10195,https://www.gem.wiki/Uchpinda_power_station/,,2023-11-29 23:44:19.914848,
10400,https://www.gem.wiki/Khargone_power_station/,,2023-11-29 23:44:19.916541,
9207,https://www.gem.wiki/HWP_Manuguru_power_station/,,2023-11-29 23:44:19.906615,
10545,https://www.gem.wiki/Asansol_Crescent_power_station/,,2023-11-29 23:44:19.917735,
9229,https://www.gem.wiki/Valuthur_Combined_Cycle_power_plant/,,2023-11-29 23:44:19.906796,
8950,https://www.gem.wiki/Kondapalli_Combined_Cycle_power_plant/,,2023-11-29 23:44:19.904483,
8042,https://www.gem.wiki/Mangalore_Refinery_power_plant/,,2023-11-29 23:44:19.897184,
10994,https://www.gem.wiki/Lakwa_Replacement_power_station/,,2023-11-29 23:44:19.921483,
9219,https://www.gem.wiki/Hirakud_Smelter_power_station/,,2023-11-29 23:44:19.906713,
9555,https://www.gem.wiki/Ambujanagar_Cement_Plant_power_station/,,2023-11-29 23:44:19.909499,
10524,https://www.gem.wiki/Raigarh_Ind_Power_power_station/,,2023-11-29 23:44:19.917563,
9754,https://www.gem.wiki/MIHAN_Power_Project/,,2023-11-29 23:44:19.911172,
8669,https://www.gem.wiki/Jamshedpur_Works_power_station/,,2023-11-29 23:44:19.902212,
8934,https://www.gem.wiki/Dholpur_Combined_Cycle_power_plant/,,2023-11-29 23:44:19.904346,
9338,https://www.gem.wiki/Karappur_Combined_Cycle_power_plant/,,2023-11-29 23:44:19.907697,
9457,https://www.gem.wiki/East_Godavari_Mill_power_station/,,2023-11-29 23:44:19.90868,
7784,https://www.gem.wiki/Vizag_Thermal_Power_Plant/,,2023-11-29 23:44:19.895091,
9766,https://www.gem.wiki/Ratnagiri_Power_Plant/,,2023-11-29 23:44:19.911273,
10270,https://www.gem.wiki/Nasik_RattanIndia_Thermal_Power_Project/,,2023-11-29 23:44:19.915471,
9042,https://www.gem.wiki/Faridabad_Combined_Cycle_power_plant/,,2023-11-29 23:44:19.90525,
7209,https://www.gem.wiki/Dr._Narla_Tata_Rao_Thermal_power_station/,,2023-11-29 23:44:19.890279,
8179,https://www.gem.wiki/Assam_Gas_Based_power_station/,,2023-11-29 23:44:19.898283,
9848,https://www.gem.wiki/VS_Lignite_Plant/,,2023-11-29 23:44:19.911966,
10100,https://www.gem.wiki/Amravati_Thermal_Power_Project/,,2023-11-29 23:44:19.914063,
9721,https://www.gem.wiki/Sasan_Ultra_Mega_Power_Project/,,2023-11-29 23:44:19.910887,
9553,https://www.gem.wiki/Konaseema_Combined_Cycle_power_plant/,,2023-11-29 23:44:19.909483,
8662,https://www.gem.wiki/Mettur_Thermal_Power_Station/,,2023-11-29 23:44:19.902157,
10604,https://www.gem.wiki/Nardana_Vaghode_power_station/,,2023-11-29 23:44:19.91822,
9552,https://www.gem.wiki/Valantharavai_power_station/,,2023-11-29 23:44:19.909475,
10434,https://www.gem.wiki/Bhavnagar_power_station/,,2023-11-29 23:44:19.916819,
7460,https://www.gem.wiki/Indraprastha_Gas_power_station/,,2023-11-29 23:44:19.892381,
10250,https://www.gem.wiki/Yermarus_power_station/,,2023-11-29 23:44:19.915307,
9689,https://www.gem.wiki/Bongaigaon_power_station/,,2023-11-29 23:44:19.910625,
10395,https://www.gem.wiki/Ratija_Power_Project/,,2023-11-29 23:44:19.9165,
10680,https://www.gem.wiki/Dongamahua_Captive_Power_Plant/,,2023-11-29 23:44:19.918849,
9545,https://www.gem.wiki/Kakatiya_Thermal_Power_Project/,,2023-11-29 23:44:19.909418,
10301,https://www.gem.wiki/Khopoli_Works_power_station/,,2023-11-29 23:44:19.915725,
7279,https://www.gem.wiki/Bokaro_Thermal_Power_Station/,,2023-11-29 23:44:19.89086,
9700,https://www.gem.wiki/Sitapuram_Cement_power_station/,,2023-11-29 23:44:19.910714,
10254,https://www.gem.wiki/Mahan_Aluminium_power_station/,,2023-11-29 23:44:19.915339,
7843,https://www.gem.wiki/Choudwar_power_station/,,2023-11-29 23:44:19.895579,
11176,https://www.gem.wiki/Hazira_power_station_(Reliance)/,,2023-11-29 23:44:19.923017,
8809,https://www.gem.wiki/Parichha_power_station/,,2023-11-29 23:44:19.903339,
10081,https://www.gem.wiki/Newari_power_station/,,2023-11-29 23:44:19.913909,
9523,https://www.gem.wiki/Lanco_Amarkantak_Thermal_Power_Project/,,2023-11-29 23:44:19.909234,
7254,https://www.gem.wiki/Barsingsar_Thermal_Power_Project/,,2023-11-29 23:44:19.890656,
10541,https://www.gem.wiki/Raipur_Neco_power_station/,,2023-11-29 23:44:19.917703,
10792,https://www.gem.wiki/Cuttack_Works_power_station/,,2023-11-29 23:44:19.919776,
9922,https://www.gem.wiki/Raghunathpur_Thermal_Power_Station/,,2023-11-29 23:44:19.912584,
7458,https://www.gem.wiki/Mejia_power_station/,,2023-11-29 23:44:19.892364,
10782,https://www.gem.wiki/Manikgarh_Cement_power_station/,,2023-11-29 23:44:19.919694,
11534,https://www.gem.wiki/Kariajhar_power_station/,,2023-11-29 23:44:19.925962,
7920,https://www.gem.wiki/Raichur_Thermal_Power_Station/,,2023-11-29 23:44:19.896195,
10341,https://www.gem.wiki/Angul_Steel_power_station/,,2023-11-29 23:44:19.916053,
11116,https://www.gem.wiki/Yelahanka_Raichur_power_station/,,2023-11-29 23:44:19.922504,
9722,https://www.gem.wiki/Tata_Mundra_Ultra_Mega_Power_Project/,,2023-11-29 23:44:19.910895,
9100,https://www.gem.wiki/Guru_Gobind_Singh_Refinery_power_station/,,2023-11-29 23:44:19.90573,
9294,https://www.gem.wiki/Sagardighi_Thermal_Power_Station/,,2023-11-29 23:44:19.907338,
9470,https://www.gem.wiki/Sugen_Combined_Cycle_power_plant/,,2023-11-29 23:44:19.908791,
10780,https://www.gem.wiki/Thoothukudi_IBTPL_power_station/,,2023-11-29 23:44:19.919678,
8035,https://www.gem.wiki/Paras_power_station/,,2023-11-29 23:44:19.897129,
9839,https://www.gem.wiki/Zawar_Mines_power_station/,,2023-11-29 23:44:19.911892,
9236,https://www.gem.wiki/Pragati_Combined_Cycle_power_plant/,,2023-11-29 23:44:19.906854,
10825,https://www.gem.wiki/Balaji_Cement_power_station/,,2023-11-29 23:44:19.920051,
8025,https://www.gem.wiki/MP_Amarkantak_power_station/,,2023-11-29 23:44:19.897042,
10256,https://www.gem.wiki/Gummidipoondi_Kamachi_power_station/,,2023-11-29 23:44:19.915356,
10268,https://www.gem.wiki/Angul_power_station/,,2023-11-29 23:44:19.915454,
11360,https://www.gem.wiki/GACL-NALCO_Dahej_Caustic_captive_power_station/,,2023-11-29 23:44:19.924544,
10656,https://www.gem.wiki/Visakhapatnam_Sarda_power_station/,,2023-11-29 23:44:19.918652,
8141,https://www.gem.wiki/Neyveli_Thermal_Power_Station_II/,,2023-11-29 23:44:19.897982,
10393,https://www.gem.wiki/Vadinar_P1_power_station/,,2023-11-29 23:44:19.916484,
9554,https://www.gem.wiki/Kuttalam_Combined_Cycle_power_plant/,,2023-11-29 23:44:19.909491,
9041,https://www.gem.wiki/Simhadri_power_station/,,2023-11-29 23:44:19.905242,
8318,https://www.gem.wiki/Ramgarh_Combined_Cycle_power_plant/,,2023-11-29 23:44:19.899397,
9526,https://www.gem.wiki/Duburi_Steel_power_station/,,2023-11-29 23:44:19.909258,
10752,https://www.gem.wiki/Khamberkhera_IPP_power_station/,,2023-11-29 23:44:19.919449,
11040,https://www.gem.wiki/New_Neyveli_Thermal_Power_Station/,,2023-11-29 23:44:19.921878,
10265,https://www.gem.wiki/Lara_Integrated_Thermal_Power_Project/,,2023-11-29 23:44:19.915429,
10699,https://www.gem.wiki/BCPL_Captive_power_plant/,,2023-11-29 23:44:19.919003,
8072,https://www.gem.wiki/Raipur_Sponge_Iron_power_station/,,2023-11-29 23:44:19.897421,
8859,https://www.gem.wiki/Bandel_Thermal_Power_Station/,,2023-11-29 23:44:19.903746,
7456,https://www.gem.wiki/Chandrapura_power_station/,,2023-11-29 23:44:19.892348,
8806,https://www.gem.wiki/Anpara_power_station/,,2023-11-29 23:44:19.903315,
8118,https://www.gem.wiki/Kawas_Combined_Cycle_power_plant/,,2023-11-29 23:44:19.897797,
7205,https://www.gem.wiki/Kothagudem_Thermal_Power_Station/,,2023-11-29 23:44:19.890246,
10583,https://www.gem.wiki/Raigarh_TRN_Power_Project/,,2023-11-29 23:44:19.918047,
7453,https://www.gem.wiki/Ratnagiri_Combined_Cycle_power_plant/,,2023-11-29 23:44:19.892324,
9780,https://www.gem.wiki/Haldia_Energy_power_station/,,2023-11-29 23:44:19.911386,
10278,https://www.gem.wiki/Ghugus_power_station/,,2023-11-29 23:44:19.915538,
8036,https://www.gem.wiki/Parli_Thermal_Power_Station/,,2023-11-29 23:44:19.897137,
10486,https://www.gem.wiki/Anuppur_Thermal_Power_Project/,,2023-11-29 23:44:19.91725,
10312,https://www.gem.wiki/Dhariwal_power_station/,,2023-11-29 23:44:19.915814,
10827,https://www.gem.wiki/JSW_Tarapur_power_station/,,2023-11-29 23:44:19.920067,
9644,https://www.gem.wiki/Shree_Singaji_Thermal_Power_Project/,,2023-11-29 23:44:19.910228,
10670,https://www.gem.wiki/Hazira_power_station_(Essar)/,,2023-11-29 23:44:19.918767,
10710,https://www.gem.wiki/Binjkote_power_station/,,2023-11-29 23:44:19.919095,
8317,https://www.gem.wiki/Kota_power_station/,,2023-11-29 23:44:19.899389,
8123,https://www.gem.wiki/Rihand_power_station/,,2023-11-29 23:44:19.897837,
11363,https://www.gem.wiki/Godavari_Combined_Cycle_power_plant/,,2023-11-29 23:44:19.924571,
9572,https://www.gem.wiki/Hathneora_Captive_Power_Plant/,,2023-11-29 23:44:19.909637,
7763,https://www.gem.wiki/HPL_Cogeneration_power_station/,,2023-11-29 23:44:19.894924,
9849,https://www.gem.wiki/SVPL_power_station/,,2023-11-29 23:44:19.911974,
8037,https://www.gem.wiki/Uran_Combined_Cycle_power_plant/,,2023-11-29 23:44:19.897144,
8033,https://www.gem.wiki/Koradi_Thermal_Power_Station/,,2023-11-29 23:44:19.897113,
9921,https://www.gem.wiki/Vallur_Thermal_Power_Plant/,,2023-11-29 23:44:19.912576,
7343,https://www.gem.wiki/Titagarh_power_station/,,2023-11-29 23:44:19.891385,
10344,https://www.gem.wiki/Durgapur_SAIL_power_station/,,2023-11-29 23:44:19.916082,
