iso3_country,sector,subsector,start_time,end_time,gas,emissions_quantity,emissions_quantity_units,temporal_granularity,created_date,modified_date
IND,transportation,domestic-aviation,2015-01-01 00:00:00,2015-12-31 00:00:00,ch4,56.85630270260766,tonnes,annual,2023-10-03 21:10:38.088836,
IND,transportation,domestic-aviation,2015-01-01 00:00:00,2015-12-31 00:00:00,co2,8111328.060507474,tonnes,annual,2023-10-03 21:10:38.088824,
IND,transportation,domestic-aviation,2015-01-01 00:00:00,2015-12-31 00:00:00,co2e_100yr,8175109.460879259,tonnes,annual,2023-10-03 21:10:38.088852,
IND,transportation,domestic-aviation,2015-01-01 00:00:00,2015-12-31 00:00:00,co2e_20yr,8178105.788031686,tonnes,annual,2023-10-03 21:10:38.08886,
IND,transportation,domestic-aviation,2015-01-01 00:00:00,2015-12-31 00:00:00,n2o,227.42521081043097,tonnes,annual,2023-10-03 21:10:38.088844,2024-02-27 18:49:11.422208
IND,transportation,domestic-aviation,2016-01-01 00:00:00,2016-12-31 00:00:00,ch4,67.9868173285503,tonnes,annual,2023-10-03 21:10:38.242944,
IND,transportation,domestic-aviation,2016-01-01 00:00:00,2016-12-31 00:00:00,co2,9699247.98005505,tonnes,annual,2023-10-03 21:10:38.242934,
IND,transportation,domestic-aviation,2016-01-01 00:00:00,2016-12-31 00:00:00,co2e_100yr,9775515.591734216,tonnes,annual,2023-10-03 21:10:38.242961,2024-02-27 18:49:14.465741
IND,transportation,domestic-aviation,2016-01-01 00:00:00,2016-12-31 00:00:00,co2e_20yr,9779098.497007431,tonnes,annual,2023-10-03 21:10:38.242969,2024-02-27 18:49:14.465741
IND,transportation,domestic-aviation,2016-01-01 00:00:00,2016-12-31 00:00:00,n2o,271.9472693142016,tonnes,annual,2023-10-03 21:10:38.242952,
IND,transportation,domestic-aviation,2017-01-01 00:00:00,2017-12-31 00:00:00,ch4,77.60878707652641,tonnes,annual,2023-10-03 21:10:38.399454,
IND,transportation,domestic-aviation,2017-01-01 00:00:00,2017-12-31 00:00:00,co2,11071953.37073697,tonnes,annual,2023-10-03 21:10:38.399444,
IND,transportation,domestic-aviation,2017-01-01 00:00:00,2017-12-31 00:00:00,co2e_100yr,11159014.908079416,tonnes,annual,2023-10-03 21:10:38.399471,
IND,transportation,domestic-aviation,2017-01-01 00:00:00,2017-12-31 00:00:00,co2e_20yr,11163104.89115835,tonnes,annual,2023-10-03 21:10:38.399479,
IND,transportation,domestic-aviation,2017-01-01 00:00:00,2017-12-31 00:00:00,n2o,310.43514830610604,tonnes,annual,2023-10-03 21:10:38.399462,
IND,transportation,domestic-aviation,2018-01-01 00:00:00,2018-12-31 00:00:00,ch4,89.87597679088553,tonnes,annual,2023-10-03 21:10:38.555868,
IND,transportation,domestic-aviation,2018-01-01 00:00:00,2018-12-31 00:00:00,co2,12822035.51508798,tonnes,annual,2023-10-03 21:10:38.555858,
IND,transportation,domestic-aviation,2018-01-01 00:00:00,2018-12-31 00:00:00,co2e_100yr,12922858.385851996,tonnes,annual,2023-10-03 21:10:38.555884,
IND,transportation,domestic-aviation,2018-01-01 00:00:00,2018-12-31 00:00:00,co2e_20yr,12927594.849828877,tonnes,annual,2023-10-03 21:10:38.555891,
IND,transportation,domestic-aviation,2018-01-01 00:00:00,2018-12-31 00:00:00,n2o,359.5039071635426,tonnes,annual,2023-10-03 21:10:38.555875,
IND,transportation,domestic-aviation,2019-01-01 00:00:00,2019-12-31 00:00:00,ch4,92.41996504082256,tonnes,annual,2023-10-03 21:10:38.707668,2024-02-27 18:49:14.841407
IND,transportation,domestic-aviation,2019-01-01 00:00:00,2019-12-31 00:00:00,co2,13184970.181896152,tonnes,annual,2023-10-03 21:10:38.707657,
IND,transportation,domestic-aviation,2019-01-01 00:00:00,2019-12-31 00:00:00,co2e_100yr,13288646.898678947,tonnes,annual,2023-10-03 21:10:38.707684,
IND,transportation,domestic-aviation,2019-01-01 00:00:00,2019-12-31 00:00:00,co2e_20yr,13293517.4308366,tonnes,annual,2023-10-03 21:10:38.707692,
IND,transportation,domestic-aviation,2019-01-01 00:00:00,2019-12-31 00:00:00,n2o,369.6798601632907,tonnes,annual,2023-10-03 21:10:38.707675,
IND,transportation,domestic-aviation,2020-01-01 00:00:00,2020-12-31 00:00:00,ch4,60.16230640278687,tonnes,annual,2023-10-03 21:10:38.848085,
IND,transportation,domestic-aviation,2020-01-01 00:00:00,2020-12-31 00:00:00,co2,8582974.63804998,tonnes,annual,2023-10-03 21:10:38.848075,
IND,transportation,domestic-aviation,2020-01-01 00:00:00,2020-12-31 00:00:00,co2e_100yr,8650464.713372627,tonnes,annual,2023-10-03 21:10:38.848101,
IND,transportation,domestic-aviation,2020-01-01 00:00:00,2020-12-31 00:00:00,co2e_20yr,8653635.266920054,tonnes,annual,2023-10-03 21:10:38.848108,
IND,transportation,domestic-aviation,2020-01-01 00:00:00,2020-12-31 00:00:00,n2o,240.649225611148,tonnes,annual,2023-10-03 21:10:38.848092,
IND,transportation,domestic-aviation,2021-01-01 00:00:00,2021-12-31 00:00:00,ch4,73.20130246046067,tonnes,annual,2023-10-03 21:10:39.065927,
IND,transportation,domestic-aviation,2021-01-01 00:00:00,2021-12-31 00:00:00,co2,10443165.497745208,tonnes,annual,2023-10-03 21:10:39.065917,2024-02-27 18:49:15.115881
IND,transportation,domestic-aviation,2021-01-01 00:00:00,2021-12-31 00:00:00,co2e_100yr,10525282.71884535,tonnes,annual,2023-10-03 21:10:39.065943,
IND,transportation,domestic-aviation,2021-01-01 00:00:00,2021-12-31 00:00:00,co2e_20yr,10529140.427485015,tonnes,annual,2023-10-03 21:10:39.065951,2024-02-27 18:49:15.115881
IND,transportation,domestic-aviation,2021-01-01 00:00:00,2021-12-31 00:00:00,n2o,292.80520984184324,tonnes,annual,2023-10-03 21:10:39.065934,
IND,transportation,domestic-aviation,2022-01-01 00:00:00,2022-12-31 00:00:00,ch4,93.56818926769836,tonnes,annual,2023-10-03 21:10:39.216634,
IND,transportation,domestic-aviation,2022-01-01 00:00:00,2022-12-31 00:00:00,co2,13348780.049026083,tonnes,annual,2023-10-03 21:10:39.216624,
IND,transportation,domestic-aviation,2022-01-01 00:00:00,2022-12-31 00:00:00,co2e_100yr,13453744.843746588,tonnes,annual,2023-10-03 21:10:39.216651,
IND,transportation,domestic-aviation,2022-01-01 00:00:00,2022-12-31 00:00:00,co2e_20yr,13458675.887320995,tonnes,annual,2023-10-03 21:10:39.216659,
IND,transportation,domestic-aviation,2022-01-01 00:00:00,2022-12-31 00:00:00,n2o,374.2727570707943,tonnes,annual,2023-10-03 21:10:39.216642,
IND,transportation,domestic-aviation,2023-01-01 00:00:00,2023-12-31 00:00:00,ch4,50.56228958289233,tonnes,annual,2023-10-03 21:10:39.340755,
IND,transportation,domestic-aviation,2023-01-01 00:00:00,2023-12-31 00:00:00,co2,7213401.1323676,tonnes,annual,2023-10-03 21:10:39.340745,
IND,transportation,domestic-aviation,2023-01-01 00:00:00,2023-12-31 00:00:00,co2e_100yr,7270121.908821688,tonnes,annual,2023-10-03 21:10:39.340772,
IND,transportation,domestic-aviation,2023-01-01 00:00:00,2023-12-31 00:00:00,co2e_20yr,7272786.5414827075,tonnes,annual,2023-10-03 21:10:39.34078,
IND,transportation,domestic-aviation,2023-01-01 00:00:00,2023-12-31 00:00:00,n2o,202.24915833157172,tonnes,annual,2023-10-03 21:10:39.340763,2024-02-27 18:49:15.281648
