iso3_country,sector,subsector,start_time,end_time,gas,emissions_quantity,emissions_quantity_units,temporal_granularity,created_date,modified_date
IND,transportation,domestic-shipping,2015-01-01 00:00:00,2015-12-31 00:00:00,ch4,,tonnes,annual,2023-10-10 21:31:23.768825,
IND,transportation,domestic-shipping,2015-01-01 00:00:00,2015-12-31 00:00:00,co2,2576202.2014308465,tonnes,annual,2023-10-10 21:31:23.76881,
IND,transportation,domestic-shipping,2015-01-01 00:00:00,2015-12-31 00:00:00,co2e_100yr,2576202.2014308465,tonnes,annual,2023-10-10 21:31:23.768852,
IND,transportation,domestic-shipping,2015-01-01 00:00:00,2015-12-31 00:00:00,co2e_20yr,2576202.2014308465,tonnes,annual,2023-10-10 21:31:23.76886,
IND,transportation,domestic-shipping,2015-01-01 00:00:00,2015-12-31 00:00:00,n2o,,tonnes,annual,2023-10-10 21:31:23.768841,
IND,transportation,domestic-shipping,2016-01-01 00:00:00,2016-12-31 00:00:00,ch4,,tonnes,annual,2023-10-10 21:31:23.769537,
IND,transportation,domestic-shipping,2016-01-01 00:00:00,2016-12-31 00:00:00,co2,2854491.5675908295,tonnes,annual,2023-10-10 21:31:23.769521,
IND,transportation,domestic-shipping,2016-01-01 00:00:00,2016-12-31 00:00:00,co2e_100yr,2854491.5675908295,tonnes,annual,2023-10-10 21:31:23.769555,
IND,transportation,domestic-shipping,2016-01-01 00:00:00,2016-12-31 00:00:00,co2e_20yr,2854491.5675908295,tonnes,annual,2023-10-10 21:31:23.769563,
IND,transportation,domestic-shipping,2016-01-01 00:00:00,2016-12-31 00:00:00,n2o,,tonnes,annual,2023-10-10 21:31:23.769546,
IND,transportation,domestic-shipping,2017-01-01 00:00:00,2017-12-31 00:00:00,ch4,,tonnes,annual,2023-10-10 21:31:23.770222,
IND,transportation,domestic-shipping,2017-01-01 00:00:00,2017-12-31 00:00:00,co2,3237687.9347172505,tonnes,annual,2023-10-10 21:31:23.770207,
IND,transportation,domestic-shipping,2017-01-01 00:00:00,2017-12-31 00:00:00,co2e_100yr,3237687.9347172505,tonnes,annual,2023-10-10 21:31:23.77024,
IND,transportation,domestic-shipping,2017-01-01 00:00:00,2017-12-31 00:00:00,co2e_20yr,3237687.9347172505,tonnes,annual,2023-10-10 21:31:23.770248,
IND,transportation,domestic-shipping,2017-01-01 00:00:00,2017-12-31 00:00:00,n2o,,tonnes,annual,2023-10-10 21:31:23.770231,
IND,transportation,domestic-shipping,2018-01-01 00:00:00,2018-12-31 00:00:00,ch4,,tonnes,annual,2023-10-10 21:31:23.770928,
IND,transportation,domestic-shipping,2018-01-01 00:00:00,2018-12-31 00:00:00,co2,3401098.847084858,tonnes,annual,2023-10-10 21:31:23.770913,
IND,transportation,domestic-shipping,2018-01-01 00:00:00,2018-12-31 00:00:00,co2e_100yr,3401098.847084858,tonnes,annual,2023-10-10 21:31:23.770946,
IND,transportation,domestic-shipping,2018-01-01 00:00:00,2018-12-31 00:00:00,co2e_20yr,3401098.847084858,tonnes,annual,2023-10-10 21:31:23.770953,
IND,transportation,domestic-shipping,2018-01-01 00:00:00,2018-12-31 00:00:00,n2o,,tonnes,annual,2023-10-10 21:31:23.770937,
IND,transportation,domestic-shipping,2019-01-01 00:00:00,2019-12-31 00:00:00,ch4,,tonnes,annual,2023-10-10 21:31:23.771663,
IND,transportation,domestic-shipping,2019-01-01 00:00:00,2019-12-31 00:00:00,co2,3972660.122748241,tonnes,annual,2023-10-10 21:31:23.771648,
IND,transportation,domestic-shipping,2019-01-01 00:00:00,2019-12-31 00:00:00,co2e_100yr,3972660.122748241,tonnes,annual,2023-10-10 21:31:23.771681,
IND,transportation,domestic-shipping,2019-01-01 00:00:00,2019-12-31 00:00:00,co2e_20yr,3972660.122748241,tonnes,annual,2023-10-10 21:31:23.771689,
IND,transportation,domestic-shipping,2019-01-01 00:00:00,2019-12-31 00:00:00,n2o,,tonnes,annual,2023-10-10 21:31:23.771672,
IND,transportation,domestic-shipping,2020-01-01 00:00:00,2020-12-31 00:00:00,ch4,,tonnes,annual,2023-10-10 21:31:23.772356,
IND,transportation,domestic-shipping,2020-01-01 00:00:00,2020-12-31 00:00:00,co2,4294235.033009446,tonnes,annual,2023-10-10 21:31:23.772341,
IND,transportation,domestic-shipping,2020-01-01 00:00:00,2020-12-31 00:00:00,co2e_100yr,4294235.033009446,tonnes,annual,2023-10-10 21:31:23.772375,
IND,transportation,domestic-shipping,2020-01-01 00:00:00,2020-12-31 00:00:00,co2e_20yr,4294235.033009446,tonnes,annual,2023-10-10 21:31:23.772383,
IND,transportation,domestic-shipping,2020-01-01 00:00:00,2020-12-31 00:00:00,n2o,,tonnes,annual,2023-10-10 21:31:23.772365,
IND,transportation,domestic-shipping,2021-01-01 00:00:00,2021-12-31 00:00:00,ch4,,tonnes,annual,2023-10-10 21:31:23.773093,
IND,transportation,domestic-shipping,2021-01-01 00:00:00,2021-12-31 00:00:00,co2,4972589.448760212,tonnes,annual,2023-10-10 21:31:23.773071,
IND,transportation,domestic-shipping,2021-01-01 00:00:00,2021-12-31 00:00:00,co2e_100yr,4972589.448760212,tonnes,annual,2023-10-10 21:31:23.773124,
IND,transportation,domestic-shipping,2021-01-01 00:00:00,2021-12-31 00:00:00,co2e_20yr,4972589.448760212,tonnes,annual,2023-10-10 21:31:23.773137,
IND,transportation,domestic-shipping,2021-01-01 00:00:00,2021-12-31 00:00:00,n2o,,tonnes,annual,2023-10-10 21:31:23.773109,
IND,transportation,domestic-shipping,2022-01-01 00:00:00,2022-12-31 00:00:00,ch4,,tonnes,annual,2023-10-10 21:31:23.773853,
IND,transportation,domestic-shipping,2022-01-01 00:00:00,2022-12-31 00:00:00,co2,5530105.721689769,tonnes,annual,2023-10-10 21:31:23.773838,
IND,transportation,domestic-shipping,2022-01-01 00:00:00,2022-12-31 00:00:00,co2e_100yr,5530105.721689769,tonnes,annual,2023-10-10 21:31:23.773871,
IND,transportation,domestic-shipping,2022-01-01 00:00:00,2022-12-31 00:00:00,co2e_20yr,5530105.721689769,tonnes,annual,2023-10-10 21:31:23.77388,
IND,transportation,domestic-shipping,2022-01-01 00:00:00,2022-12-31 00:00:00,n2o,,tonnes,annual,2023-10-10 21:31:23.773862,
IND,transportation,domestic-shipping,2023-01-01 00:00:00,2023-12-31 00:00:00,ch4,,tonnes,annual,2023-10-10 21:31:23.774579,
IND,transportation,domestic-shipping,2023-01-01 00:00:00,2023-12-31 00:00:00,co2,4160158.223125103,tonnes,annual,2023-10-10 21:31:23.774564,
IND,transportation,domestic-shipping,2023-01-01 00:00:00,2023-12-31 00:00:00,co2e_100yr,4160158.223125103,tonnes,annual,2023-10-10 21:31:23.774617,
IND,transportation,domestic-shipping,2023-01-01 00:00:00,2023-12-31 00:00:00,co2e_20yr,4160158.223125103,tonnes,annual,2023-10-10 21:31:23.77464,
IND,transportation,domestic-shipping,2023-01-01 00:00:00,2023-12-31 00:00:00,n2o,,tonnes,annual,2023-10-10 21:31:23.774589,
