iso3_country,sector,subsector,start_time,end_time,gas,emissions_quantity,emissions_quantity_units,temporal_granularity,created_date,modified_date
IND,transportation,international-shipping,2015-01-01 00:00:00,2015-12-31 00:00:00,ch4,,tonnes,annual,2023-10-10 21:31:24.026423,
IND,transportation,international-shipping,2015-01-01 00:00:00,2015-12-31 00:00:00,co2,6762234.298632835,tonnes,annual,2023-10-10 21:31:24.026397,
IND,transportation,international-shipping,2015-01-01 00:00:00,2015-12-31 00:00:00,co2e_100yr,6762234.298632835,tonnes,annual,2023-10-10 21:31:24.026461,
IND,transportation,international-shipping,2015-01-01 00:00:00,2015-12-31 00:00:00,co2e_20yr,6762234.298632835,tonnes,annual,2023-10-10 21:31:24.026477,
IND,transportation,international-shipping,2015-01-01 00:00:00,2015-12-31 00:00:00,n2o,,tonnes,annual,2023-10-10 21:31:24.026443,
IND,transportation,international-shipping,2016-01-01 00:00:00,2016-12-31 00:00:00,ch4,,tonnes,annual,2023-10-10 21:31:24.027639,
IND,transportation,international-shipping,2016-01-01 00:00:00,2016-12-31 00:00:00,co2,7883024.211082373,tonnes,annual,2023-10-10 21:31:24.027613,
IND,transportation,international-shipping,2016-01-01 00:00:00,2016-12-31 00:00:00,co2e_100yr,7883024.211082373,tonnes,annual,2023-10-10 21:31:24.02768,
IND,transportation,international-shipping,2016-01-01 00:00:00,2016-12-31 00:00:00,co2e_20yr,7883024.211082373,tonnes,annual,2023-10-10 21:31:24.027699,
IND,transportation,international-shipping,2016-01-01 00:00:00,2016-12-31 00:00:00,n2o,,tonnes,annual,2023-10-10 21:31:24.02766,
IND,transportation,international-shipping,2017-01-01 00:00:00,2017-12-31 00:00:00,ch4,,tonnes,annual,2023-10-10 21:31:24.028903,
IND,transportation,international-shipping,2017-01-01 00:00:00,2017-12-31 00:00:00,co2,8461768.083078338,tonnes,annual,2023-10-10 21:31:24.028875,
IND,transportation,international-shipping,2017-01-01 00:00:00,2017-12-31 00:00:00,co2e_100yr,8461768.083078338,tonnes,annual,2023-10-10 21:31:24.028946,
IND,transportation,international-shipping,2017-01-01 00:00:00,2017-12-31 00:00:00,co2e_20yr,8461768.083078338,tonnes,annual,2023-10-10 21:31:24.028978,
IND,transportation,international-shipping,2017-01-01 00:00:00,2017-12-31 00:00:00,n2o,,tonnes,annual,2023-10-10 21:31:24.028925,
IND,transportation,international-shipping,2018-01-01 00:00:00,2018-12-31 00:00:00,ch4,,tonnes,annual,2023-10-10 21:31:24.030162,
IND,transportation,international-shipping,2018-01-01 00:00:00,2018-12-31 00:00:00,co2,9245877.380092166,tonnes,annual,2023-10-10 21:31:24.030136,
IND,transportation,international-shipping,2018-01-01 00:00:00,2018-12-31 00:00:00,co2e_100yr,9245877.380092166,tonnes,annual,2023-10-10 21:31:24.030203,
IND,transportation,international-shipping,2018-01-01 00:00:00,2018-12-31 00:00:00,co2e_20yr,9245877.380092166,tonnes,annual,2023-10-10 21:31:24.03022,
IND,transportation,international-shipping,2018-01-01 00:00:00,2018-12-31 00:00:00,n2o,,tonnes,annual,2023-10-10 21:31:24.030183,
IND,transportation,international-shipping,2019-01-01 00:00:00,2019-12-31 00:00:00,ch4,,tonnes,annual,2023-10-10 21:31:24.031414,
IND,transportation,international-shipping,2019-01-01 00:00:00,2019-12-31 00:00:00,co2,10014557.194913397,tonnes,annual,2023-10-10 21:31:24.031386,
IND,transportation,international-shipping,2019-01-01 00:00:00,2019-12-31 00:00:00,co2e_100yr,10014557.194913397,tonnes,annual,2023-10-10 21:31:24.031455,
IND,transportation,international-shipping,2019-01-01 00:00:00,2019-12-31 00:00:00,co2e_20yr,10014557.194913397,tonnes,annual,2023-10-10 21:31:24.031471,
IND,transportation,international-shipping,2019-01-01 00:00:00,2019-12-31 00:00:00,n2o,,tonnes,annual,2023-10-10 21:31:24.031436,
IND,transportation,international-shipping,2020-01-01 00:00:00,2020-12-31 00:00:00,ch4,,tonnes,annual,2023-10-10 21:31:24.03264,
IND,transportation,international-shipping,2020-01-01 00:00:00,2020-12-31 00:00:00,co2,11144469.009455744,tonnes,annual,2023-10-10 21:31:24.032614,
IND,transportation,international-shipping,2020-01-01 00:00:00,2020-12-31 00:00:00,co2e_100yr,11144469.009455744,tonnes,annual,2023-10-10 21:31:24.032681,
IND,transportation,international-shipping,2020-01-01 00:00:00,2020-12-31 00:00:00,co2e_20yr,11144469.009455744,tonnes,annual,2023-10-10 21:31:24.0327,
IND,transportation,international-shipping,2020-01-01 00:00:00,2020-12-31 00:00:00,n2o,,tonnes,annual,2023-10-10 21:31:24.032661,
IND,transportation,international-shipping,2021-01-01 00:00:00,2021-12-31 00:00:00,ch4,,tonnes,annual,2023-10-10 21:31:24.033878,
IND,transportation,international-shipping,2021-01-01 00:00:00,2021-12-31 00:00:00,co2,13189385.01237274,tonnes,annual,2023-10-10 21:31:24.033852,
IND,transportation,international-shipping,2021-01-01 00:00:00,2021-12-31 00:00:00,co2e_100yr,13189385.01237274,tonnes,annual,2023-10-10 21:31:24.033919,
IND,transportation,international-shipping,2021-01-01 00:00:00,2021-12-31 00:00:00,co2e_20yr,13189385.01237274,tonnes,annual,2023-10-10 21:31:24.033937,
IND,transportation,international-shipping,2021-01-01 00:00:00,2021-12-31 00:00:00,n2o,,tonnes,annual,2023-10-10 21:31:24.033898,
IND,transportation,international-shipping,2022-01-01 00:00:00,2022-12-31 00:00:00,ch4,,tonnes,annual,2023-10-10 21:31:24.03511,
IND,transportation,international-shipping,2022-01-01 00:00:00,2022-12-31 00:00:00,co2,13794928.541908626,tonnes,annual,2023-10-10 21:31:24.035084,
IND,transportation,international-shipping,2022-01-01 00:00:00,2022-12-31 00:00:00,co2e_100yr,13794928.541908626,tonnes,annual,2023-10-10 21:31:24.035151,
IND,transportation,international-shipping,2022-01-01 00:00:00,2022-12-31 00:00:00,co2e_20yr,13794928.541908626,tonnes,annual,2023-10-10 21:31:24.035168,
IND,transportation,international-shipping,2022-01-01 00:00:00,2022-12-31 00:00:00,n2o,,tonnes,annual,2023-10-10 21:31:24.035131,
IND,transportation,international-shipping,2023-01-01 00:00:00,2023-12-31 00:00:00,ch4,,tonnes,annual,2023-10-10 21:31:24.036351,
IND,transportation,international-shipping,2023-01-01 00:00:00,2023-12-31 00:00:00,co2,11800965.383615486,tonnes,annual,2023-10-10 21:31:24.036325,
IND,transportation,international-shipping,2023-01-01 00:00:00,2023-12-31 00:00:00,co2e_100yr,11800965.383615486,tonnes,annual,2023-10-10 21:31:24.036393,
IND,transportation,international-shipping,2023-01-01 00:00:00,2023-12-31 00:00:00,co2e_20yr,11800965.383615486,tonnes,annual,2023-10-10 21:31:24.036412,
IND,transportation,international-shipping,2023-01-01 00:00:00,2023-12-31 00:00:00,n2o,,tonnes,annual,2023-10-10 21:31:24.036373,
