iso3_country,sector,subsector,start_time,end_time,gas,emissions_quantity,emissions_quantity_units,temporal_granularity,created_date,modified_date
IND,transportation,international-aviation,2015-01-01 00:00:00,2015-12-31 00:00:00,ch4,66.72332993854974,tonnes,annual,2023-10-03 21:10:36.180347,
IND,transportation,international-aviation,2015-01-01 00:00:00,2015-12-31 00:00:00,co2,9518994.248569632,tonnes,annual,2023-10-03 21:10:36.180337,
IND,transportation,international-aviation,2015-01-01 00:00:00,2015-12-31 00:00:00,co2e_100yr,9593844.4800947,tonnes,annual,2023-10-03 21:10:36.180363,
IND,transportation,international-aviation,2015-01-01 00:00:00,2015-12-31 00:00:00,co2e_20yr,9597360.79958246,tonnes,annual,2023-10-03 21:10:36.180371,2024-02-27 18:49:05.455329
IND,transportation,international-aviation,2015-01-01 00:00:00,2015-12-31 00:00:00,n2o,266.8933197541991,tonnes,annual,2023-10-03 21:10:36.180355,
IND,transportation,international-aviation,2016-01-01 00:00:00,2016-12-31 00:00:00,ch4,71.2447904815807,tonnes,annual,2023-10-03 21:10:36.320723,
IND,transportation,international-aviation,2016-01-01 00:00:00,2016-12-31 00:00:00,co2,10164042.344099104,tonnes,annual,2023-10-03 21:10:36.320714,
IND,transportation,international-aviation,2016-01-01 00:00:00,2016-12-31 00:00:00,co2e_100yr,10243964.750061342,tonnes,annual,2023-10-03 21:10:36.32074,
IND,transportation,international-aviation,2016-01-01 00:00:00,2016-12-31 00:00:00,co2e_20yr,10247719.35051972,tonnes,annual,2023-10-03 21:10:36.320748,
IND,transportation,international-aviation,2016-01-01 00:00:00,2016-12-31 00:00:00,n2o,284.97916192632294,tonnes,annual,2023-10-03 21:10:36.320731,
IND,transportation,international-aviation,2017-01-01 00:00:00,2017-12-31 00:00:00,ch4,78.47599559647021,tonnes,annual,2023-10-03 21:10:36.464853,
IND,transportation,international-aviation,2017-01-01 00:00:00,2017-12-31 00:00:00,co2,11195672.509473864,tonnes,annual,2023-10-03 21:10:36.464843,
IND,transportation,international-aviation,2017-01-01 00:00:00,2017-12-31 00:00:00,co2e_100yr,11283706.881333984,tonnes,annual,2023-10-03 21:10:36.464868,2024-02-27 18:49:09.05365
IND,transportation,international-aviation,2017-01-01 00:00:00,2017-12-31 00:00:00,co2e_20yr,11287842.566301918,tonnes,annual,2023-10-03 21:10:36.464876,
IND,transportation,international-aviation,2017-01-01 00:00:00,2017-12-31 00:00:00,n2o,313.903982385881,tonnes,annual,2023-10-03 21:10:36.46486,
IND,transportation,international-aviation,2018-01-01 00:00:00,2018-12-31 00:00:00,ch4,83.4556190023973,tonnes,annual,2023-10-03 21:10:36.619795,
IND,transportation,international-aviation,2018-01-01 00:00:00,2018-12-31 00:00:00,co2,11906083.79447294,tonnes,annual,2023-10-03 21:10:36.619786,
IND,transportation,international-aviation,2018-01-01 00:00:00,2018-12-31 00:00:00,co2e_100yr,11999704.307869831,tonnes,annual,2023-10-03 21:10:36.619812,
IND,transportation,international-aviation,2018-01-01 00:00:00,2018-12-31 00:00:00,co2e_20yr,12004102.418991257,tonnes,annual,2023-10-03 21:10:36.61982,
IND,transportation,international-aviation,2018-01-01 00:00:00,2018-12-31 00:00:00,n2o,333.82247600958937,tonnes,annual,2023-10-03 21:10:36.619803,
IND,transportation,international-aviation,2019-01-01 00:00:00,2019-12-31 00:00:00,ch4,80.81979439890391,tonnes,annual,2023-10-03 21:10:36.771223,
IND,transportation,international-aviation,2019-01-01 00:00:00,2019-12-31 00:00:00,co2,11530047.41763145,tonnes,annual,2023-10-03 21:10:36.771213,
IND,transportation,international-aviation,2019-01-01 00:00:00,2019-12-31 00:00:00,co2e_100yr,11620711.06298814,tonnes,annual,2023-10-03 21:10:36.771239,
IND,transportation,international-aviation,2019-01-01 00:00:00,2019-12-31 00:00:00,co2e_20yr,11624970.26615296,tonnes,annual,2023-10-03 21:10:36.771247,2024-02-27 18:49:09.242754
IND,transportation,international-aviation,2019-01-01 00:00:00,2019-12-31 00:00:00,n2o,323.27917759561586,tonnes,annual,2023-10-03 21:10:36.771231,
IND,transportation,international-aviation,2020-01-01 00:00:00,2020-12-31 00:00:00,ch4,36.22660823972284,tonnes,annual,2023-10-03 21:10:36.925798,
IND,transportation,international-aviation,2020-01-01 00:00:00,2020-12-31 00:00:00,co2,5168220.408014649,tonnes,annual,2023-10-03 21:10:36.925789,
IND,transportation,international-aviation,2020-01-01 00:00:00,2020-12-31 00:00:00,co2e_100yr,5208859.41713797,tonnes,annual,2023-10-03 21:10:36.925815,
IND,transportation,international-aviation,2020-01-01 00:00:00,2020-12-31 00:00:00,co2e_20yr,5210768.559392204,tonnes,annual,2023-10-03 21:10:36.925823,
IND,transportation,international-aviation,2020-01-01 00:00:00,2020-12-31 00:00:00,n2o,144.90643295889163,tonnes,annual,2023-10-03 21:10:36.925806,
IND,transportation,international-aviation,2021-01-01 00:00:00,2021-12-31 00:00:00,ch4,35.96068823491503,tonnes,annual,2023-10-03 21:10:37.137592,
IND,transportation,international-aviation,2021-01-01 00:00:00,2021-12-31 00:00:00,co2,5130283.287689919,tonnes,annual,2023-10-03 21:10:37.137581,
IND,transportation,international-aviation,2021-01-01 00:00:00,2021-12-31 00:00:00,co2e_100yr,5170623.987751847,tonnes,annual,2023-10-03 21:10:37.137609,
IND,transportation,international-aviation,2021-01-01 00:00:00,2021-12-31 00:00:00,co2e_20yr,5172519.116021827,tonnes,annual,2023-10-03 21:10:37.137616,
IND,transportation,international-aviation,2021-01-01 00:00:00,2021-12-31 00:00:00,n2o,143.84275293966033,tonnes,annual,2023-10-03 21:10:37.137599,
IND,transportation,international-aviation,2022-01-01 00:00:00,2022-12-31 00:00:00,ch4,72.45232266446573,tonnes,annual,2023-10-03 21:10:37.285665,
IND,transportation,international-aviation,2022-01-01 00:00:00,2022-12-31 00:00:00,co2,10336313.301115671,tonnes,annual,2023-10-03 21:10:37.285654,
IND,transportation,international-aviation,2022-01-01 00:00:00,2022-12-31 00:00:00,co2e_100yr,10417590.316680668,tonnes,annual,2023-10-03 21:10:37.285681,
IND,transportation,international-aviation,2022-01-01 00:00:00,2022-12-31 00:00:00,co2e_20yr,10421408.554085089,tonnes,annual,2023-10-03 21:10:37.285689,2024-02-27 18:49:09.665161
IND,transportation,international-aviation,2022-01-01 00:00:00,2022-12-31 00:00:00,n2o,289.8092906578633,tonnes,annual,2023-10-03 21:10:37.285673,
IND,transportation,international-aviation,2023-01-01 00:00:00,2023-12-31 00:00:00,ch4,45.87268056609865,tonnes,annual,2023-10-03 21:10:37.433392,
IND,transportation,international-aviation,2023-01-01 00:00:00,2023-12-31 00:00:00,co2,6544364.360671452,tonnes,annual,2023-10-03 21:10:37.433382,
IND,transportation,international-aviation,2023-01-01 00:00:00,2023-12-31 00:00:00,co2e_100yr,6595824.333730502,tonnes,annual,2023-10-03 21:10:37.43341,
IND,transportation,international-aviation,2023-01-01 00:00:00,2023-12-31 00:00:00,co2e_20yr,6598241.823996335,tonnes,annual,2023-10-03 21:10:37.433418,
IND,transportation,international-aviation,2023-01-01 00:00:00,2023-12-31 00:00:00,n2o,183.49072226439543,tonnes,annual,2023-10-03 21:10:37.4334,2024-02-27 18:49:09.745577
