iso3_country,sector,subsector,start_time,end_time,gas,emissions_quantity,emissions_quantity_units,temporal_granularity,created_date,modified_date
IND,transportation,road-transportation,2015-01-01 00:00:00,2015-12-31 00:00:00,ch4,53891.54793,tonnes,annual,2023-10-06 14:56:33.428328,2023-11-20 21:19:54.252158
IND,transportation,road-transportation,2015-01-01 00:00:00,2015-12-31 00:00:00,co2,236600099.4,tonnes,annual,2023-10-06 14:56:33.428328,2023-11-20 21:19:54.252158
IND,transportation,road-transportation,2015-01-01 00:00:00,2015-12-31 00:00:00,co2e_100yr,243279462.54694,tonnes,annual,2023-10-06 14:56:33.428328,2023-11-20 21:19:54.252158
IND,transportation,road-transportation,2015-01-01 00:00:00,2015-12-31 00:00:00,co2e_20yr,246277878.28836,tonnes,annual,2023-10-06 14:56:33.428328,2023-11-20 21:19:54.252158
IND,transportation,road-transportation,2015-01-01 00:00:00,2015-12-31 00:00:00,n2o,19510.94266,tonnes,annual,2023-10-06 14:56:33.428328,2023-11-20 21:19:54.252158
IND,transportation,road-transportation,2016-01-01 00:00:00,2016-12-31 00:00:00,ch4,60563.88162,tonnes,annual,2023-10-06 14:56:33.428328,2023-11-20 21:19:53.801331
IND,transportation,road-transportation,2016-01-01 00:00:00,2016-12-31 00:00:00,co2,246789506.0,tonnes,annual,2023-10-06 14:56:33.428328,2023-11-20 21:19:53.801331
IND,transportation,road-transportation,2016-01-01 00:00:00,2016-12-31 00:00:00,co2e_100yr,253625826.19186,tonnes,annual,2023-10-06 14:56:33.428328,2023-11-20 21:19:53.801331
IND,transportation,road-transportation,2016-01-01 00:00:00,2016-12-31 00:00:00,co2e_20yr,256998005.33048,tonnes,annual,2023-10-06 14:56:33.428328,2023-11-20 21:19:53.801331
IND,transportation,road-transportation,2016-01-01 00:00:00,2016-12-31 00:00:00,n2o,19398.2321,tonnes,annual,2023-10-06 14:56:33.428328,2023-11-20 21:19:53.801331
IND,transportation,road-transportation,2017-01-01 00:00:00,2017-12-31 00:00:00,ch4,61974.79353,tonnes,annual,2023-10-06 14:56:33.428328,2023-11-20 21:19:53.403281
IND,transportation,road-transportation,2017-01-01 00:00:00,2017-12-31 00:00:00,co2,265561414.99999997,tonnes,annual,2023-10-06 14:56:33.428328,2023-11-20 21:19:53.403281
IND,transportation,road-transportation,2017-01-01 00:00:00,2017-12-31 00:00:00,co2e_100yr,272812058.06889,tonnes,annual,2023-10-06 14:56:33.428328,2023-11-20 21:19:53.403281
IND,transportation,road-transportation,2017-01-01 00:00:00,2017-12-31 00:00:00,co2e_20yr,276261833.86939996,tonnes,annual,2023-10-06 14:56:33.428328,2023-11-20 21:19:53.403281
IND,transportation,road-transportation,2017-01-01 00:00:00,2017-12-31 00:00:00,n2o,20812.63717,tonnes,annual,2023-10-06 14:56:33.428328,2023-11-20 21:19:53.403281
IND,transportation,road-transportation,2018-01-01 00:00:00,2018-12-31 00:00:00,ch4,62025.568470000006,tonnes,annual,2023-10-06 14:56:33.428328,2023-11-20 21:19:53.017067
IND,transportation,road-transportation,2018-01-01 00:00:00,2018-12-31 00:00:00,co2,277517399.6,tonnes,annual,2023-10-06 14:56:33.428328,2023-11-20 21:19:53.017067
IND,transportation,road-transportation,2018-01-01 00:00:00,2018-12-31 00:00:00,co2e_100yr,285045513.01221,tonnes,annual,2023-10-06 14:56:33.428328,2023-11-20 21:19:53.017067
IND,transportation,road-transportation,2018-01-01 00:00:00,2018-12-31 00:00:00,co2e_20yr,288497090.51636,tonnes,annual,2023-10-06 14:56:33.428328,2023-11-20 21:19:53.017067
IND,transportation,road-transportation,2018-01-01 00:00:00,2018-12-31 00:00:00,n2o,21854.33017,tonnes,annual,2023-10-06 14:56:33.428328,2023-11-20 21:19:53.017067
IND,transportation,road-transportation,2019-01-01 00:00:00,2019-12-31 00:00:00,ch4,64838.80474,tonnes,annual,2023-10-06 14:56:33.428328,2023-11-20 21:19:52.638413
IND,transportation,road-transportation,2019-01-01 00:00:00,2019-12-31 00:00:00,co2,280835402.59999996,tonnes,annual,2023-10-06 14:56:33.428328,2023-11-20 21:19:52.638413
IND,transportation,road-transportation,2019-01-01 00:00:00,2019-12-31 00:00:00,co2e_100yr,288488131.94842,tonnes,annual,2023-10-06 14:56:33.428328,2023-11-20 21:19:52.638413
IND,transportation,road-transportation,2019-01-01 00:00:00,2019-12-31 00:00:00,co2e_20yr,292097077.68248,tonnes,annual,2023-10-06 14:56:33.428328,2023-11-20 21:19:52.638413
IND,transportation,road-transportation,2019-01-01 00:00:00,2019-12-31 00:00:00,n2o,22027.33138,tonnes,annual,2023-10-06 14:56:33.428328,2023-11-20 21:19:52.638413
IND,transportation,road-transportation,2020-01-01 00:00:00,2020-12-31 00:00:00,ch4,58131.91221,tonnes,annual,2023-10-06 14:56:33.428328,2023-11-20 21:19:52.236966
IND,transportation,road-transportation,2020-01-01 00:00:00,2020-12-31 00:00:00,co2,252008532.6,tonnes,annual,2023-10-06 14:56:33.428328,2023-11-20 21:19:52.236966
IND,transportation,road-transportation,2020-01-01 00:00:00,2020-12-31 00:00:00,co2e_100yr,258689023.66113,tonnes,annual,2023-10-06 14:56:33.428328,2023-11-20 21:19:52.236966
IND,transportation,road-transportation,2020-01-01 00:00:00,2020-12-31 00:00:00,co2e_20yr,261925343.58444,tonnes,annual,2023-10-06 14:56:33.428328,2023-11-20 21:19:52.236966
IND,transportation,road-transportation,2020-01-01 00:00:00,2020-12-31 00:00:00,n2o,19067.16045,tonnes,annual,2023-10-06 14:56:33.428328,2023-11-20 21:19:52.236966
IND,transportation,road-transportation,2021-01-01 00:00:00,2021-12-31 00:00:00,ch4,59411.48268,tonnes,annual,2023-10-06 14:56:33.428328,2023-11-20 21:19:51.777571
IND,transportation,road-transportation,2021-01-01 00:00:00,2021-12-31 00:00:00,co2,257078305.0,tonnes,annual,2023-10-06 14:56:33.428328,2023-11-20 21:19:51.777571
IND,transportation,road-transportation,2021-01-01 00:00:00,2021-12-31 00:00:00,co2e_100yr,263908883.27339,tonnes,annual,2023-10-06 14:56:33.428328,2023-11-20 21:19:51.777571
IND,transportation,road-transportation,2021-01-01 00:00:00,2021-12-31 00:00:00,co2e_20yr,267216427.97608,tonnes,annual,2023-10-06 14:56:33.428328,2023-11-20 21:19:51.777571
IND,transportation,road-transportation,2021-01-01 00:00:00,2021-12-31 00:00:00,n2o,19498.32739,tonnes,annual,2023-10-06 14:56:33.428328,2023-11-20 21:19:51.777571
IND,transportation,road-transportation,2022-01-01 00:00:00,2022-12-31 00:00:00,ch4,62943.03722,tonnes,annual,2023-10-06 14:56:33.428328,2023-11-20 21:19:51.136466
IND,transportation,road-transportation,2022-01-01 00:00:00,2022-12-31 00:00:00,co2,278437937.4,tonnes,annual,2023-10-06 14:56:33.428328,2023-11-20 21:19:51.136466
IND,transportation,road-transportation,2022-01-01 00:00:00,2022-12-31 00:00:00,co2e_100yr,285635833.36465997,tonnes,annual,2023-10-06 14:56:33.428328,2023-11-20 21:19:51.136466
IND,transportation,road-transportation,2022-01-01 00:00:00,2022-12-31 00:00:00,co2e_20yr,289140132.16247994,tonnes,annual,2023-10-06 14:56:33.428328,2023-11-20 21:19:51.136466
IND,transportation,road-transportation,2022-01-01 00:00:00,2022-12-31 00:00:00,n2o,20511.2865,tonnes,annual,2023-10-06 14:56:33.428328,2023-11-20 21:19:51.136466
