iso3_country,sector,subsector,start_time,end_time,gas,emissions_quantity,emissions_quantity_units,temporal_granularity,created_date,modified_date
IND,agriculture,cropland-fires,2015-01-01 00:00:00,2015-12-31 00:00:00,ch4,268717.397379519,tonnes,annual,2023-10-06 00:00:00,
IND,agriculture,cropland-fires,2015-01-01 00:00:00,2015-12-31 00:00:00,co2,150780321.82438,tonnes,annual,2023-10-06 00:00:00,
IND,agriculture,cropland-fires,2015-01-01 00:00:00,2015-12-31 00:00:00,co2e_100yr,159991357.04854324,tonnes,annual,2023-10-06 00:00:00,
IND,agriculture,cropland-fires,2015-01-01 00:00:00,2015-12-31 00:00:00,co2e_20yr,174394609.54808545,tonnes,annual,2023-10-06 00:00:00,
IND,agriculture,cropland-fires,2015-01-01 00:00:00,2015-12-31 00:00:00,n2o,6966.74730930518,tonnes,annual,2023-10-06 00:00:00,
IND,agriculture,cropland-fires,2016-01-01 00:00:00,2016-12-31 00:00:00,ch4,276142.336511205,tonnes,annual,2023-10-06 00:00:00,
IND,agriculture,cropland-fires,2016-01-01 00:00:00,2016-12-31 00:00:00,co2,154946531.684012,tonnes,annual,2023-10-06 00:00:00,
IND,agriculture,cropland-fires,2016-01-01 00:00:00,2016-12-31 00:00:00,co2e_100yr,164412077.2743798,tonnes,annual,2023-10-06 00:00:00,
IND,agriculture,cropland-fires,2016-01-01 00:00:00,2016-12-31 00:00:00,co2e_20yr,179213306.5113804,tonnes,annual,2023-10-06 00:00:00,
IND,agriculture,cropland-fires,2016-01-01 00:00:00,2016-12-31 00:00:00,n2o,7159.24555774008,tonnes,annual,2023-10-06 00:00:00,
IND,agriculture,cropland-fires,2017-01-01 00:00:00,2017-12-31 00:00:00,ch4,280135.23514802,tonnes,annual,2023-10-06 00:00:00,
IND,agriculture,cropland-fires,2017-01-01 00:00:00,2017-12-31 00:00:00,co2,157186998.61571,tonnes,annual,2023-10-06 00:00:00,
IND,agriculture,cropland-fires,2017-01-01 00:00:00,2017-12-31 00:00:00,co2e_100yr,166789412.02597523,tonnes,annual,2023-10-06 00:00:00,
IND,agriculture,cropland-fires,2017-01-01 00:00:00,2017-12-31 00:00:00,co2e_20yr,181804660.62990913,tonnes,annual,2023-10-06 00:00:00,
IND,agriculture,cropland-fires,2017-01-01 00:00:00,2017-12-31 00:00:00,n2o,7262.76561992349,tonnes,annual,2023-10-06 00:00:00,
IND,agriculture,cropland-fires,2018-01-01 00:00:00,2018-12-31 00:00:00,ch4,289670.835795564,tonnes,annual,2023-10-06 00:00:00,
IND,agriculture,cropland-fires,2018-01-01 00:00:00,2018-12-31 00:00:00,co2,162537530.234741,tonnes,annual,2023-10-06 00:00:00,
IND,agriculture,cropland-fires,2018-01-01 00:00:00,2018-12-31 00:00:00,co2e_100yr,172466802.7981448,tonnes,annual,2023-10-06 00:00:00,
IND,agriculture,cropland-fires,2018-01-01 00:00:00,2018-12-31 00:00:00,co2e_20yr,187993159.59678704,tonnes,annual,2023-10-06 00:00:00,
IND,agriculture,cropland-fires,2018-01-01 00:00:00,2018-12-31 00:00:00,n2o,7509.98472441201,tonnes,annual,2023-10-06 00:00:00,
IND,agriculture,cropland-fires,2019-01-01 00:00:00,2019-12-31 00:00:00,ch4,290962.376564917,tonnes,annual,2023-10-06 00:00:00,
IND,agriculture,cropland-fires,2019-01-01 00:00:00,2019-12-31 00:00:00,co2,163262224.943936,tonnes,annual,2023-10-06 00:00:00,
IND,agriculture,cropland-fires,2019-01-01 00:00:00,2019-12-31 00:00:00,co2e_100yr,173235768.65580297,tonnes,annual,2023-10-06 00:00:00,
IND,agriculture,cropland-fires,2019-01-01 00:00:00,2019-12-31 00:00:00,co2e_20yr,188831352.03968248,tonnes,annual,2023-10-06 00:00:00,
IND,agriculture,cropland-fires,2019-01-01 00:00:00,2019-12-31 00:00:00,n2o,7543.46911831952,tonnes,annual,2023-10-06 00:00:00,
IND,agriculture,cropland-fires,2020-01-01 00:00:00,2020-12-31 00:00:00,ch4,297462.87242111,tonnes,annual,2023-10-06 00:00:00,
IND,agriculture,cropland-fires,2020-01-01 00:00:00,2020-12-31 00:00:00,co2,166909723.043695,tonnes,annual,2023-10-06 00:00:00,
IND,agriculture,cropland-fires,2020-01-01 00:00:00,2020-12-31 00:00:00,co2e_100yr,177106089.25929335,tonnes,annual,2023-10-06 00:00:00,
IND,agriculture,cropland-fires,2020-01-01 00:00:00,2020-12-31 00:00:00,co2e_20yr,193050099.22106487,tonnes,annual,2023-10-06 00:00:00,
IND,agriculture,cropland-fires,2020-01-01 00:00:00,2020-12-31 00:00:00,n2o,7712.00031408122,tonnes,annual,2023-10-06 00:00:00,
IND,agriculture,cropland-fires,2021-01-01 00:00:00,2021-12-31 00:00:00,ch4,301990.454338839,tonnes,annual,2023-10-06 00:00:00,
IND,agriculture,cropland-fires,2021-01-01 00:00:00,2021-12-31 00:00:00,co2,169450204.755539,tonnes,annual,2023-10-06 00:00:00,
IND,agriculture,cropland-fires,2021-01-01 00:00:00,2021-12-31 00:00:00,co2e_100yr,179801766.5182845,tonnes,annual,2023-10-06 00:00:00,
IND,agriculture,cropland-fires,2021-01-01 00:00:00,2021-12-31 00:00:00,co2e_20yr,195988454.87084627,tonnes,annual,2023-10-06 00:00:00,
IND,agriculture,cropland-fires,2021-01-01 00:00:00,2021-12-31 00:00:00,n2o,7829.38243490508,tonnes,annual,2023-10-06 00:00:00,
IND,agriculture,cropland-fires,2022-01-01 00:00:00,2022-01-01 00:00:00,ch4,301990.454338839,tonnes,annual,2023-10-24 00:00:00,
IND,agriculture,cropland-fires,2022-01-01 00:00:00,2022-01-01 00:00:00,co2,169450204.755539,tonnes,annual,2023-10-24 00:00:00,
IND,agriculture,cropland-fires,2022-01-01 00:00:00,2022-01-01 00:00:00,co2e_100yr,179801766.5182845,tonnes,annual,2023-10-24 00:00:00,
IND,agriculture,cropland-fires,2022-01-01 00:00:00,2022-01-01 00:00:00,co2e_20yr,195988454.87084627,tonnes,annual,2023-10-24 00:00:00,
IND,agriculture,cropland-fires,2022-01-01 00:00:00,2022-01-01 00:00:00,n2o,7829.38243490508,tonnes,annual,2023-10-24 00:00:00,
