iso3_country,sector,subsector,start_time,end_time,gas,emissions_quantity,emissions_quantity_units,temporal_granularity,created_date,modified_date
IND,agriculture,enteric-fermentation-cattle-feedlot,2015-01-01 00:00:00,2015-12-31 00:00:00,ch4,3805276.6,tonnes,annual,2023-10-03 21:10:33.92115,
IND,agriculture,enteric-fermentation-cattle-feedlot,2015-01-01 00:00:00,2015-12-31 00:00:00,co2,0.0,tonnes,annual,2023-10-03 21:10:33.921141,
IND,agriculture,enteric-fermentation-cattle-feedlot,2015-01-01 00:00:00,2015-12-31 00:00:00,co2e_100yr,103503523.5,tonnes,annual,2023-10-03 21:10:33.921165,
IND,agriculture,enteric-fermentation-cattle-feedlot,2015-01-01 00:00:00,2015-12-31 00:00:00,co2e_20yr,307466349.3,tonnes,annual,2023-10-03 21:10:33.921173,
IND,agriculture,enteric-fermentation-cattle-feedlot,2015-01-01 00:00:00,2015-12-31 00:00:00,n2o,0.0,tonnes,annual,2023-10-03 21:10:33.921157,
IND,agriculture,enteric-fermentation-cattle-feedlot,2016-01-01 00:00:00,2016-12-31 00:00:00,ch4,3942546.6,tonnes,annual,2023-10-03 21:10:34.047212,
IND,agriculture,enteric-fermentation-cattle-feedlot,2016-01-01 00:00:00,2016-12-31 00:00:00,co2,0.0,tonnes,annual,2023-10-03 21:10:34.047203,
IND,agriculture,enteric-fermentation-cattle-feedlot,2016-01-01 00:00:00,2016-12-31 00:00:00,co2e_100yr,107237267.5,tonnes,annual,2023-10-03 21:10:34.047227,
IND,agriculture,enteric-fermentation-cattle-feedlot,2016-01-01 00:00:00,2016-12-31 00:00:00,co2e_20yr,318557765.3,tonnes,annual,2023-10-03 21:10:34.047234,
IND,agriculture,enteric-fermentation-cattle-feedlot,2016-01-01 00:00:00,2016-12-31 00:00:00,n2o,0.0,tonnes,annual,2023-10-03 21:10:34.047218,
IND,agriculture,enteric-fermentation-cattle-feedlot,2017-01-01 00:00:00,2017-12-31 00:00:00,ch4,4061336.0,tonnes,annual,2023-10-03 21:10:34.179131,
IND,agriculture,enteric-fermentation-cattle-feedlot,2017-01-01 00:00:00,2017-12-31 00:00:00,co2,0.0,tonnes,annual,2023-10-03 21:10:34.179122,
IND,agriculture,enteric-fermentation-cattle-feedlot,2017-01-01 00:00:00,2017-12-31 00:00:00,co2e_100yr,110468339.2,tonnes,annual,2023-10-03 21:10:34.179146,
IND,agriculture,enteric-fermentation-cattle-feedlot,2017-01-01 00:00:00,2017-12-31 00:00:00,co2e_20yr,328155948.8,tonnes,annual,2023-10-03 21:10:34.179154,
IND,agriculture,enteric-fermentation-cattle-feedlot,2017-01-01 00:00:00,2017-12-31 00:00:00,n2o,0.0,tonnes,annual,2023-10-03 21:10:34.179138,
IND,agriculture,enteric-fermentation-cattle-feedlot,2018-01-01 00:00:00,2018-12-31 00:00:00,ch4,4176281.3,tonnes,annual,2023-10-03 21:10:34.295908,
IND,agriculture,enteric-fermentation-cattle-feedlot,2018-01-01 00:00:00,2018-12-31 00:00:00,co2,0.0,tonnes,annual,2023-10-03 21:10:34.295899,
IND,agriculture,enteric-fermentation-cattle-feedlot,2018-01-01 00:00:00,2018-12-31 00:00:00,co2e_100yr,113594851.4,tonnes,annual,2023-10-03 21:10:34.295925,
IND,agriculture,enteric-fermentation-cattle-feedlot,2018-01-01 00:00:00,2018-12-31 00:00:00,co2e_20yr,337443529.0,tonnes,annual,2023-10-03 21:10:34.295934,
IND,agriculture,enteric-fermentation-cattle-feedlot,2018-01-01 00:00:00,2018-12-31 00:00:00,n2o,0.0,tonnes,annual,2023-10-03 21:10:34.295915,
IND,agriculture,enteric-fermentation-cattle-feedlot,2019-01-01 00:00:00,2019-12-31 00:00:00,ch4,4274201.199999999,tonnes,annual,2023-10-03 21:10:34.419716,
IND,agriculture,enteric-fermentation-cattle-feedlot,2019-01-01 00:00:00,2019-12-31 00:00:00,co2,0.0,tonnes,annual,2023-10-03 21:10:34.419704,
IND,agriculture,enteric-fermentation-cattle-feedlot,2019-01-01 00:00:00,2019-12-31 00:00:00,co2e_100yr,116258272.7,tonnes,annual,2023-10-03 21:10:34.419732,
IND,agriculture,enteric-fermentation-cattle-feedlot,2019-01-01 00:00:00,2019-12-31 00:00:00,co2e_20yr,345355456.9,tonnes,annual,2023-10-03 21:10:34.41974,
IND,agriculture,enteric-fermentation-cattle-feedlot,2019-01-01 00:00:00,2019-12-31 00:00:00,n2o,0.0,tonnes,annual,2023-10-03 21:10:34.419723,
IND,agriculture,enteric-fermentation-cattle-feedlot,2020-01-01 00:00:00,2020-12-31 00:00:00,ch4,4325591.8,tonnes,annual,2023-10-03 21:10:34.538493,
IND,agriculture,enteric-fermentation-cattle-feedlot,2020-01-01 00:00:00,2020-12-31 00:00:00,co2,0.0,tonnes,annual,2023-10-03 21:10:34.538484,
IND,agriculture,enteric-fermentation-cattle-feedlot,2020-01-01 00:00:00,2020-12-31 00:00:00,co2e_100yr,117656096.9,tonnes,annual,2023-10-03 21:10:34.538509,
IND,agriculture,enteric-fermentation-cattle-feedlot,2020-01-01 00:00:00,2020-12-31 00:00:00,co2e_20yr,349507817.5,tonnes,annual,2023-10-03 21:10:34.538516,
IND,agriculture,enteric-fermentation-cattle-feedlot,2020-01-01 00:00:00,2020-12-31 00:00:00,n2o,0.0,tonnes,annual,2023-10-03 21:10:34.5385,
IND,agriculture,enteric-fermentation-cattle-feedlot,2021-01-01 00:00:00,2021-12-31 00:00:00,ch4,4440460.2,tonnes,annual,2023-10-03 21:10:34.658719,
IND,agriculture,enteric-fermentation-cattle-feedlot,2021-01-01 00:00:00,2021-12-31 00:00:00,co2,0.0,tonnes,annual,2023-10-03 21:10:34.65871,
IND,agriculture,enteric-fermentation-cattle-feedlot,2021-01-01 00:00:00,2021-12-31 00:00:00,co2e_100yr,120780517.4,tonnes,annual,2023-10-03 21:10:34.658735,
IND,agriculture,enteric-fermentation-cattle-feedlot,2021-01-01 00:00:00,2021-12-31 00:00:00,co2e_20yr,358789184.2,tonnes,annual,2023-10-03 21:10:34.658742,
IND,agriculture,enteric-fermentation-cattle-feedlot,2021-01-01 00:00:00,2021-12-31 00:00:00,n2o,0.0,tonnes,annual,2023-10-03 21:10:34.658726,
IND,agriculture,enteric-fermentation-cattle-feedlot,2022-01-01 00:00:00,2022-12-31 00:00:00,ch4,4440460.2,tonnes,annual,2023-10-03 21:10:34.772133,
IND,agriculture,enteric-fermentation-cattle-feedlot,2022-01-01 00:00:00,2022-12-31 00:00:00,co2,0.0,tonnes,annual,2023-10-03 21:10:34.772125,
IND,agriculture,enteric-fermentation-cattle-feedlot,2022-01-01 00:00:00,2022-12-31 00:00:00,co2e_100yr,120780517.4,tonnes,annual,2023-10-03 21:10:34.772148,
IND,agriculture,enteric-fermentation-cattle-feedlot,2022-01-01 00:00:00,2022-12-31 00:00:00,co2e_20yr,358789184.2,tonnes,annual,2023-10-03 21:10:34.772156,
IND,agriculture,enteric-fermentation-cattle-feedlot,2022-01-01 00:00:00,2022-12-31 00:00:00,n2o,0.0,tonnes,annual,2023-10-03 21:10:34.77214,
