iso3_country,sector,subsector,start_time,end_time,gas,emissions_quantity,emissions_quantity_units,temporal_granularity,created_date,modified_date
IND,agriculture,enteric-fermentation-other,2015-01-01 00:00:00,2015-12-31 00:00:00,ch4,7134028.6,tonnes,,2023-10-23 11:43:08.395355,
IND,agriculture,enteric-fermentation-other,2015-01-01 00:00:00,2015-12-31 00:00:00,co2,0.0,tonnes,,2023-10-23 11:43:08.395355,
IND,agriculture,enteric-fermentation-other,2015-01-01 00:00:00,2015-12-31 00:00:00,co2e_100yr,199752800.8,tonnes,,2023-10-23 11:43:08.395355,
IND,agriculture,enteric-fermentation-other,2015-01-01 00:00:00,2015-12-31 00:00:00,co2e_20yr,599258402.4,tonnes,,2023-10-23 11:43:08.395355,
IND,agriculture,enteric-fermentation-other,2015-01-01 00:00:00,2015-12-31 00:00:00,n2o,0.0,tonnes,,2023-10-23 11:43:08.395355,
IND,agriculture,enteric-fermentation-other,2016-01-01 00:00:00,2016-12-31 00:00:00,ch4,7167566.600000001,tonnes,,2023-10-23 11:43:08.395355,
IND,agriculture,enteric-fermentation-other,2016-01-01 00:00:00,2016-12-31 00:00:00,co2,0.0,tonnes,,2023-10-23 11:43:08.395355,
IND,agriculture,enteric-fermentation-other,2016-01-01 00:00:00,2016-12-31 00:00:00,co2e_100yr,200691864.8,tonnes,,2023-10-23 11:43:08.395355,
IND,agriculture,enteric-fermentation-other,2016-01-01 00:00:00,2016-12-31 00:00:00,co2e_20yr,602075594.4000001,tonnes,,2023-10-23 11:43:08.395355,
IND,agriculture,enteric-fermentation-other,2016-01-01 00:00:00,2016-12-31 00:00:00,n2o,0.0,tonnes,,2023-10-23 11:43:08.395355,
IND,agriculture,enteric-fermentation-other,2017-01-01 00:00:00,2017-12-31 00:00:00,ch4,7163495.199999999,tonnes,,2023-10-23 11:43:08.395355,
IND,agriculture,enteric-fermentation-other,2017-01-01 00:00:00,2017-12-31 00:00:00,co2,0.0,tonnes,,2023-10-23 11:43:08.395355,
IND,agriculture,enteric-fermentation-other,2017-01-01 00:00:00,2017-12-31 00:00:00,co2e_100yr,200577865.59999996,tonnes,,2023-10-23 11:43:08.395355,
IND,agriculture,enteric-fermentation-other,2017-01-01 00:00:00,2017-12-31 00:00:00,co2e_20yr,601733596.8,tonnes,,2023-10-23 11:43:08.395355,
IND,agriculture,enteric-fermentation-other,2017-01-01 00:00:00,2017-12-31 00:00:00,n2o,0.0,tonnes,,2023-10-23 11:43:08.395355,
IND,agriculture,enteric-fermentation-other,2018-01-01 00:00:00,2018-12-31 00:00:00,ch4,7175073.899999999,tonnes,,2023-10-23 11:43:08.395355,
IND,agriculture,enteric-fermentation-other,2018-01-01 00:00:00,2018-12-31 00:00:00,co2,0.0,tonnes,,2023-10-23 11:43:08.395355,
IND,agriculture,enteric-fermentation-other,2018-01-01 00:00:00,2018-12-31 00:00:00,co2e_100yr,200902069.2,tonnes,,2023-10-23 11:43:08.395355,
IND,agriculture,enteric-fermentation-other,2018-01-01 00:00:00,2018-12-31 00:00:00,co2e_20yr,602706207.5999999,tonnes,,2023-10-23 11:43:08.395355,
IND,agriculture,enteric-fermentation-other,2018-01-01 00:00:00,2018-12-31 00:00:00,n2o,0.0,tonnes,,2023-10-23 11:43:08.395355,
IND,agriculture,enteric-fermentation-other,2019-01-01 00:00:00,2019-12-31 00:00:00,ch4,7187717.4,tonnes,,2023-10-23 11:43:08.395355,
IND,agriculture,enteric-fermentation-other,2019-01-01 00:00:00,2019-12-31 00:00:00,co2,0.0,tonnes,,2023-10-23 11:43:08.395355,
IND,agriculture,enteric-fermentation-other,2019-01-01 00:00:00,2019-12-31 00:00:00,co2e_100yr,201256087.2,tonnes,,2023-10-23 11:43:08.395355,
IND,agriculture,enteric-fermentation-other,2019-01-01 00:00:00,2019-12-31 00:00:00,co2e_20yr,603768261.6,tonnes,,2023-10-23 11:43:08.395355,
IND,agriculture,enteric-fermentation-other,2019-01-01 00:00:00,2019-12-31 00:00:00,n2o,0.0,tonnes,,2023-10-23 11:43:08.395355,
IND,agriculture,enteric-fermentation-other,2020-01-01 00:00:00,2020-12-31 00:00:00,ch4,7154919.000000001,tonnes,,2023-10-23 11:43:08.395355,
IND,agriculture,enteric-fermentation-other,2020-01-01 00:00:00,2020-12-31 00:00:00,co2,0.0,tonnes,,2023-10-23 11:43:08.395355,
IND,agriculture,enteric-fermentation-other,2020-01-01 00:00:00,2020-12-31 00:00:00,co2e_100yr,200337732.00000003,tonnes,,2023-10-23 11:43:08.395355,
IND,agriculture,enteric-fermentation-other,2020-01-01 00:00:00,2020-12-31 00:00:00,co2e_20yr,601013196.0000001,tonnes,,2023-10-23 11:43:08.395355,
IND,agriculture,enteric-fermentation-other,2020-01-01 00:00:00,2020-12-31 00:00:00,n2o,0.0,tonnes,,2023-10-23 11:43:08.395355,
IND,agriculture,enteric-fermentation-other,2021-01-01 00:00:00,2021-12-31 00:00:00,ch4,7154919.000000001,tonnes,,2023-10-23 11:43:08.395355,2023-10-23 17:49:51.883012
IND,agriculture,enteric-fermentation-other,2021-01-01 00:00:00,2021-12-31 00:00:00,co2,0.0,tonnes,,2023-10-23 11:43:08.395355,
IND,agriculture,enteric-fermentation-other,2021-01-01 00:00:00,2021-12-31 00:00:00,co2e_100yr,200337732.00000003,tonnes,,2023-10-23 11:43:08.395355,2023-10-23 17:49:51.883012
IND,agriculture,enteric-fermentation-other,2021-01-01 00:00:00,2021-12-31 00:00:00,co2e_20yr,601013196.0000001,tonnes,,2023-10-23 11:43:08.395355,2023-10-23 17:49:51.883012
IND,agriculture,enteric-fermentation-other,2021-01-01 00:00:00,2021-12-31 00:00:00,n2o,0.0,tonnes,,2023-10-23 11:43:08.395355,
IND,agriculture,enteric-fermentation-other,2022-01-01 00:00:00,2022-12-31 00:00:00,ch4,7154919.000000001,tonnes,,2023-10-23 11:43:08.395355,2023-10-23 17:49:45.208249
IND,agriculture,enteric-fermentation-other,2022-01-01 00:00:00,2022-12-31 00:00:00,co2,0.0,tonnes,,2023-10-23 11:43:08.395355,
IND,agriculture,enteric-fermentation-other,2022-01-01 00:00:00,2022-12-31 00:00:00,co2e_100yr,200337732.00000003,tonnes,,2023-10-23 11:43:08.395355,2023-10-23 17:49:45.208249
IND,agriculture,enteric-fermentation-other,2022-01-01 00:00:00,2022-12-31 00:00:00,co2e_20yr,601013196.0000001,tonnes,,2023-10-23 11:43:08.395355,2023-10-23 17:49:45.208249
IND,agriculture,enteric-fermentation-other,2022-01-01 00:00:00,2022-12-31 00:00:00,n2o,0.0,tonnes,,2023-10-23 11:43:08.395355,
