iso3_country,sector,subsector,start_time,end_time,gas,emissions_quantity,emissions_quantity_units,temporal_granularity,created_date,modified_date
IND,agriculture,enteric-fermentation-cattle-pasture,2015-01-01 00:00:00,2015-12-31 00:00:00,ch4,2737437.52470971,tonnes,annual,2023-10-18 00:00:00,
IND,agriculture,enteric-fermentation-cattle-pasture,2015-01-01 00:00:00,2015-12-31 00:00:00,co2,,tonnes,annual,2023-10-18 00:00:00,
IND,agriculture,enteric-fermentation-cattle-pasture,2015-01-01 00:00:00,2015-12-31 00:00:00,co2e_100yr,74458300.6721041,tonnes,annual,2023-10-18 00:00:00,
IND,agriculture,enteric-fermentation-cattle-pasture,2015-01-01 00:00:00,2015-12-31 00:00:00,co2e_20yr,221184951.99654457,tonnes,annual,2023-10-18 00:00:00,
IND,agriculture,enteric-fermentation-cattle-pasture,2015-01-01 00:00:00,2015-12-31 00:00:00,n2o,,tonnes,annual,2023-10-18 00:00:00,
IND,agriculture,enteric-fermentation-cattle-pasture,2016-01-01 00:00:00,2016-12-31 00:00:00,ch4,2701727.56814885,tonnes,annual,2023-10-18 00:00:00,
IND,agriculture,enteric-fermentation-cattle-pasture,2016-01-01 00:00:00,2016-12-31 00:00:00,co2,,tonnes,annual,2023-10-18 00:00:00,
IND,agriculture,enteric-fermentation-cattle-pasture,2016-01-01 00:00:00,2016-12-31 00:00:00,co2e_100yr,73486989.85364872,tonnes,annual,2023-10-18 00:00:00,
IND,agriculture,enteric-fermentation-cattle-pasture,2016-01-01 00:00:00,2016-12-31 00:00:00,co2e_20yr,218299587.50642708,tonnes,annual,2023-10-18 00:00:00,
IND,agriculture,enteric-fermentation-cattle-pasture,2016-01-01 00:00:00,2016-12-31 00:00:00,n2o,,tonnes,annual,2023-10-18 00:00:00,
IND,agriculture,enteric-fermentation-cattle-pasture,2017-01-01 00:00:00,2017-12-31 00:00:00,ch4,2675203.98224091,tonnes,annual,2023-10-18 00:00:00,
IND,agriculture,enteric-fermentation-cattle-pasture,2017-01-01 00:00:00,2017-12-31 00:00:00,co2,,tonnes,annual,2023-10-18 00:00:00,
IND,agriculture,enteric-fermentation-cattle-pasture,2017-01-01 00:00:00,2017-12-31 00:00:00,co2e_100yr,72765548.31695275,tonnes,annual,2023-10-18 00:00:00,
IND,agriculture,enteric-fermentation-cattle-pasture,2017-01-01 00:00:00,2017-12-31 00:00:00,co2e_20yr,216156481.76506552,tonnes,annual,2023-10-18 00:00:00,
IND,agriculture,enteric-fermentation-cattle-pasture,2017-01-01 00:00:00,2017-12-31 00:00:00,n2o,,tonnes,annual,2023-10-18 00:00:00,
IND,agriculture,enteric-fermentation-cattle-pasture,2018-01-01 00:00:00,2018-12-31 00:00:00,ch4,2652980.4730382,tonnes,annual,2023-10-18 00:00:00,
IND,agriculture,enteric-fermentation-cattle-pasture,2018-01-01 00:00:00,2018-12-31 00:00:00,co2,,tonnes,annual,2023-10-18 00:00:00,
IND,agriculture,enteric-fermentation-cattle-pasture,2018-01-01 00:00:00,2018-12-31 00:00:00,co2e_100yr,72161068.86663903,tonnes,annual,2023-10-18 00:00:00,
IND,agriculture,enteric-fermentation-cattle-pasture,2018-01-01 00:00:00,2018-12-31 00:00:00,co2e_20yr,214360822.22148657,tonnes,annual,2023-10-18 00:00:00,
IND,agriculture,enteric-fermentation-cattle-pasture,2018-01-01 00:00:00,2018-12-31 00:00:00,n2o,,tonnes,annual,2023-10-18 00:00:00,
IND,agriculture,enteric-fermentation-cattle-pasture,2019-01-01 00:00:00,2019-12-31 00:00:00,ch4,2728298.15917921,tonnes,annual,2023-10-18 00:00:00,
IND,agriculture,enteric-fermentation-cattle-pasture,2019-01-01 00:00:00,2019-12-31 00:00:00,co2,,tonnes,annual,2023-10-18 00:00:00,
IND,agriculture,enteric-fermentation-cattle-pasture,2019-01-01 00:00:00,2019-12-31 00:00:00,co2e_100yr,74209709.9296745,tonnes,annual,2023-10-18 00:00:00,
IND,agriculture,enteric-fermentation-cattle-pasture,2019-01-01 00:00:00,2019-12-31 00:00:00,co2e_20yr,220446491.26168016,tonnes,annual,2023-10-18 00:00:00,
IND,agriculture,enteric-fermentation-cattle-pasture,2019-01-01 00:00:00,2019-12-31 00:00:00,n2o,,tonnes,annual,2023-10-18 00:00:00,
IND,agriculture,enteric-fermentation-cattle-pasture,2020-01-01 00:00:00,2020-12-31 00:00:00,ch4,2873042.72983885,tonnes,annual,2023-10-18 00:00:00,
IND,agriculture,enteric-fermentation-cattle-pasture,2020-01-01 00:00:00,2020-12-31 00:00:00,co2,,tonnes,annual,2023-10-18 00:00:00,
IND,agriculture,enteric-fermentation-cattle-pasture,2020-01-01 00:00:00,2020-12-31 00:00:00,co2e_100yr,78146762.25161672,tonnes,annual,2023-10-18 00:00:00,
IND,agriculture,enteric-fermentation-cattle-pasture,2020-01-01 00:00:00,2020-12-31 00:00:00,co2e_20yr,232141852.5709791,tonnes,annual,2023-10-18 00:00:00,
IND,agriculture,enteric-fermentation-cattle-pasture,2020-01-01 00:00:00,2020-12-31 00:00:00,n2o,,tonnes,annual,2023-10-18 00:00:00,
IND,agriculture,enteric-fermentation-cattle-pasture,2021-01-01 00:00:00,2021-12-31 00:00:00,ch4,2753485.27284717,tonnes,annual,2023-10-18 00:00:00,
IND,agriculture,enteric-fermentation-cattle-pasture,2021-01-01 00:00:00,2021-12-31 00:00:00,co2,,tonnes,annual,2023-10-18 00:00:00,
IND,agriculture,enteric-fermentation-cattle-pasture,2021-01-01 00:00:00,2021-12-31 00:00:00,co2e_100yr,74894799.42144303,tonnes,annual,2023-10-18 00:00:00,
IND,agriculture,enteric-fermentation-cattle-pasture,2021-01-01 00:00:00,2021-12-31 00:00:00,co2e_20yr,222481610.04605132,tonnes,annual,2023-10-18 00:00:00,
IND,agriculture,enteric-fermentation-cattle-pasture,2021-01-01 00:00:00,2021-12-31 00:00:00,n2o,,tonnes,annual,2023-10-18 00:00:00,
IND,agriculture,enteric-fermentation-cattle-pasture,2022-01-01 00:00:00,2022-12-31 00:00:00,ch4,2813263.70424056,tonnes,annual,2023-10-18 00:00:00,
IND,agriculture,enteric-fermentation-cattle-pasture,2022-01-01 00:00:00,2022-12-31 00:00:00,co2,,tonnes,annual,2023-10-18 00:00:00,
IND,agriculture,enteric-fermentation-cattle-pasture,2022-01-01 00:00:00,2022-12-31 00:00:00,co2e_100yr,76520772.75534323,tonnes,annual,2023-10-18 00:00:00,
IND,agriculture,enteric-fermentation-cattle-pasture,2022-01-01 00:00:00,2022-12-31 00:00:00,co2e_20yr,227311707.30263725,tonnes,annual,2023-10-18 00:00:00,
IND,agriculture,enteric-fermentation-cattle-pasture,2022-01-01 00:00:00,2022-12-31 00:00:00,n2o,,tonnes,annual,2023-10-18 00:00:00,
