iso3_country,sector,subsector,start_time,end_time,gas,emissions_quantity,emissions_quantity_units,temporal_granularity,created_date,modified_date
IND,agriculture,manure-left-on-pasture-cattle,2015-01-01 00:00:00,2015-12-31 00:00:00,ch4,101386.574983656,tonnes,annual,2023-10-18 00:00:00,
IND,agriculture,manure-left-on-pasture-cattle,2015-01-01 00:00:00,2015-12-31 00:00:00,co2,,tonnes,annual,2023-10-18 00:00:00,
IND,agriculture,manure-left-on-pasture-cattle,2015-01-01 00:00:00,2015-12-31 00:00:00,co2e_100yr,16958867.311662123,tonnes,annual,2023-10-18 00:00:00,
IND,agriculture,manure-left-on-pasture-cattle,2015-01-01 00:00:00,2015-12-31 00:00:00,co2e_20yr,22393187.73078609,tonnes,annual,2023-10-18 00:00:00,
IND,agriculture,manure-left-on-pasture-cattle,2015-01-01 00:00:00,2015-12-31 00:00:00,n2o,52018.8735242003,tonnes,annual,2023-10-18 00:00:00,
IND,agriculture,manure-left-on-pasture-cattle,2016-01-01 00:00:00,2016-12-31 00:00:00,ch4,100063.983972117,tonnes,annual,2023-10-18 00:00:00,
IND,agriculture,manure-left-on-pasture-cattle,2016-01-01 00:00:00,2016-12-31 00:00:00,co2,,tonnes,annual,2023-10-18 00:00:00,
IND,agriculture,manure-left-on-pasture-cattle,2016-01-01 00:00:00,2016-12-31 00:00:00,co2e_100yr,16737638.359326186,tonnes,annual,2023-10-18 00:00:00,
IND,agriculture,manure-left-on-pasture-cattle,2016-01-01 00:00:00,2016-12-31 00:00:00,co2e_20yr,22101067.900231656,tonnes,annual,2023-10-18 00:00:00,
IND,agriculture,manure-left-on-pasture-cattle,2016-01-01 00:00:00,2016-12-31 00:00:00,n2o,51340.2856970132,tonnes,annual,2023-10-18 00:00:00,
IND,agriculture,manure-left-on-pasture-cattle,2017-01-01 00:00:00,2017-12-31 00:00:00,ch4,99081.6289997769,tonnes,annual,2023-10-18 00:00:00,
IND,agriculture,manure-left-on-pasture-cattle,2017-01-01 00:00:00,2017-12-31 00:00:00,co2,,tonnes,annual,2023-10-18 00:00:00,
IND,agriculture,manure-left-on-pasture-cattle,2017-01-01 00:00:00,2017-12-31 00:00:00,co2e_100yr,16573320.471803231,tonnes,annual,2023-10-18 00:00:00,
IND,agriculture,manure-left-on-pasture-cattle,2017-01-01 00:00:00,2017-12-31 00:00:00,co2e_20yr,21884095.786191277,tonnes,annual,2023-10-18 00:00:00,
IND,agriculture,manure-left-on-pasture-cattle,2017-01-01 00:00:00,2017-12-31 00:00:00,n2o,50836.2643333674,tonnes,annual,2023-10-18 00:00:00,
IND,agriculture,manure-left-on-pasture-cattle,2018-01-01 00:00:00,2018-12-31 00:00:00,ch4,98258.5360102429,tonnes,annual,2023-10-18 00:00:00,
IND,agriculture,manure-left-on-pasture-cattle,2018-01-01 00:00:00,2018-12-31 00:00:00,co2,,tonnes,annual,2023-10-18 00:00:00,
IND,agriculture,manure-left-on-pasture-cattle,2018-01-01 00:00:00,2018-12-31 00:00:00,co2e_100yr,16435642.234556235,tonnes,annual,2023-10-18 00:00:00,
IND,agriculture,manure-left-on-pasture-cattle,2018-01-01 00:00:00,2018-12-31 00:00:00,co2e_20yr,21702299.764705252,tonnes,annual,2023-10-18 00:00:00,
IND,agriculture,manure-left-on-pasture-cattle,2018-01-01 00:00:00,2018-12-31 00:00:00,n2o,50413.9562457056,tonnes,annual,2023-10-18 00:00:00,
IND,agriculture,manure-left-on-pasture-cattle,2019-01-01 00:00:00,2019-12-31 00:00:00,ch4,101048.080017738,tonnes,annual,2023-10-18 00:00:00,
IND,agriculture,manure-left-on-pasture-cattle,2019-01-01 00:00:00,2019-12-31 00:00:00,co2,,tonnes,annual,2023-10-18 00:00:00,
IND,agriculture,manure-left-on-pasture-cattle,2019-01-01 00:00:00,2019-12-31 00:00:00,co2e_100yr,16902247.47297364,tonnes,annual,2023-10-18 00:00:00,
IND,agriculture,manure-left-on-pasture-cattle,2019-01-01 00:00:00,2019-12-31 00:00:00,co2e_20yr,22318424.5619244,tonnes,annual,2023-10-18 00:00:00,
IND,agriculture,manure-left-on-pasture-cattle,2019-01-01 00:00:00,2019-12-31 00:00:00,n2o,51845.2003534475,tonnes,annual,2023-10-18 00:00:00,
IND,agriculture,manure-left-on-pasture-cattle,2020-01-01 00:00:00,2020-12-31 00:00:00,ch4,106408.989996784,tonnes,annual,2023-10-18 00:00:00,
IND,agriculture,manure-left-on-pasture-cattle,2020-01-01 00:00:00,2020-12-31 00:00:00,co2,,tonnes,annual,2023-10-18 00:00:00,
IND,agriculture,manure-left-on-pasture-cattle,2020-01-01 00:00:00,2020-12-31 00:00:00,co2e_100yr,17798963.443763617,tonnes,annual,2023-10-18 00:00:00,
IND,agriculture,manure-left-on-pasture-cattle,2020-01-01 00:00:00,2020-12-31 00:00:00,co2e_20yr,23502485.30759124,tonnes,annual,2023-10-18 00:00:00,
IND,agriculture,manure-left-on-pasture-cattle,2020-01-01 00:00:00,2020-12-31 00:00:00,n2o,54595.7469445095,tonnes,annual,2023-10-18 00:00:00,
IND,agriculture,manure-left-on-pasture-cattle,2021-01-01 00:00:00,2021-12-31 00:00:00,ch4,101980.936008572,tonnes,annual,2023-10-18 00:00:00,
IND,agriculture,manure-left-on-pasture-cattle,2021-01-01 00:00:00,2021-12-31 00:00:00,co2,,tonnes,annual,2023-10-18 00:00:00,
IND,agriculture,manure-left-on-pasture-cattle,2021-01-01 00:00:00,2021-12-31 00:00:00,co2e_100yr,17058285.69025024,tonnes,annual,2023-10-18 00:00:00,
IND,agriculture,manure-left-on-pasture-cattle,2021-01-01 00:00:00,2021-12-31 00:00:00,co2e_20yr,22524463.8603097,tonnes,annual,2023-10-18 00:00:00,
IND,agriculture,manure-left-on-pasture-cattle,2021-01-01 00:00:00,2021-12-31 00:00:00,n2o,52323.825021308,tonnes,annual,2023-10-18 00:00:00,
IND,agriculture,manure-left-on-pasture-cattle,2022-01-01 00:00:00,2022-12-31 00:00:00,ch4,104194.951972946,tonnes,annual,2023-10-18 00:00:00,
IND,agriculture,manure-left-on-pasture-cattle,2022-01-01 00:00:00,2022-12-31 00:00:00,co2,,tonnes,annual,2023-10-18 00:00:00,
IND,agriculture,manure-left-on-pasture-cattle,2022-01-01 00:00:00,2022-12-31 00:00:00,co2e_100yr,17428622.733632937,tonnes,annual,2023-10-18 00:00:00,
IND,agriculture,manure-left-on-pasture-cattle,2022-01-01 00:00:00,2022-12-31 00:00:00,co2e_20yr,23013472.15938284,tonnes,annual,2023-10-18 00:00:00,
IND,agriculture,manure-left-on-pasture-cattle,2022-01-01 00:00:00,2022-12-31 00:00:00,n2o,53459.7803661861,tonnes,annual,2023-10-18 00:00:00,
