iso3_country,sector,subsector,start_time,end_time,gas,emissions_quantity,emissions_quantity_units,temporal_granularity,created_date,modified_date
IND,agriculture,manure-management-cattle-feedlot,2015-01-01 00:00:00,2015-12-31 00:00:00,ch4,315064.852,tonnes,annual,2023-10-03 21:10:36.273785,2023-11-13 19:21:02.873386
IND,agriculture,manure-management-cattle-feedlot,2015-01-01 00:00:00,2015-12-31 00:00:00,co2,0.0,tonnes,annual,2023-10-03 21:10:36.273776,2023-11-13 19:21:02.873386
IND,agriculture,manure-management-cattle-feedlot,2015-01-01 00:00:00,2015-12-31 00:00:00,co2e_100yr,8571260.316934776,tonnes,annual,2023-10-03 21:10:36.273802,2023-11-13 19:21:02.873386
IND,agriculture,manure-management-cattle-feedlot,2015-01-01 00:00:00,2015-12-31 00:00:00,co2e_20yr,25458736.384134777,tonnes,annual,2023-10-03 21:10:36.27381,2023-11-13 19:21:02.873386
IND,agriculture,manure-management-cattle-feedlot,2015-01-01 00:00:00,2015-12-31 00:00:00,n2o,5.481108185991429,tonnes,annual,2023-10-03 21:10:36.273793,2023-11-13 19:21:02.873386
IND,agriculture,manure-management-cattle-feedlot,2016-01-01 00:00:00,2016-12-31 00:00:00,ch4,326612.228,tonnes,annual,2023-10-03 21:10:36.37821,2023-11-13 19:21:05.783702
IND,agriculture,manure-management-cattle-feedlot,2016-01-01 00:00:00,2016-12-31 00:00:00,co2,0.0,tonnes,annual,2023-10-03 21:10:36.378201,2023-11-13 19:21:05.783702
IND,agriculture,manure-management-cattle-feedlot,2016-01-01 00:00:00,2016-12-31 00:00:00,co2e_100yr,8885400.097275436,tonnes,annual,2023-10-03 21:10:36.378227,2023-11-13 19:21:05.783702
IND,agriculture,manure-management-cattle-feedlot,2016-01-01 00:00:00,2016-12-31 00:00:00,co2e_20yr,26391815.518075436,tonnes,annual,2023-10-03 21:10:36.378235,2023-11-13 19:21:05.783702
IND,agriculture,manure-management-cattle-feedlot,2016-01-01 00:00:00,2016-12-31 00:00:00,n2o,5.6684823276085705,tonnes,annual,2023-10-03 21:10:36.378218,2023-11-13 19:21:05.783702
IND,agriculture,manure-management-cattle-feedlot,2017-01-01 00:00:00,2017-12-31 00:00:00,ch4,336661.874,tonnes,annual,2023-10-03 21:10:36.483134,2023-11-13 19:21:06.479312
IND,agriculture,manure-management-cattle-feedlot,2017-01-01 00:00:00,2017-12-31 00:00:00,co2,0.0,tonnes,annual,2023-10-03 21:10:36.483124,2023-11-13 19:21:06.479312
IND,agriculture,manure-management-cattle-feedlot,2017-01-01 00:00:00,2017-12-31 00:00:00,co2e_100yr,9158793.851293609,tonnes,annual,2023-10-03 21:10:36.483151,2023-11-13 19:21:06.479312
IND,agriculture,manure-management-cattle-feedlot,2017-01-01 00:00:00,2017-12-31 00:00:00,co2e_20yr,27203870.29769361,tonnes,annual,2023-10-03 21:10:36.48316,2023-11-13 19:21:06.479312
IND,agriculture,manure-management-cattle-feedlot,2017-01-01 00:00:00,2017-12-31 00:00:00,n2o,5.827393749481072,tonnes,annual,2023-10-03 21:10:36.483143,2023-11-13 19:21:06.479312
IND,agriculture,manure-management-cattle-feedlot,2018-01-01 00:00:00,2018-12-31 00:00:00,ch4,346539.148,tonnes,annual,2023-10-03 21:10:36.592505,2023-11-13 19:21:06.818614
IND,agriculture,manure-management-cattle-feedlot,2018-01-01 00:00:00,2018-12-31 00:00:00,co2,0.0,tonnes,annual,2023-10-03 21:10:36.592495,2023-11-13 19:21:06.818614
IND,agriculture,manure-management-cattle-feedlot,2018-01-01 00:00:00,2018-12-31 00:00:00,co2e_100yr,9427495.308409823,tonnes,annual,2023-10-03 21:10:36.592523,2023-11-13 19:21:06.818614
IND,agriculture,manure-management-cattle-feedlot,2018-01-01 00:00:00,2018-12-31 00:00:00,co2e_20yr,28001993.641209822,tonnes,annual,2023-10-03 21:10:36.592531,2023-11-13 19:21:06.818614
IND,agriculture,manure-management-cattle-feedlot,2018-01-01 00:00:00,2018-12-31 00:00:00,n2o,5.972464504851429,tonnes,annual,2023-10-03 21:10:36.592514,2023-11-13 19:21:06.818614
IND,agriculture,manure-management-cattle-feedlot,2019-01-01 00:00:00,2019-12-31 00:00:00,ch4,354885.107,tonnes,annual,2023-10-03 21:10:36.70502,2023-11-13 19:21:07.151532
IND,agriculture,manure-management-cattle-feedlot,2019-01-01 00:00:00,2019-12-31 00:00:00,co2,0.0,tonnes,annual,2023-10-03 21:10:36.705002,2023-11-13 19:21:07.151532
IND,agriculture,manure-management-cattle-feedlot,2019-01-01 00:00:00,2019-12-31 00:00:00,co2e_100yr,9654540.192837857,tonnes,annual,2023-10-03 21:10:36.70505,2023-11-13 19:21:07.151532
IND,agriculture,manure-management-cattle-feedlot,2019-01-01 00:00:00,2019-12-31 00:00:00,co2e_20yr,28676381.928037856,tonnes,annual,2023-10-03 21:10:36.705065,2023-11-13 19:21:07.151532
IND,agriculture,manure-management-cattle-feedlot,2019-01-01 00:00:00,2019-12-31 00:00:00,n2o,6.099935669808749,tonnes,annual,2023-10-03 21:10:36.705034,2023-11-13 19:21:07.151532
IND,agriculture,manure-management-cattle-feedlot,2020-01-01 00:00:00,2020-12-31 00:00:00,ch4,360937.355,tonnes,annual,2023-10-03 21:10:36.810832,2023-11-13 19:21:07.486518
IND,agriculture,manure-management-cattle-feedlot,2020-01-01 00:00:00,2020-12-31 00:00:00,co2,0.0,tonnes,annual,2023-10-03 21:10:36.810821,2023-11-13 19:21:07.486518
IND,agriculture,manure-management-cattle-feedlot,2020-01-01 00:00:00,2020-12-31 00:00:00,co2e_100yr,9819153.624753486,tonnes,annual,2023-10-03 21:10:36.810849,2023-11-13 19:21:07.486518
IND,agriculture,manure-management-cattle-feedlot,2020-01-01 00:00:00,2020-12-31 00:00:00,co2e_20yr,29165395.85275349,tonnes,annual,2023-10-03 21:10:36.810857,2023-11-13 19:21:07.486518
IND,agriculture,manure-management-cattle-feedlot,2020-01-01 00:00:00,2020-12-31 00:00:00,n2o,6.071680415701607,tonnes,annual,2023-10-03 21:10:36.81084,2023-11-13 19:21:07.486518
IND,agriculture,manure-management-cattle-feedlot,2021-01-01 00:00:00,2021-12-31 00:00:00,ch4,369456.312,tonnes,annual,2023-10-03 21:10:36.914017,2023-11-13 19:21:08.151642
IND,agriculture,manure-management-cattle-feedlot,2021-01-01 00:00:00,2021-12-31 00:00:00,co2,0.0,tonnes,annual,2023-10-03 21:10:36.914007,2023-11-13 19:21:08.151642
IND,agriculture,manure-management-cattle-feedlot,2021-01-01 00:00:00,2021-12-31 00:00:00,co2e_100yr,10050929.832777644,tonnes,annual,2023-10-03 21:10:36.914034,2023-11-13 19:21:08.151642
IND,agriculture,manure-management-cattle-feedlot,2021-01-01 00:00:00,2021-12-31 00:00:00,co2e_20yr,29853788.155977644,tonnes,annual,2023-10-03 21:10:36.914042,2023-11-13 19:21:08.151642
IND,agriculture,manure-management-cattle-feedlot,2021-01-01 00:00:00,2021-12-31 00:00:00,n2o,6.2935764748842855,tonnes,annual,2023-10-03 21:10:36.914025,2023-11-13 19:21:08.151642
IND,agriculture,manure-management-cattle-feedlot,2022-01-01 00:00:00,2022-12-31 00:00:00,ch4,369456.312,tonnes,annual,2023-10-03 21:10:37.019728,2023-11-13 19:21:08.481222
IND,agriculture,manure-management-cattle-feedlot,2022-01-01 00:00:00,2022-12-31 00:00:00,co2,0.0,tonnes,annual,2023-10-03 21:10:37.019718,2023-11-13 19:21:08.481222
IND,agriculture,manure-management-cattle-feedlot,2022-01-01 00:00:00,2022-12-31 00:00:00,co2e_100yr,10050929.832777644,tonnes,annual,2023-10-03 21:10:37.019745,2023-11-13 19:21:08.481222
IND,agriculture,manure-management-cattle-feedlot,2022-01-01 00:00:00,2022-12-31 00:00:00,co2e_20yr,29853788.155977644,tonnes,annual,2023-10-03 21:10:37.019753,2023-11-13 19:21:08.481222
IND,agriculture,manure-management-cattle-feedlot,2022-01-01 00:00:00,2022-12-31 00:00:00,n2o,6.2935764748842855,tonnes,annual,2023-10-03 21:10:37.019736,2023-11-13 19:21:08.481222
