iso3_country,sector,subsector,start_time,end_time,gas,emissions_quantity,emissions_quantity_units,temporal_granularity,created_date,modified_date
IND,agriculture,manure-management-other,2015-01-01 00:00:00,2015-12-31 00:00:00,ch4,655174.2,tonnes,,2023-10-23 11:43:08.395355,
IND,agriculture,manure-management-other,2015-01-01 00:00:00,2015-12-31 00:00:00,co2,0.0,tonnes,,2023-10-23 11:43:08.395355,
IND,agriculture,manure-management-other,2015-01-01 00:00:00,2015-12-31 00:00:00,co2e_100yr,20883339.1,tonnes,,2023-10-23 11:43:08.395355,
IND,agriculture,manure-management-other,2015-01-01 00:00:00,2015-12-31 00:00:00,co2e_20yr,57563515.2,tonnes,,2023-10-23 11:43:08.395355,
IND,agriculture,manure-management-other,2015-01-01 00:00:00,2015-12-31 00:00:00,n2o,9579.1,tonnes,,2023-10-23 11:43:08.395355,
IND,agriculture,manure-management-other,2016-01-01 00:00:00,2016-12-31 00:00:00,ch4,655906.0000000001,tonnes,,2023-10-23 11:43:08.395355,
IND,agriculture,manure-management-other,2016-01-01 00:00:00,2016-12-31 00:00:00,co2,0.0,tonnes,,2023-10-23 11:43:08.395355,
IND,agriculture,manure-management-other,2016-01-01 00:00:00,2016-12-31 00:00:00,co2e_100yr,20929322.500000004,tonnes,,2023-10-23 11:43:08.395355,
IND,agriculture,manure-management-other,2016-01-01 00:00:00,2016-12-31 00:00:00,co2e_20yr,57650383.20000001,tonnes,,2023-10-23 11:43:08.395355,
IND,agriculture,manure-management-other,2016-01-01 00:00:00,2016-12-31 00:00:00,n2o,9675.3,tonnes,,2023-10-23 11:43:08.395355,
IND,agriculture,manure-management-other,2017-01-01 00:00:00,2017-12-31 00:00:00,ch4,654350.5000000001,tonnes,,2023-10-23 11:43:08.395355,
IND,agriculture,manure-management-other,2017-01-01 00:00:00,2017-12-31 00:00:00,co2,0.0,tonnes,,2023-10-23 11:43:08.395355,
IND,agriculture,manure-management-other,2017-01-01 00:00:00,2017-12-31 00:00:00,co2e_100yr,20895547.000000004,tonnes,,2023-10-23 11:43:08.395355,
IND,agriculture,manure-management-other,2017-01-01 00:00:00,2017-12-31 00:00:00,co2e_20yr,57529462.8,tonnes,,2023-10-23 11:43:08.395355,
IND,agriculture,manure-management-other,2017-01-01 00:00:00,2017-12-31 00:00:00,n2o,9712.2,tonnes,,2023-10-23 11:43:08.395355,
IND,agriculture,manure-management-other,2018-01-01 00:00:00,2018-12-31 00:00:00,ch4,653563.6,tonnes,,2023-10-23 11:43:08.395355,
IND,agriculture,manure-management-other,2018-01-01 00:00:00,2018-12-31 00:00:00,co2,0.0,tonnes,,2023-10-23 11:43:08.395355,
IND,agriculture,manure-management-other,2018-01-01 00:00:00,2018-12-31 00:00:00,co2e_100yr,20897284.3,tonnes,,2023-10-23 11:43:08.395355,
IND,agriculture,manure-management-other,2018-01-01 00:00:00,2018-12-31 00:00:00,co2e_20yr,57487044.0,tonnes,,2023-10-23 11:43:08.395355,
IND,agriculture,manure-management-other,2018-01-01 00:00:00,2018-12-31 00:00:00,n2o,9801.899999999996,tonnes,,2023-10-23 11:43:08.395355,
IND,agriculture,manure-management-other,2019-01-01 00:00:00,2019-12-31 00:00:00,ch4,652599.1,tonnes,,2023-10-23 11:43:08.395355,
IND,agriculture,manure-management-other,2019-01-01 00:00:00,2019-12-31 00:00:00,co2,0.0,tonnes,,2023-10-23 11:43:08.395355,
IND,agriculture,manure-management-other,2019-01-01 00:00:00,2019-12-31 00:00:00,co2e_100yr,20903350.3,tonnes,,2023-10-23 11:43:08.395355,
IND,agriculture,manure-management-other,2019-01-01 00:00:00,2019-12-31 00:00:00,co2e_20yr,57438973.2,tonnes,,2023-10-23 11:43:08.395355,
IND,agriculture,manure-management-other,2019-01-01 00:00:00,2019-12-31 00:00:00,n2o,9926.7,tonnes,,2023-10-23 11:43:08.395355,
IND,agriculture,manure-management-other,2020-01-01 00:00:00,2020-12-31 00:00:00,ch4,649796.7000000001,tonnes,,2023-10-23 11:43:08.395355,
IND,agriculture,manure-management-other,2020-01-01 00:00:00,2020-12-31 00:00:00,co2,0.0,tonnes,,2023-10-23 11:43:08.395355,
IND,agriculture,manure-management-other,2020-01-01 00:00:00,2020-12-31 00:00:00,co2e_100yr,20747794.6,tonnes,,2023-10-23 11:43:08.395355,
IND,agriculture,manure-management-other,2020-01-01 00:00:00,2020-12-31 00:00:00,co2e_20yr,57126774.00000001,tonnes,,2023-10-23 11:43:08.395355,
IND,agriculture,manure-management-other,2020-01-01 00:00:00,2020-12-31 00:00:00,n2o,9635.8,tonnes,,2023-10-23 11:43:08.395355,
IND,agriculture,manure-management-other,2021-01-01 00:00:00,2021-12-31 00:00:00,ch4,649796.7000000001,tonnes,,2023-10-23 11:43:08.395355,2023-10-23 17:49:51.883012
IND,agriculture,manure-management-other,2021-01-01 00:00:00,2021-12-31 00:00:00,co2,0.0,tonnes,,2023-10-23 11:43:08.395355,
IND,agriculture,manure-management-other,2021-01-01 00:00:00,2021-12-31 00:00:00,co2e_100yr,20747794.6,tonnes,,2023-10-23 11:43:08.395355,2023-10-23 17:49:51.883012
IND,agriculture,manure-management-other,2021-01-01 00:00:00,2021-12-31 00:00:00,co2e_20yr,57126774.00000001,tonnes,,2023-10-23 11:43:08.395355,2023-10-23 17:49:51.883012
IND,agriculture,manure-management-other,2021-01-01 00:00:00,2021-12-31 00:00:00,n2o,9635.8,tonnes,,2023-10-23 11:43:08.395355,2023-10-23 17:49:51.883012
IND,agriculture,manure-management-other,2022-01-01 00:00:00,2022-12-31 00:00:00,ch4,649796.7000000001,tonnes,,2023-10-23 11:43:08.395355,2023-10-23 17:49:45.208249
IND,agriculture,manure-management-other,2022-01-01 00:00:00,2022-12-31 00:00:00,co2,0.0,tonnes,,2023-10-23 11:43:08.395355,
IND,agriculture,manure-management-other,2022-01-01 00:00:00,2022-12-31 00:00:00,co2e_100yr,20747794.6,tonnes,,2023-10-23 11:43:08.395355,2023-10-23 17:49:45.208249
IND,agriculture,manure-management-other,2022-01-01 00:00:00,2022-12-31 00:00:00,co2e_20yr,57126774.00000001,tonnes,,2023-10-23 11:43:08.395355,2023-10-23 17:49:45.208249
IND,agriculture,manure-management-other,2022-01-01 00:00:00,2022-12-31 00:00:00,n2o,9635.8,tonnes,,2023-10-23 11:43:08.395355,2023-10-23 17:49:45.208249
