iso3_country,sector,subsector,start_time,end_time,gas,emissions_quantity,emissions_quantity_units,temporal_granularity,created_date,modified_date
IND,agriculture,other-agricultural-soil-emissions,2015-01-01 00:00:00,2015-12-31 00:00:00,ch4,0.0,tonnes,,2023-10-23 11:43:08.395355,
IND,agriculture,other-agricultural-soil-emissions,2015-01-01 00:00:00,2015-12-31 00:00:00,co2,4952049.2,tonnes,,2023-10-23 11:43:08.395355,
IND,agriculture,other-agricultural-soil-emissions,2015-01-01 00:00:00,2015-12-31 00:00:00,co2e_100yr,69396975.2,tonnes,,2023-10-23 11:43:08.395355,
IND,agriculture,other-agricultural-soil-emissions,2015-01-01 00:00:00,2015-12-31 00:00:00,co2e_20yr,69153786.8,tonnes,,2023-10-23 11:43:08.395355,
IND,agriculture,other-agricultural-soil-emissions,2015-01-01 00:00:00,2015-12-31 00:00:00,n2o,243188.4,tonnes,,2023-10-23 11:43:08.395355,
IND,agriculture,other-agricultural-soil-emissions,2016-01-01 00:00:00,2016-12-31 00:00:00,ch4,0.0,tonnes,,2023-10-23 11:43:08.395355,
IND,agriculture,other-agricultural-soil-emissions,2016-01-01 00:00:00,2016-12-31 00:00:00,co2,4945175.8,tonnes,,2023-10-23 11:43:08.395355,
IND,agriculture,other-agricultural-soil-emissions,2016-01-01 00:00:00,2016-12-31 00:00:00,co2e_100yr,70940457.8,tonnes,,2023-10-23 11:43:08.395355,
IND,agriculture,other-agricultural-soil-emissions,2016-01-01 00:00:00,2016-12-31 00:00:00,co2e_20yr,70691419.0,tonnes,,2023-10-23 11:43:08.395355,
IND,agriculture,other-agricultural-soil-emissions,2016-01-01 00:00:00,2016-12-31 00:00:00,n2o,249038.8,tonnes,,2023-10-23 11:43:08.395355,
IND,agriculture,other-agricultural-soil-emissions,2017-01-01 00:00:00,2017-12-31 00:00:00,ch4,0.0,tonnes,,2023-10-23 11:43:08.395355,
IND,agriculture,other-agricultural-soil-emissions,2017-01-01 00:00:00,2017-12-31 00:00:00,co2,4945166.199999999,tonnes,,2023-10-23 11:43:08.395355,
IND,agriculture,other-agricultural-soil-emissions,2017-01-01 00:00:00,2017-12-31 00:00:00,co2e_100yr,71875262.2,tonnes,,2023-10-23 11:43:08.395355,
IND,agriculture,other-agricultural-soil-emissions,2017-01-01 00:00:00,2017-12-31 00:00:00,co2e_20yr,71622695.8,tonnes,,2023-10-23 11:43:08.395355,
IND,agriculture,other-agricultural-soil-emissions,2017-01-01 00:00:00,2017-12-31 00:00:00,n2o,252566.4,tonnes,,2023-10-23 11:43:08.395355,
IND,agriculture,other-agricultural-soil-emissions,2018-01-01 00:00:00,2018-12-31 00:00:00,ch4,0.0,tonnes,,2023-10-23 11:43:08.395355,
IND,agriculture,other-agricultural-soil-emissions,2018-01-01 00:00:00,2018-12-31 00:00:00,co2,4946166.3,tonnes,,2023-10-23 11:43:08.395355,
IND,agriculture,other-agricultural-soil-emissions,2018-01-01 00:00:00,2018-12-31 00:00:00,co2e_100yr,72566693.30000001,tonnes,,2023-10-23 11:43:08.395355,
IND,agriculture,other-agricultural-soil-emissions,2018-01-01 00:00:00,2018-12-31 00:00:00,co2e_20yr,72311521.50000001,tonnes,,2023-10-23 11:43:08.395355,
IND,agriculture,other-agricultural-soil-emissions,2018-01-01 00:00:00,2018-12-31 00:00:00,n2o,255171.80000000005,tonnes,,2023-10-23 11:43:08.395355,
IND,agriculture,other-agricultural-soil-emissions,2019-01-01 00:00:00,2019-12-31 00:00:00,ch4,0.0,tonnes,,2023-10-23 11:43:08.395355,
IND,agriculture,other-agricultural-soil-emissions,2019-01-01 00:00:00,2019-12-31 00:00:00,co2,4906032.3,tonnes,,2023-10-23 11:43:08.395355,
IND,agriculture,other-agricultural-soil-emissions,2019-01-01 00:00:00,2019-12-31 00:00:00,co2e_100yr,73161631.8,tonnes,,2023-10-23 11:43:08.395355,
IND,agriculture,other-agricultural-soil-emissions,2019-01-01 00:00:00,2019-12-31 00:00:00,co2e_20yr,72904063.5,tonnes,,2023-10-23 11:43:08.395355,
IND,agriculture,other-agricultural-soil-emissions,2019-01-01 00:00:00,2019-12-31 00:00:00,n2o,257568.3,tonnes,,2023-10-23 11:43:08.395355,
IND,agriculture,other-agricultural-soil-emissions,2020-01-01 00:00:00,2020-12-31 00:00:00,ch4,0.0,tonnes,,2023-10-23 11:43:08.395355,
IND,agriculture,other-agricultural-soil-emissions,2020-01-01 00:00:00,2020-12-31 00:00:00,co2,4902237.0,tonnes,,2023-10-23 11:43:08.395355,
IND,agriculture,other-agricultural-soil-emissions,2020-01-01 00:00:00,2020-12-31 00:00:00,co2e_100yr,73263253.50000001,tonnes,,2023-10-23 11:43:08.395355,
IND,agriculture,other-agricultural-soil-emissions,2020-01-01 00:00:00,2020-12-31 00:00:00,co2e_20yr,73005287.4,tonnes,,2023-10-23 11:43:08.395355,
IND,agriculture,other-agricultural-soil-emissions,2020-01-01 00:00:00,2020-12-31 00:00:00,n2o,257966.10000000003,tonnes,,2023-10-23 11:43:08.395355,
IND,agriculture,other-agricultural-soil-emissions,2021-01-01 00:00:00,2021-12-31 00:00:00,ch4,0.0,tonnes,,2023-10-23 11:43:08.395355,
IND,agriculture,other-agricultural-soil-emissions,2021-01-01 00:00:00,2021-12-31 00:00:00,co2,4902237.0,tonnes,,2023-10-23 11:43:08.395355,
IND,agriculture,other-agricultural-soil-emissions,2021-01-01 00:00:00,2021-12-31 00:00:00,co2e_100yr,73263253.50000001,tonnes,,2023-10-23 11:43:08.395355,2023-10-23 17:49:51.883012
IND,agriculture,other-agricultural-soil-emissions,2021-01-01 00:00:00,2021-12-31 00:00:00,co2e_20yr,73005287.4,tonnes,,2023-10-23 11:43:08.395355,2023-10-23 17:49:51.883012
IND,agriculture,other-agricultural-soil-emissions,2021-01-01 00:00:00,2021-12-31 00:00:00,n2o,257966.10000000003,tonnes,,2023-10-23 11:43:08.395355,2023-10-23 17:49:51.883012
IND,agriculture,other-agricultural-soil-emissions,2022-01-01 00:00:00,2022-12-31 00:00:00,ch4,0.0,tonnes,,2023-10-23 11:43:08.395355,
IND,agriculture,other-agricultural-soil-emissions,2022-01-01 00:00:00,2022-12-31 00:00:00,co2,4902237.0,tonnes,,2023-10-23 11:43:08.395355,
IND,agriculture,other-agricultural-soil-emissions,2022-01-01 00:00:00,2022-12-31 00:00:00,co2e_100yr,73263253.50000001,tonnes,,2023-10-23 11:43:08.395355,2023-10-23 17:49:45.208249
IND,agriculture,other-agricultural-soil-emissions,2022-01-01 00:00:00,2022-12-31 00:00:00,co2e_20yr,73005287.4,tonnes,,2023-10-23 11:43:08.395355,2023-10-23 17:49:45.208249
IND,agriculture,other-agricultural-soil-emissions,2022-01-01 00:00:00,2022-12-31 00:00:00,n2o,257966.10000000003,tonnes,,2023-10-23 11:43:08.395355,2023-10-23 17:49:45.208249
