iso3_country,sector,subsector,start_time,end_time,gas,emissions_quantity,emissions_quantity_units,temporal_granularity,created_date,modified_date
IND,agriculture,rice-cultivation,2015-01-01 00:00:00,2015-12-31 00:00:00,ch4,3273100.687,tonnes,annual,2023-10-03 21:10:36.237596,2023-10-27 13:11:51.019797
IND,agriculture,rice-cultivation,2015-01-01 00:00:00,2015-12-31 00:00:00,co2,0.0,tonnes,annual,2023-10-03 21:10:36.237583,
IND,agriculture,rice-cultivation,2015-01-01 00:00:00,2015-12-31 00:00:00,co2e_100yr,91646819.23,tonnes,annual,2023-10-03 21:10:36.237612,2023-10-27 13:11:51.019797
IND,agriculture,rice-cultivation,2015-01-01 00:00:00,2015-12-31 00:00:00,co2e_20yr,274940457.7,tonnes,annual,2023-10-03 21:10:36.23762,2023-10-27 13:11:51.019797
IND,agriculture,rice-cultivation,2015-01-01 00:00:00,2015-12-31 00:00:00,n2o,0.0,tonnes,annual,2023-10-03 21:10:36.237603,
IND,agriculture,rice-cultivation,2016-01-01 00:00:00,2016-12-31 00:00:00,ch4,2803731.147,tonnes,annual,2023-10-03 21:10:36.39071,2023-10-27 13:11:53.185217
IND,agriculture,rice-cultivation,2016-01-01 00:00:00,2016-12-31 00:00:00,co2,0.0,tonnes,annual,2023-10-03 21:10:36.3907,
IND,agriculture,rice-cultivation,2016-01-01 00:00:00,2016-12-31 00:00:00,co2e_100yr,78504472.11,tonnes,annual,2023-10-03 21:10:36.390726,2023-10-27 13:11:53.185217
IND,agriculture,rice-cultivation,2016-01-01 00:00:00,2016-12-31 00:00:00,co2e_20yr,235513416.3,tonnes,annual,2023-10-03 21:10:36.390734,2023-10-27 13:11:53.185217
IND,agriculture,rice-cultivation,2016-01-01 00:00:00,2016-12-31 00:00:00,n2o,0.0,tonnes,annual,2023-10-03 21:10:36.390717,
IND,agriculture,rice-cultivation,2017-01-01 00:00:00,2017-12-31 00:00:00,ch4,3272290.557,tonnes,annual,2023-10-03 21:10:36.567704,2023-10-27 13:11:53.30537
IND,agriculture,rice-cultivation,2017-01-01 00:00:00,2017-12-31 00:00:00,co2,0.0,tonnes,annual,2023-10-03 21:10:36.567694,
IND,agriculture,rice-cultivation,2017-01-01 00:00:00,2017-12-31 00:00:00,co2e_100yr,91624135.61,tonnes,annual,2023-10-03 21:10:36.56772,2023-10-27 13:11:53.30537
IND,agriculture,rice-cultivation,2017-01-01 00:00:00,2017-12-31 00:00:00,co2e_20yr,274872406.8,tonnes,annual,2023-10-03 21:10:36.567727,2023-10-27 13:11:53.30537
IND,agriculture,rice-cultivation,2017-01-01 00:00:00,2017-12-31 00:00:00,n2o,0.0,tonnes,annual,2023-10-03 21:10:36.567711,
IND,agriculture,rice-cultivation,2018-01-01 00:00:00,2018-12-31 00:00:00,ch4,3455752.176,tonnes,annual,2023-10-03 21:10:36.721654,2023-10-27 13:11:53.363622
IND,agriculture,rice-cultivation,2018-01-01 00:00:00,2018-12-31 00:00:00,co2,0.0,tonnes,annual,2023-10-03 21:10:36.721644,
IND,agriculture,rice-cultivation,2018-01-01 00:00:00,2018-12-31 00:00:00,co2e_100yr,96761060.93,tonnes,annual,2023-10-03 21:10:36.72167,2023-10-27 13:11:53.363622
IND,agriculture,rice-cultivation,2018-01-01 00:00:00,2018-12-31 00:00:00,co2e_20yr,290283182.8,tonnes,annual,2023-10-03 21:10:36.721678,2023-10-27 13:11:53.363622
IND,agriculture,rice-cultivation,2018-01-01 00:00:00,2018-12-31 00:00:00,n2o,0.0,tonnes,annual,2023-10-03 21:10:36.721662,
IND,agriculture,rice-cultivation,2019-01-01 00:00:00,2019-12-31 00:00:00,ch4,3953007.226,tonnes,annual,2023-10-03 21:10:36.875679,2023-10-27 13:11:53.421808
IND,agriculture,rice-cultivation,2019-01-01 00:00:00,2019-12-31 00:00:00,co2,0.0,tonnes,annual,2023-10-03 21:10:36.875669,
IND,agriculture,rice-cultivation,2019-01-01 00:00:00,2019-12-31 00:00:00,co2e_100yr,110684202.3,tonnes,annual,2023-10-03 21:10:36.875695,2023-10-27 13:11:53.421808
IND,agriculture,rice-cultivation,2019-01-01 00:00:00,2019-12-31 00:00:00,co2e_20yr,332052607.0,tonnes,annual,2023-10-03 21:10:36.875703,2023-10-27 13:11:53.421808
IND,agriculture,rice-cultivation,2019-01-01 00:00:00,2019-12-31 00:00:00,n2o,0.0,tonnes,annual,2023-10-03 21:10:36.875687,
IND,agriculture,rice-cultivation,2020-01-01 00:00:00,2020-12-31 00:00:00,ch4,3987151.973,tonnes,annual,2023-10-03 21:10:37.032386,2023-10-27 13:11:53.480893
IND,agriculture,rice-cultivation,2020-01-01 00:00:00,2020-12-31 00:00:00,co2,0.0,tonnes,annual,2023-10-03 21:10:37.032375,
IND,agriculture,rice-cultivation,2020-01-01 00:00:00,2020-12-31 00:00:00,co2e_100yr,111640255.3,tonnes,annual,2023-10-03 21:10:37.032402,2023-10-27 13:11:53.480893
IND,agriculture,rice-cultivation,2020-01-01 00:00:00,2020-12-31 00:00:00,co2e_20yr,334920765.8,tonnes,annual,2023-10-03 21:10:37.03241,2023-10-27 13:11:53.480893
IND,agriculture,rice-cultivation,2020-01-01 00:00:00,2020-12-31 00:00:00,n2o,0.0,tonnes,annual,2023-10-03 21:10:37.032393,
IND,agriculture,rice-cultivation,2021-01-01 00:00:00,2021-12-31 00:00:00,ch4,3596814.214483757,tonnes,annual,2023-10-03 21:10:37.27606,2023-11-16 14:06:48.316136
IND,agriculture,rice-cultivation,2021-01-01 00:00:00,2021-12-31 00:00:00,co2,0.0,tonnes,annual,2023-10-03 21:10:37.27605,
IND,agriculture,rice-cultivation,2021-01-01 00:00:00,2021-12-31 00:00:00,co2e_100yr,97833346.6339582,tonnes,annual,2023-10-03 21:10:37.276076,2023-11-16 14:06:48.316136
IND,agriculture,rice-cultivation,2021-01-01 00:00:00,2021-12-31 00:00:00,co2e_20yr,290622588.53028756,tonnes,annual,2023-10-03 21:10:37.276097,2023-11-16 14:06:48.316136
IND,agriculture,rice-cultivation,2021-01-01 00:00:00,2021-12-31 00:00:00,n2o,0.0,tonnes,annual,2023-10-03 21:10:37.276067,
IND,agriculture,rice-cultivation,2022-01-01 00:00:00,2022-12-31 00:00:00,ch4,4248867.23,tonnes,annual,2023-10-03 21:10:37.452848,2023-10-27 13:11:53.657376
IND,agriculture,rice-cultivation,2022-01-01 00:00:00,2022-12-31 00:00:00,co2,0.0,tonnes,annual,2023-10-03 21:10:37.452829,
IND,agriculture,rice-cultivation,2022-01-01 00:00:00,2022-12-31 00:00:00,co2e_100yr,115569188.56,tonnes,annual,2023-10-03 21:10:37.452878,2023-10-27 13:11:53.657376
IND,agriculture,rice-cultivation,2022-01-01 00:00:00,2022-12-31 00:00:00,co2e_20yr,343308471.91,tonnes,annual,2023-10-03 21:10:37.452893,2023-10-27 13:11:53.657376
IND,agriculture,rice-cultivation,2022-01-01 00:00:00,2022-12-31 00:00:00,n2o,0.0,tonnes,annual,2023-10-03 21:10:37.452862,
