iso3_country,sector,subsector,start_time,end_time,gas,emissions_quantity,emissions_quantity_units,temporal_granularity,created_date,modified_date
IND,agriculture,synthetic-fertilizer-application,2015-01-01 00:00:00,2015-12-31 00:00:00,ch4,,tonnes,annual,2023-11-16 17:30:53.691236,
IND,agriculture,synthetic-fertilizer-application,2015-01-01 00:00:00,2015-12-31 00:00:00,co2,,tonnes,annual,2023-11-16 17:30:53.691222,
IND,agriculture,synthetic-fertilizer-application,2015-01-01 00:00:00,2015-12-31 00:00:00,co2e_100yr,66644585.67,tonnes,annual,2023-11-16 17:30:53.691254,
IND,agriculture,synthetic-fertilizer-application,2015-01-01 00:00:00,2015-12-31 00:00:00,co2e_20yr,66644585.67,tonnes,annual,2023-11-16 17:30:53.691261,
IND,agriculture,synthetic-fertilizer-application,2015-01-01 00:00:00,2015-12-31 00:00:00,n2o,244119.36,tonnes,annual,2023-11-16 17:30:53.691244,
IND,agriculture,synthetic-fertilizer-application,2016-01-01 00:00:00,2016-12-31 00:00:00,ch4,,tonnes,annual,2023-10-03 21:10:36.467348,
IND,agriculture,synthetic-fertilizer-application,2016-01-01 00:00:00,2016-12-31 00:00:00,co2,,tonnes,annual,2023-10-03 21:10:36.467336,
IND,agriculture,synthetic-fertilizer-application,2016-01-01 00:00:00,2016-12-31 00:00:00,co2e_100yr,66644585.67,tonnes,annual,2023-10-03 21:10:36.467364,
IND,agriculture,synthetic-fertilizer-application,2016-01-01 00:00:00,2016-12-31 00:00:00,co2e_20yr,66644585.67,tonnes,annual,2023-10-03 21:10:36.467372,
IND,agriculture,synthetic-fertilizer-application,2016-01-01 00:00:00,2016-12-31 00:00:00,n2o,244119.36,tonnes,annual,2023-10-03 21:10:36.467356,
IND,agriculture,synthetic-fertilizer-application,2017-01-01 00:00:00,2017-12-31 00:00:00,ch4,,tonnes,annual,2023-10-03 21:10:36.467912,
IND,agriculture,synthetic-fertilizer-application,2017-01-01 00:00:00,2017-12-31 00:00:00,co2,,tonnes,annual,2023-10-03 21:10:36.4679,
IND,agriculture,synthetic-fertilizer-application,2017-01-01 00:00:00,2017-12-31 00:00:00,co2e_100yr,66708608.46,tonnes,annual,2023-10-03 21:10:36.467928,
IND,agriculture,synthetic-fertilizer-application,2017-01-01 00:00:00,2017-12-31 00:00:00,co2e_20yr,66708608.46,tonnes,annual,2023-10-03 21:10:36.467936,
IND,agriculture,synthetic-fertilizer-application,2017-01-01 00:00:00,2017-12-31 00:00:00,n2o,244353.88,tonnes,annual,2023-10-03 21:10:36.46792,
IND,agriculture,synthetic-fertilizer-application,2018-01-01 00:00:00,2018-12-31 00:00:00,ch4,,tonnes,annual,2023-10-03 21:10:36.468487,
IND,agriculture,synthetic-fertilizer-application,2018-01-01 00:00:00,2018-12-31 00:00:00,co2,,tonnes,annual,2023-10-03 21:10:36.468475,
IND,agriculture,synthetic-fertilizer-application,2018-01-01 00:00:00,2018-12-31 00:00:00,co2e_100yr,65447646.22,tonnes,annual,2023-10-03 21:10:36.468503,
IND,agriculture,synthetic-fertilizer-application,2018-01-01 00:00:00,2018-12-31 00:00:00,co2e_20yr,65447646.22,tonnes,annual,2023-10-03 21:10:36.46851,
IND,agriculture,synthetic-fertilizer-application,2018-01-01 00:00:00,2018-12-31 00:00:00,n2o,239734.97,tonnes,annual,2023-10-03 21:10:36.468495,
IND,agriculture,synthetic-fertilizer-application,2019-01-01 00:00:00,2019-12-31 00:00:00,ch4,,tonnes,annual,2023-10-03 21:10:36.469136,
IND,agriculture,synthetic-fertilizer-application,2019-01-01 00:00:00,2019-12-31 00:00:00,co2,,tonnes,annual,2023-10-03 21:10:36.469123,
IND,agriculture,synthetic-fertilizer-application,2019-01-01 00:00:00,2019-12-31 00:00:00,co2e_100yr,68007837.86,tonnes,annual,2023-10-03 21:10:36.469152,
IND,agriculture,synthetic-fertilizer-application,2019-01-01 00:00:00,2019-12-31 00:00:00,co2e_20yr,68007837.86,tonnes,annual,2023-10-03 21:10:36.469159,
IND,agriculture,synthetic-fertilizer-application,2019-01-01 00:00:00,2019-12-31 00:00:00,n2o,249112.96,tonnes,annual,2023-10-03 21:10:36.469144,
IND,agriculture,synthetic-fertilizer-application,2020-01-01 00:00:00,2020-12-31 00:00:00,ch4,,tonnes,annual,2023-10-03 21:10:36.469704,
IND,agriculture,synthetic-fertilizer-application,2020-01-01 00:00:00,2020-12-31 00:00:00,co2,,tonnes,annual,2023-10-03 21:10:36.469692,
IND,agriculture,synthetic-fertilizer-application,2020-01-01 00:00:00,2020-12-31 00:00:00,co2e_100yr,78210107.14,tonnes,annual,2023-10-03 21:10:36.46972,
IND,agriculture,synthetic-fertilizer-application,2020-01-01 00:00:00,2020-12-31 00:00:00,co2e_20yr,78210107.14,tonnes,annual,2023-10-03 21:10:36.469728,
IND,agriculture,synthetic-fertilizer-application,2020-01-01 00:00:00,2020-12-31 00:00:00,n2o,286483.91,tonnes,annual,2023-10-03 21:10:36.469712,
IND,agriculture,synthetic-fertilizer-application,2021-01-01 00:00:00,2021-12-31 00:00:00,ch4,,tonnes,annual,2023-10-03 21:10:36.470354,
IND,agriculture,synthetic-fertilizer-application,2021-01-01 00:00:00,2021-12-31 00:00:00,co2,,tonnes,annual,2023-10-03 21:10:36.470342,
IND,agriculture,synthetic-fertilizer-application,2021-01-01 00:00:00,2021-12-31 00:00:00,co2e_100yr,81765846.41,tonnes,annual,2023-10-03 21:10:36.470371,
IND,agriculture,synthetic-fertilizer-application,2021-01-01 00:00:00,2021-12-31 00:00:00,co2e_20yr,81765846.41,tonnes,annual,2023-10-03 21:10:36.470378,
IND,agriculture,synthetic-fertilizer-application,2021-01-01 00:00:00,2021-12-31 00:00:00,n2o,299508.59,tonnes,annual,2023-10-03 21:10:36.470362,
IND,agriculture,synthetic-fertilizer-application,2022-01-01 00:00:00,2022-12-31 00:00:00,ch4,,tonnes,annual,2023-10-03 21:10:36.470926,
IND,agriculture,synthetic-fertilizer-application,2022-01-01 00:00:00,2022-12-31 00:00:00,co2,,tonnes,annual,2023-10-03 21:10:36.470914,
IND,agriculture,synthetic-fertilizer-application,2022-01-01 00:00:00,2022-12-31 00:00:00,co2e_100yr,80717885.59,tonnes,annual,2023-10-03 21:10:36.470942,
IND,agriculture,synthetic-fertilizer-application,2022-01-01 00:00:00,2022-12-31 00:00:00,co2e_20yr,80717885.59,tonnes,annual,2023-10-03 21:10:36.47095,
IND,agriculture,synthetic-fertilizer-application,2022-01-01 00:00:00,2022-12-31 00:00:00,n2o,295669.91,tonnes,annual,2023-10-03 21:10:36.470934,
