source_id,source_name,iso3_country,sector,subsector,start_time,end_time,source_type,capacity,capacity_factor,activity,co2_emissions_factor,ch4_emissions_factor,n2o_emissions_factor,co2_emissions,ch4_emissions,n2o_emissions,total_co2e_20yrgwp,created_date,modified_date,total_co2e_100yrgwp
25487597,Awandi Mine,IND,mineral-extraction,bauxite-mining,2022-01-01 00:00:00,2022-12-31 00:00:00,high,,,high,high,,,high,,,high,2023-10-10 00:00:00,2023-11-06 11:20:00,high
25487598,Bagmandala Mine,IND,mineral-extraction,bauxite-mining,2022-01-01 00:00:00,2022-12-31 00:00:00,high,,,high,high,,,high,,,high,2023-10-10 00:00:00,2023-11-06 11:20:00,high
25487599,Bagru Mine,IND,mineral-extraction,bauxite-mining,2022-01-01 00:00:00,2022-12-31 00:00:00,high,,,,,,,,,,,2023-10-10 00:00:00,2023-11-06 11:20:00,
25487600,Baphlimali Mine,IND,mineral-extraction,bauxite-mining,2022-01-01 00:00:00,2022-12-31 00:00:00,high,,,medium,very low,,,very low,,,very low,2023-10-10 00:00:00,2023-11-06 11:20:00,very low
25487601,Bhogoli-Pilani Mine,IND,mineral-extraction,bauxite-mining,2022-01-01 00:00:00,2022-12-31 00:00:00,high,,,high,high,,,high,,,high,2023-10-10 00:00:00,2023-11-06 11:20:00,high
25487602,Bimarla Mine,IND,mineral-extraction,bauxite-mining,2022-01-01 00:00:00,2022-12-31 00:00:00,high,,,,,,,,,,,2023-10-10 00:00:00,2023-11-06 11:20:00,
25487603,Bodai-Daldali Mine,IND,mineral-extraction,bauxite-mining,2022-01-01 00:00:00,2022-12-31 00:00:00,high,,,medium,very low,,,very low,,,very low,2023-10-10 00:00:00,2023-11-06 11:20:00,very low
25487604,Chachandeeh Mine,IND,mineral-extraction,bauxite-mining,2022-01-01 00:00:00,2022-12-31 00:00:00,high,,,,,,,,,,,2023-10-10 00:00:00,2023-11-06 11:20:00,
25487605,Chirodih Mine,IND,mineral-extraction,bauxite-mining,2022-01-01 00:00:00,2022-12-31 00:00:00,high,,,,,,,,,,,2023-10-10 00:00:00,2023-11-06 11:20:00,
25487606,Daban-Wamoti Mine,IND,mineral-extraction,bauxite-mining,2022-01-01 00:00:00,2022-12-31 00:00:00,high,,,high,high,,,high,,,high,2023-10-10 00:00:00,2023-11-06 11:20:00,high
25487607,Dandguri Mine,IND,mineral-extraction,bauxite-mining,2022-01-01 00:00:00,2022-12-31 00:00:00,high,,,high,high,,,high,,,high,2023-10-10 00:00:00,2023-11-06 11:20:00,high
25487608,Devkhol Mine,IND,mineral-extraction,bauxite-mining,2022-01-01 00:00:00,2022-12-31 00:00:00,high,,,,,,,,,,,2023-10-10 00:00:00,2023-11-06 11:20:00,
25487609,Dhanagarwadi Mine,IND,mineral-extraction,bauxite-mining,2022-01-01 00:00:00,2022-12-31 00:00:00,high,,,,,,,,,,,2023-10-10 00:00:00,2023-11-06 11:20:00,
25487610,Gadhsisa Complex,IND,mineral-extraction,bauxite-mining,2022-01-01 00:00:00,2022-12-31 00:00:00,high,,,medium,very low,,,very low,,,very low,2023-10-10 00:00:00,2023-11-06 11:20:00,very low
25487611,Girgaon Mine,IND,mineral-extraction,bauxite-mining,2022-01-01 00:00:00,2022-12-31 00:00:00,high,,,,,,,,,,,2023-10-10 00:00:00,2023-11-06 11:20:00,
25487612,Gudeghar Mine,IND,mineral-extraction,bauxite-mining,2022-01-01 00:00:00,2022-12-31 00:00:00,high,,,,,,,,,,,2023-10-10 00:00:00,2023-11-06 11:20:00,
25487613,Gurdari Mine,IND,mineral-extraction,bauxite-mining,2022-01-01 00:00:00,2022-12-31 00:00:00,high,,,,,,,,,,,2023-10-10 00:00:00,2023-11-06 11:20:00,
25487614,Kawadoli Mine,IND,mineral-extraction,bauxite-mining,2022-01-01 00:00:00,2022-12-31 00:00:00,high,,,high,high,,,high,,,high,2023-10-10 00:00:00,2023-11-06 11:20:00,high
25487615,Kodingamali Mine,IND,mineral-extraction,bauxite-mining,2022-01-01 00:00:00,2022-12-31 00:00:00,high,,,,,,,,,,,2023-10-10 00:00:00,2023-11-06 11:20:00,
25487616,Kudgaon Mine,IND,mineral-extraction,bauxite-mining,2022-01-01 00:00:00,2022-12-31 00:00:00,high,,,high,high,,,high,,,high,2023-10-10 00:00:00,2023-11-06 11:20:00,high
25487617,Kurawade Mine,IND,mineral-extraction,bauxite-mining,2022-01-01 00:00:00,2022-12-31 00:00:00,high,,,high,high,,,high,,,high,2023-10-10 00:00:00,2023-11-06 11:20:00,high
25487618,Mahalmirya Mine,IND,mineral-extraction,bauxite-mining,2022-01-01 00:00:00,2022-12-31 00:00:00,high,,,,,,,,,,,2023-10-10 00:00:00,2023-11-06 11:20:00,
25487619,Mainpat Mine,IND,mineral-extraction,bauxite-mining,2022-01-01 00:00:00,2022-12-31 00:00:00,high,,,medium,very low,,,very low,,,very low,2023-10-10 00:00:00,2023-11-06 11:20:00,very low
25487620,Manoli Mine,IND,mineral-extraction,bauxite-mining,2022-01-01 00:00:00,2022-12-31 00:00:00,high,,,,,,,,,,,2023-10-10 00:00:00,2023-11-06 11:20:00,
25487621,Meghare Mine,IND,mineral-extraction,bauxite-mining,2022-01-01 00:00:00,2022-12-31 00:00:00,high,,,high,high,,,high,,,high,2023-10-10 00:00:00,2023-11-06 11:20:00,high
25487622,Minache Mine,IND,mineral-extraction,bauxite-mining,2022-01-01 00:00:00,2022-12-31 00:00:00,high,,,,,,,,,,,2023-10-10 00:00:00,2023-11-06 11:20:00,
25487623,Mothala-Balachod Mine,IND,mineral-extraction,bauxite-mining,2022-01-01 00:00:00,2022-12-31 00:00:00,high,,,high,high,,,high,,,high,2023-10-10 00:00:00,2023-11-06 11:20:00,high
25487624,Nana-Goniyasar Mine,IND,mineral-extraction,bauxite-mining,2022-01-01 00:00:00,2022-12-31 00:00:00,high,,,,,,,,,,,2023-10-10 00:00:00,2023-11-06 11:20:00,
25487625,Naredi-2 Mine,IND,mineral-extraction,bauxite-mining,2022-01-01 00:00:00,2022-12-31 00:00:00,high,,,high,high,,,high,,,high,2023-10-10 00:00:00,2023-11-06 11:20:00,high
25487626,Naredi-Nandra Mine,IND,mineral-extraction,bauxite-mining,2022-01-01 00:00:00,2022-12-31 00:00:00,high,,,high,high,,,high,,,high,2023-10-10 00:00:00,2023-11-06 11:20:00,high
25487627,Padasali Mine,IND,mineral-extraction,bauxite-mining,2022-01-01 00:00:00,2022-12-31 00:00:00,high,,,,,,,,,,,2023-10-10 00:00:00,2023-11-06 11:20:00,
25487628,Pakhar Mine,IND,mineral-extraction,bauxite-mining,2022-01-01 00:00:00,2022-12-31 00:00:00,high,,,,,,,,,,,2023-10-10 00:00:00,2023-11-06 11:20:00,
25487629,Panchpatmalli Mine,IND,mineral-extraction,bauxite-mining,2022-01-01 00:00:00,2022-12-31 00:00:00,high,,,medium,very low,,,very low,,,very low,2023-10-10 00:00:00,2023-11-06 11:20:00,very low
25487630,Pandharepani Mine,IND,mineral-extraction,bauxite-mining,2022-01-01 00:00:00,2022-12-31 00:00:00,high,,,high,high,,,high,,,high,2023-10-10 00:00:00,2023-11-06 11:20:00,high
25487631,Putka Mine,IND,mineral-extraction,bauxite-mining,2022-01-01 00:00:00,2022-12-31 00:00:00,high,,,,,,,,,,,2023-10-10 00:00:00,2023-11-06 11:20:00,
25487632,Quitol Mine,IND,mineral-extraction,bauxite-mining,2022-01-01 00:00:00,2022-12-31 00:00:00,high,,,,,,,,,,,2023-10-10 00:00:00,2023-11-06 11:20:00,
25487633,Ratadia-Nagrecha Mine,IND,mineral-extraction,bauxite-mining,2022-01-01 00:00:00,2022-12-31 00:00:00,high,,,,,,,,,,,2023-10-10 00:00:00,2023-11-06 11:20:00,
25487634,Roha-Kotda Mine,IND,mineral-extraction,bauxite-mining,2022-01-01 00:00:00,2022-12-31 00:00:00,high,,,,,,,,,,,2023-10-10 00:00:00,2023-11-06 11:20:00,
25487635,Rowale Mine,IND,mineral-extraction,bauxite-mining,2022-01-01 00:00:00,2022-12-31 00:00:00,high,,,,,,,,,,,2023-10-10 00:00:00,2023-11-06 11:20:00,
25487636,Sakhari Mine,IND,mineral-extraction,bauxite-mining,2022-01-01 00:00:00,2022-12-31 00:00:00,high,,,high,high,,,high,,,high,2023-10-10 00:00:00,2023-11-06 11:20:00,high
25487637,Serangdag Mine,IND,mineral-extraction,bauxite-mining,2022-01-01 00:00:00,2022-12-31 00:00:00,high,,,,,,,,,,,2023-10-10 00:00:00,2023-11-06 11:20:00,
25487638,Shivram Mine,IND,mineral-extraction,bauxite-mining,2022-01-01 00:00:00,2022-12-31 00:00:00,high,,,,,,,,,,,2023-10-10 00:00:00,2023-11-06 11:20:00,
25487639,Udgiri Mine,IND,mineral-extraction,bauxite-mining,2022-01-01 00:00:00,2022-12-31 00:00:00,high,,,,,,,,,,,2023-10-10 00:00:00,2023-11-06 11:20:00,
25487640,Umbarshet Mine,IND,mineral-extraction,bauxite-mining,2022-01-01 00:00:00,2022-12-31 00:00:00,high,,,,,,,,,,,2023-10-10 00:00:00,2023-11-06 11:20:00,
25487641,Wandh Mine,IND,mineral-extraction,bauxite-mining,2022-01-01 00:00:00,2022-12-31 00:00:00,high,,,,,,,,,,,2023-10-10 00:00:00,2023-11-06 11:20:00,
25487642,Yelwan Jugai Mine,IND,mineral-extraction,bauxite-mining,2022-01-01 00:00:00,2022-12-31 00:00:00,high,,,,,,,,,,,2023-10-10 00:00:00,2023-11-06 11:20:00,
