iso3_country,sector,subsector,start_time,end_time,gas,emissions_quantity,emissions_quantity_units,temporal_granularity,created_date,modified_date
IND,mineral-extraction,bauxite-mining,2015-01-01 00:00:00,2015-12-31 00:00:00,ch4,,tonnes,annual,2023-10-03 21:10:31.663204,
IND,mineral-extraction,bauxite-mining,2015-01-01 00:00:00,2015-12-31 00:00:00,co2,1848616.0,tonnes,annual,2023-10-03 21:10:31.663182,2023-11-02 13:53:00.077172
IND,mineral-extraction,bauxite-mining,2015-01-01 00:00:00,2015-12-31 00:00:00,co2e_100yr,1848616.0,tonnes,annual,2023-10-03 21:10:31.663233,2023-11-02 13:53:00.077172
IND,mineral-extraction,bauxite-mining,2015-01-01 00:00:00,2015-12-31 00:00:00,co2e_20yr,1848616.0,tonnes,annual,2023-10-03 21:10:31.663245,2023-11-02 13:53:00.077172
IND,mineral-extraction,bauxite-mining,2015-01-01 00:00:00,2015-12-31 00:00:00,n2o,,tonnes,annual,2023-10-03 21:10:31.663219,
IND,mineral-extraction,bauxite-mining,2016-01-01 00:00:00,2016-12-31 00:00:00,ch4,,tonnes,annual,2023-10-03 21:10:31.664093,
IND,mineral-extraction,bauxite-mining,2016-01-01 00:00:00,2016-12-31 00:00:00,co2,1590808.0,tonnes,annual,2023-10-03 21:10:31.664071,2023-11-02 13:53:00.077172
IND,mineral-extraction,bauxite-mining,2016-01-01 00:00:00,2016-12-31 00:00:00,co2e_100yr,1590808.0,tonnes,annual,2023-10-03 21:10:31.664122,2023-11-02 13:53:00.077172
IND,mineral-extraction,bauxite-mining,2016-01-01 00:00:00,2016-12-31 00:00:00,co2e_20yr,1590808.0,tonnes,annual,2023-10-03 21:10:31.664136,2023-11-02 13:53:00.077172
IND,mineral-extraction,bauxite-mining,2016-01-01 00:00:00,2016-12-31 00:00:00,n2o,,tonnes,annual,2023-10-03 21:10:31.664109,
IND,mineral-extraction,bauxite-mining,2017-01-01 00:00:00,2017-12-31 00:00:00,ch4,,tonnes,annual,2023-10-03 21:10:31.664952,
IND,mineral-extraction,bauxite-mining,2017-01-01 00:00:00,2017-12-31 00:00:00,co2,1518680.0,tonnes,annual,2023-10-03 21:10:31.664929,2023-11-02 13:53:00.077172
IND,mineral-extraction,bauxite-mining,2017-01-01 00:00:00,2017-12-31 00:00:00,co2e_100yr,1518680.0,tonnes,annual,2023-10-03 21:10:31.664981,2023-11-02 13:53:00.077172
IND,mineral-extraction,bauxite-mining,2017-01-01 00:00:00,2017-12-31 00:00:00,co2e_20yr,1518680.0,tonnes,annual,2023-10-03 21:10:31.664994,2023-11-02 13:53:00.077172
IND,mineral-extraction,bauxite-mining,2017-01-01 00:00:00,2017-12-31 00:00:00,n2o,,tonnes,annual,2023-10-03 21:10:31.664967,
IND,mineral-extraction,bauxite-mining,2018-01-01 00:00:00,2018-12-31 00:00:00,ch4,,tonnes,annual,2023-10-03 21:10:31.665816,
IND,mineral-extraction,bauxite-mining,2018-01-01 00:00:00,2018-12-31 00:00:00,co2,1547051.0,tonnes,annual,2023-10-03 21:10:31.665794,2023-11-02 13:53:00.077172
IND,mineral-extraction,bauxite-mining,2018-01-01 00:00:00,2018-12-31 00:00:00,co2e_100yr,1547051.0,tonnes,annual,2023-10-03 21:10:31.665847,2023-11-02 13:53:00.077172
IND,mineral-extraction,bauxite-mining,2018-01-01 00:00:00,2018-12-31 00:00:00,co2e_20yr,1547051.0,tonnes,annual,2023-10-03 21:10:31.665876,2023-11-02 13:53:00.077172
IND,mineral-extraction,bauxite-mining,2018-01-01 00:00:00,2018-12-31 00:00:00,n2o,,tonnes,annual,2023-10-03 21:10:31.665833,
IND,mineral-extraction,bauxite-mining,2019-01-01 00:00:00,2019-12-31 00:00:00,ch4,,tonnes,annual,2023-10-03 21:10:31.666841,
IND,mineral-extraction,bauxite-mining,2019-01-01 00:00:00,2019-12-31 00:00:00,co2,1486579.0,tonnes,annual,2023-10-03 21:10:31.666816,2023-11-02 13:53:00.077172
IND,mineral-extraction,bauxite-mining,2019-01-01 00:00:00,2019-12-31 00:00:00,co2e_100yr,1486579.0,tonnes,annual,2023-10-03 21:10:31.666876,2023-11-02 13:53:00.077172
IND,mineral-extraction,bauxite-mining,2019-01-01 00:00:00,2019-12-31 00:00:00,co2e_20yr,1486579.0,tonnes,annual,2023-10-03 21:10:31.666891,2023-11-02 13:53:00.077172
IND,mineral-extraction,bauxite-mining,2019-01-01 00:00:00,2019-12-31 00:00:00,n2o,,tonnes,annual,2023-10-03 21:10:31.666859,
IND,mineral-extraction,bauxite-mining,2020-01-01 00:00:00,2020-12-31 00:00:00,ch4,,tonnes,annual,2023-10-03 21:10:31.667755,
IND,mineral-extraction,bauxite-mining,2020-01-01 00:00:00,2020-12-31 00:00:00,co2,727222.0,tonnes,annual,2023-10-03 21:10:31.667723,
IND,mineral-extraction,bauxite-mining,2020-01-01 00:00:00,2020-12-31 00:00:00,co2e_100yr,727222.0,tonnes,annual,2023-10-03 21:10:31.667791,
IND,mineral-extraction,bauxite-mining,2020-01-01 00:00:00,2020-12-31 00:00:00,co2e_20yr,727222.0,tonnes,annual,2023-10-03 21:10:31.667806,
IND,mineral-extraction,bauxite-mining,2020-01-01 00:00:00,2020-12-31 00:00:00,n2o,,tonnes,annual,2023-10-03 21:10:31.667775,
IND,mineral-extraction,bauxite-mining,2021-01-01 00:00:00,2021-12-31 00:00:00,ch4,,tonnes,annual,2023-10-03 21:10:31.668743,
IND,mineral-extraction,bauxite-mining,2021-01-01 00:00:00,2021-12-31 00:00:00,co2,533085.0,tonnes,annual,2023-10-03 21:10:31.668721,2023-10-30 14:42:57.724251
IND,mineral-extraction,bauxite-mining,2021-01-01 00:00:00,2021-12-31 00:00:00,co2e_100yr,533085.0,tonnes,annual,2023-10-03 21:10:31.668772,2023-10-30 14:42:57.724251
IND,mineral-extraction,bauxite-mining,2021-01-01 00:00:00,2021-12-31 00:00:00,co2e_20yr,533085.0,tonnes,annual,2023-10-03 21:10:31.668784,2023-10-30 14:42:57.724251
IND,mineral-extraction,bauxite-mining,2021-01-01 00:00:00,2021-12-31 00:00:00,n2o,,tonnes,annual,2023-10-03 21:10:31.668759,
IND,mineral-extraction,bauxite-mining,2022-01-01 00:00:00,2022-12-31 00:00:00,ch4,,tonnes,annual,2023-10-03 21:10:31.669704,
IND,mineral-extraction,bauxite-mining,2022-01-01 00:00:00,2022-12-31 00:00:00,co2,524793.0,tonnes,annual,2023-10-03 21:10:31.669684,2023-10-30 14:42:57.724251
IND,mineral-extraction,bauxite-mining,2022-01-01 00:00:00,2022-12-31 00:00:00,co2e_100yr,524793.0,tonnes,annual,2023-10-03 21:10:31.669734,2023-10-30 14:42:57.724251
IND,mineral-extraction,bauxite-mining,2022-01-01 00:00:00,2022-12-31 00:00:00,co2e_20yr,524793.0,tonnes,annual,2023-10-03 21:10:31.669746,2023-10-30 14:42:57.724251
IND,mineral-extraction,bauxite-mining,2022-01-01 00:00:00,2022-12-31 00:00:00,n2o,,tonnes,annual,2023-10-03 21:10:31.66972,
