source_id,source_name,iso3_country,sector,subsector,lat,lon,geometry_ref,relationship,ultimate_parent_name,ultimate_parent_id,percent_interest_parent,company_name,company_id,percent_interest_company,interest_units,start_date,end_date,created_date,modified_date,percent_company_datasource,percent_parent_datasource
25487598,Bagmandala Mine,IND,mineral-extraction,bauxite-mining,18.016995,73.049746,trace_73.049746_18.016995,owner,Alatge Stone Crushing Industries,100001012615.0,100.0,Alatge Stone Crushing Industries,100001012615,100,bauxite_reserves,2022-01-01 00:00:00,2022-12-31 00:00:00,2023-11-29 22:49:35.190839,,,{7061}
25487599,Bagru Mine,IND,mineral-extraction,bauxite-mining,23.488197,84.597296,trace_84.597296_23.488197,owner,Hindalco Industries,100000120560.0,100.0,Hindalco Industries,100000120560,100,bauxite_reserves,2022-01-01 00:00:00,2022-12-31 00:00:00,2023-11-29 22:49:35.190868,,,"{6988,7061}"
25487600,Baphlimali Mine,IND,mineral-extraction,bauxite-mining,19.347145,82.970139,trace_82.970139_19.347145,owner,Hindalco Industries,100000120560.0,,Utkal Alumina International Limited,100001012548,100,bauxite_reserves,2022-01-01 00:00:00,2022-12-31 00:00:00,2023-11-29 22:49:35.190893,,,{7061}
25487600,Baphlimali Mine,IND,mineral-extraction,bauxite-mining,19.347145,82.970139,trace_82.970139_19.347145,owner,,,,Utkal Alumina International Limited,100001012548,100,bauxite_reserves,2022-01-01 00:00:00,2022-12-31 00:00:00,2023-11-29 22:49:35.190919,,,{7061}
25487602,Bimarla Mine,IND,mineral-extraction,bauxite-mining,23.285382,84.421041,trace_84.421041_23.285382,owner,Minerals & Minerals,100001012616.0,100.0,Minerals & Minerals,100001012616,100,bauxite_reserves,2022-01-01 00:00:00,2022-12-31 00:00:00,2023-11-29 22:49:35.190951,,,"{7061,34398}"
25487603,Bodai-Daldali Mine,IND,mineral-extraction,bauxite-mining,22.41574,81.187474,trace_81.187474_22.41574,owner,Governmenrt of India,100001000397.0,100.0,Governmenrt of India,100001000397,100,bauxite_reserves,2022-01-01 00:00:00,2022-12-31 00:00:00,2023-11-29 22:49:35.190976,,,{7061}
25487604,Chachandeeh Mine,IND,mineral-extraction,bauxite-mining,22.834809,81.625283,trace_81.625283_22.834809,owner,MP State Mining,100001012617.0,100.0,MP State Mining,100001012617,100,bauxite_reserves,2022-01-01 00:00:00,2022-12-31 00:00:00,2023-11-29 22:49:35.191,,,{7061}
25487605,Chirodih Mine,IND,mineral-extraction,bauxite-mining,23.310296,84.291936,trace_84.291936_23.310296,owner,Mineral & Mineral,100001012618.0,100.0,Mineral & Mineral,100001012618,100,bauxite_reserves,2022-01-01 00:00:00,2022-12-31 00:00:00,2023-11-29 22:49:35.191032,,,"{7061,34398}"
25487607,Dandguri Mine,IND,mineral-extraction,bauxite-mining,18.143245,73.012793,trace_73.012793_18.143245,owner,Bharatesh Construction,100001012619.0,100.0,Bharatesh Construction,100001012619,100,bauxite_reserves,2022-01-01 00:00:00,2022-12-31 00:00:00,2023-11-29 22:49:35.191062,,,"{7061,34399}"
25487609,Dhanagarwadi Mine,IND,mineral-extraction,bauxite-mining,16.905913,73.846433,trace_73.846433_16.905913,owner,Hindalco Industries,100000120560.0,100.0,Hindalco Industries,100000120560,100,bauxite_reserves,2022-01-01 00:00:00,2022-12-31 00:00:00,2023-11-29 22:49:35.191092,,,"{6988,7061}"
25487611,Girgaon Mine,IND,mineral-extraction,bauxite-mining,16.850096,73.875017,trace_73.875017_16.850096,owner,Manjare Girgaon Mines Private,100001012620.0,100.0,Manjare Girgaon Mines Private,100001012620,100,bauxite_reserves,2022-01-01 00:00:00,2022-12-31 00:00:00,2023-11-29 22:49:35.191117,,,{7061}
25487612,Gudeghar Mine,IND,mineral-extraction,bauxite-mining,17.962296,73.116514,trace_73.116514_17.962296,owner,Milind Sardessai Infrastructure Logistics,100001012621.0,100.0,Milind Sardessai Infrastructure Logistics,100001012621,100,bauxite_reserves,2022-01-01 00:00:00,2022-12-31 00:00:00,2023-11-29 22:49:35.191147,,,{7061}
25487613,Gurdari Mine,IND,mineral-extraction,bauxite-mining,23.33856,84.25923,trace_84.25923_23.33856,owner,Hindalco Industries,100000120560.0,100.0,Hindalco Industries,100000120560,100,bauxite_reserves,2022-01-01 00:00:00,2022-12-31 00:00:00,2023-11-29 22:49:35.191179,,,"{6988,7061}"
25487615,Kodingamali Mine,IND,mineral-extraction,bauxite-mining,19.062612,83.075889,trace_83.075889_19.062612,owner,Odisha Mining,100001012622.0,100.0,Odisha Mining,100001012622,100,bauxite_reserves,2022-01-01 00:00:00,2022-12-31 00:00:00,2023-11-29 22:49:35.191204,,,{7061}
25487616,Kudgaon Mine,IND,mineral-extraction,bauxite-mining,18.219656,72.979479,trace_72.979479_18.219656,owner,Bhartesh Construction,100001012623.0,100.0,Bhartesh Construction,100001012623,100,bauxite_reserves,2022-01-01 00:00:00,2022-12-31 00:00:00,2023-11-29 22:49:35.191235,,,"{7061,34399}"
25487617,Kurawade Mine,IND,mineral-extraction,bauxite-mining,18.014119,73.020453,trace_73.020453_18.014119,owner,Altage Stone Crushing Industry,100001012624.0,100.0,Altage Stone Crushing Industry,100001012624,100,bauxite_reserves,2022-01-01 00:00:00,2022-12-31 00:00:00,2023-11-29 22:49:35.191266,,,{7061}
25487618,Mahalmirya Mine,IND,mineral-extraction,bauxite-mining,18.678495,73.153834,trace_73.153834_18.678495,owner,Vyaghreshwar Minerals,100001012625.0,100.0,Vyaghreshwar Minerals,100001012625,100,bauxite_reserves,2022-01-01 00:00:00,2022-12-31 00:00:00,2023-11-29 22:49:35.191291,,,{7061}
25487619,Mainpat Mine,IND,mineral-extraction,bauxite-mining,22.86575,83.297576,trace_83.297576_22.86575,owner,Governmenrt of India,100001000397.0,100.0,Governmenrt of India,100001000397,100,bauxite_reserves,2022-01-01 00:00:00,2022-12-31 00:00:00,2023-11-29 22:49:35.191317,,,{7061}
25487621,Meghare Mine,IND,mineral-extraction,bauxite-mining,18.09854,73.039409,trace_73.039409_18.09854,owner,Shri Manohar Daryanani,100001012626.0,100.0,Shri Manohar Daryanani,100001012626,100,bauxite_reserves,2022-01-01 00:00:00,2022-12-31 00:00:00,2023-11-29 22:49:35.191348,,,{7061}
25487624,Nana-Goniyasar Mine,IND,mineral-extraction,bauxite-mining,22.998174,69.395363,trace_69.395363_22.998174,owner,Shri Arunkumar Solanki,100001012627.0,100.0,Shri Arunkumar Solanki,100001012627,100,bauxite_reserves,2022-01-01 00:00:00,2022-12-31 00:00:00,2023-11-29 22:49:35.191377,,,{7061}
25487625,Naredi-2 Mine,IND,mineral-extraction,bauxite-mining,23.20673,69.190391,trace_69.190391_23.20673,owner,Shri Arunkumar Solanki,100001012627.0,100.0,Shri Arunkumar Solanki,100001012627,100,bauxite_reserves,2022-01-01 00:00:00,2022-12-31 00:00:00,2023-11-29 22:49:35.191409,,,{7061}
25487626,Naredi-Nandra Mine,IND,mineral-extraction,bauxite-mining,23.185476,69.210584,trace_69.210584_23.185476,owner,Shri Arunkumar Solanki,100001012627.0,100.0,Shri Arunkumar Solanki,100001012627,100,bauxite_reserves,2022-01-01 00:00:00,2022-12-31 00:00:00,2023-11-29 22:49:35.191565,,,{7061}
25487627,Padasali Mine,IND,mineral-extraction,bauxite-mining,16.448783,73.940844,trace_73.940844_16.448783,owner,Hindalco Industries,100000120560.0,100.0,Hindalco Industries,100000120560,100,bauxite_reserves,2022-01-01 00:00:00,2022-12-31 00:00:00,2023-11-29 22:49:35.191598,,,"{6988,7061}"
25487628,Pakhar Mine,IND,mineral-extraction,bauxite-mining,23.542595,84.607923,trace_84.607923_23.542595,owner,Hindalco Industries,100000120560.0,100.0,Hindalco Industries,100000120560,100,bauxite_reserves,2022-01-01 00:00:00,2022-12-31 00:00:00,2023-11-29 22:49:35.191626,,,"{6988,7061}"
25487629,Panchpatmalli Mine,IND,mineral-extraction,bauxite-mining,18.86149,83.02233,trace_83.02233_18.86149,owner,National Aluminum Company,100001012628.0,100.0,National Aluminum Company,100001012628,100,bauxite_reserves,2022-01-01 00:00:00,2022-12-31 00:00:00,2023-11-29 22:49:35.191654,,,{7061}
25487631,Putka Mine,IND,mineral-extraction,bauxite-mining,22.556114,82.762012,trace_82.762012_22.556114,owner,Shri Jyoti Pramanik,100001012629.0,100.0,Shri Jyoti Pramanik,100001012629,100,bauxite_reserves,2022-01-01 00:00:00,2022-12-31 00:00:00,2023-11-29 22:49:35.191679,,,{7061}
25487632,Quitol Mine,IND,mineral-extraction,bauxite-mining,15.12697,73.96349,trace_73.96349_15.12697,owner,Bhumipurusha Minerals,100001012630.0,100.0,Bhumipurusha Minerals,100001012630,100,bauxite_reserves,2022-01-01 00:00:00,2022-12-31 00:00:00,2023-11-29 22:49:35.191706,,,"{7061,34400}"
25487634,Roha-Kotda Mine,IND,mineral-extraction,bauxite-mining,23.163192,69.226171,trace_69.226171_23.163192,owner,Shri Arunkumar Solanki,100001012627.0,100.0,Shri Arunkumar Solanki,100001012627,100,bauxite_reserves,2022-01-01 00:00:00,2022-12-31 00:00:00,2023-11-29 22:49:35.191754,,,{7061}
25487635,Rowale Mine,IND,mineral-extraction,bauxite-mining,17.911396,73.102127,trace_73.102127_17.911396,owner,Ashapura Minechem,100001012631.0,100.0,Ashapura Minechem,100001012631,100,bauxite_reserves,2022-01-01 00:00:00,2022-12-31 00:00:00,2023-11-29 22:49:35.191777,,,{7061}
25487636,Sakhari Mine,IND,mineral-extraction,bauxite-mining,17.942982,73.054584,trace_73.054584_17.942982,owner,Ashapura Minechem,100001012631.0,100.0,Ashapura Minechem,100001012631,100,bauxite_reserves,2022-01-01 00:00:00,2022-12-31 00:00:00,2023-11-29 22:49:35.191804,,,{7061}
25487637,Serangdag Mine,IND,mineral-extraction,bauxite-mining,23.382926,84.470661,trace_84.470661_23.382926,owner,Indian Aluminium,100001012632.0,100.0,Indian Aluminium,100001012632,100,bauxite_reserves,2022-01-01 00:00:00,2022-12-31 00:00:00,2023-11-29 22:49:35.191832,,,{7061}
25487638,Shivram Mine,IND,mineral-extraction,bauxite-mining,16.833291,73.903629,trace_73.903629_16.833291,owner,Shivram Minerals,100001012633.0,100.0,Shivram Minerals,100001012633,100,bauxite_reserves,2022-01-01 00:00:00,2022-12-31 00:00:00,2023-11-29 22:49:35.191855,,,{7061}
25487639,Udgiri Mine,IND,mineral-extraction,bauxite-mining,17.090932,73.831758,trace_73.831758_17.090932,owner,RM Mohite,100001012634.0,100.0,RM Mohite,100001012634,100,bauxite_reserves,2022-01-01 00:00:00,2022-12-31 00:00:00,2023-11-29 22:49:35.19188,,,{7061}
25487640,Umbarshet Mine,IND,mineral-extraction,bauxite-mining,17.920452,73.087825,trace_73.087825_17.920452,owner,Chetan N Shah,100001012635.0,100.0,Chetan N Shah,100001012635,100,bauxite_reserves,2022-01-01 00:00:00,2022-12-31 00:00:00,2023-11-29 22:49:35.191906,,,{7061}
25487642,Yelwan Jugai Mine,IND,mineral-extraction,bauxite-mining,16.85718,73.823926,trace_73.823926_16.85718,owner,Shri Warana Minerals,100001012636.0,100.0,Shri Warana Minerals,100001012636,100,bauxite_reserves,2022-01-01 00:00:00,2022-12-31 00:00:00,2023-11-29 22:49:35.191929,,,{7061}
