source_id,source_name,iso3_country,sector,subsector,lat,lon,geometry_ref,relationship,ultimate_parent_name,ultimate_parent_id,percent_interest_parent,company_name,company_id,percent_interest_company,interest_units,start_date,end_date,created_date,modified_date,percent_company_datasource,percent_parent_datasource
25486704,Banwas Mine,IND,mineral-extraction,copper-mining,28.087282,75.822363,trace_75.822363_28.087282,owner,Hindustan Copper,100001012753,100,Hindustan Copper,100001012753,100,copper-ore_reserves,2022-01-01 00:00:00,2022-12-31 00:00:00,2023-11-29 22:49:35.278319,,,{7061}
25486705,Kendadih Mine,IND,mineral-extraction,copper-mining,22.590163,86.418679,trace_86.418679_22.590163,owner,Hindustan Copper,100001012753,100,Hindustan Copper,100001012753,100,copper-ore_reserves,2022-01-01 00:00:00,2022-12-31 00:00:00,2023-11-29 22:49:35.27835,,,{7061}
25486706,Khetri Mine,IND,mineral-extraction,copper-mining,28.073558,75.811785,trace_75.811785_28.073558,owner,Hindustan Copper,100001012753,100,Hindustan Copper,100001012753,100,copper-ore_reserves,2022-01-01 00:00:00,2022-12-31 00:00:00,2023-11-29 22:49:35.278371,,,{7061}
25486707,Kolihan Mine,IND,mineral-extraction,copper-mining,28.014903,75.77574,trace_75.77574_28.014903,owner,Hindustan Copper,100001012753,100,Hindustan Copper,100001012753,100,copper-ore_reserves,2022-01-01 00:00:00,2022-12-31 00:00:00,2023-11-29 22:49:35.278392,,,{7061}
25486708,Malanjkhand Mine,IND,mineral-extraction,copper-mining,22.022125,80.715666,trace_80.715666_22.022125,owner,Hindustan Copper,100001012753,100,Hindustan Copper,100001012753,100,copper-ore_reserves,2022-01-01 00:00:00,2022-12-31 00:00:00,2023-11-29 22:49:35.278412,,,{7061}
