iso3_country,sector,subsector,start_time,end_time,gas,emissions_quantity,emissions_quantity_units,temporal_granularity,created_date,modified_date
IND,mineral-extraction,copper-mining,2015-01-01 00:00:00,2015-12-31 00:00:00,ch4,,tonnes,annual,2023-10-03 21:10:31.465627,
IND,mineral-extraction,copper-mining,2015-01-01 00:00:00,2015-12-31 00:00:00,co2,186648.0,tonnes,annual,2023-10-03 21:10:31.465609,2023-11-02 13:53:02.513837
IND,mineral-extraction,copper-mining,2015-01-01 00:00:00,2015-12-31 00:00:00,co2e_100yr,186648.0,tonnes,annual,2023-10-03 21:10:31.465645,2023-11-02 13:53:02.513837
IND,mineral-extraction,copper-mining,2015-01-01 00:00:00,2015-12-31 00:00:00,co2e_20yr,186648.0,tonnes,annual,2023-10-03 21:10:31.465653,2023-11-02 13:53:02.513837
IND,mineral-extraction,copper-mining,2015-01-01 00:00:00,2015-12-31 00:00:00,n2o,,tonnes,annual,2023-10-03 21:10:31.465636,
IND,mineral-extraction,copper-mining,2016-01-01 00:00:00,2016-12-31 00:00:00,ch4,,tonnes,annual,2023-10-03 21:10:31.466187,
IND,mineral-extraction,copper-mining,2016-01-01 00:00:00,2016-12-31 00:00:00,co2,184775.0,tonnes,annual,2023-10-03 21:10:31.466174,2023-11-02 13:53:02.513837
IND,mineral-extraction,copper-mining,2016-01-01 00:00:00,2016-12-31 00:00:00,co2e_100yr,184775.0,tonnes,annual,2023-10-03 21:10:31.466205,2023-11-02 13:53:02.513837
IND,mineral-extraction,copper-mining,2016-01-01 00:00:00,2016-12-31 00:00:00,co2e_20yr,184775.0,tonnes,annual,2023-10-03 21:10:31.466212,2023-11-02 13:53:02.513837
IND,mineral-extraction,copper-mining,2016-01-01 00:00:00,2016-12-31 00:00:00,n2o,,tonnes,annual,2023-10-03 21:10:31.466196,
IND,mineral-extraction,copper-mining,2017-01-01 00:00:00,2017-12-31 00:00:00,ch4,,tonnes,annual,2023-10-03 21:10:31.466747,
IND,mineral-extraction,copper-mining,2017-01-01 00:00:00,2017-12-31 00:00:00,co2,189145.0,tonnes,annual,2023-10-03 21:10:31.466734,2023-11-02 13:53:02.513837
IND,mineral-extraction,copper-mining,2017-01-01 00:00:00,2017-12-31 00:00:00,co2e_100yr,189145.0,tonnes,annual,2023-10-03 21:10:31.466767,2023-11-02 13:53:02.513837
IND,mineral-extraction,copper-mining,2017-01-01 00:00:00,2017-12-31 00:00:00,co2e_20yr,189145.0,tonnes,annual,2023-10-03 21:10:31.466775,2023-11-02 13:53:02.513837
IND,mineral-extraction,copper-mining,2017-01-01 00:00:00,2017-12-31 00:00:00,n2o,,tonnes,annual,2023-10-03 21:10:31.466758,
IND,mineral-extraction,copper-mining,2018-01-01 00:00:00,2018-12-31 00:00:00,ch4,,tonnes,annual,2023-10-03 21:10:31.467322,
IND,mineral-extraction,copper-mining,2018-01-01 00:00:00,2018-12-31 00:00:00,co2,220357.0,tonnes,annual,2023-10-03 21:10:31.467308,2023-11-02 13:53:02.513837
IND,mineral-extraction,copper-mining,2018-01-01 00:00:00,2018-12-31 00:00:00,co2e_100yr,220357.0,tonnes,annual,2023-10-03 21:10:31.467339,2023-11-02 13:53:02.513837
IND,mineral-extraction,copper-mining,2018-01-01 00:00:00,2018-12-31 00:00:00,co2e_20yr,220357.0,tonnes,annual,2023-10-03 21:10:31.467358,2023-11-02 13:53:02.513837
IND,mineral-extraction,copper-mining,2018-01-01 00:00:00,2018-12-31 00:00:00,n2o,,tonnes,annual,2023-10-03 21:10:31.467331,
IND,mineral-extraction,copper-mining,2019-01-01 00:00:00,2019-12-31 00:00:00,ch4,,tonnes,annual,2023-10-03 21:10:31.467968,
IND,mineral-extraction,copper-mining,2019-01-01 00:00:00,2019-12-31 00:00:00,co2,182278.0,tonnes,annual,2023-10-03 21:10:31.467955,2023-11-02 13:53:02.513837
IND,mineral-extraction,copper-mining,2019-01-01 00:00:00,2019-12-31 00:00:00,co2e_100yr,182278.0,tonnes,annual,2023-10-03 21:10:31.467986,2023-11-02 13:53:02.513837
IND,mineral-extraction,copper-mining,2019-01-01 00:00:00,2019-12-31 00:00:00,co2e_20yr,182278.0,tonnes,annual,2023-10-03 21:10:31.467993,2023-11-02 13:53:02.513837
IND,mineral-extraction,copper-mining,2019-01-01 00:00:00,2019-12-31 00:00:00,n2o,,tonnes,annual,2023-10-03 21:10:31.467977,
IND,mineral-extraction,copper-mining,2020-01-01 00:00:00,2020-12-31 00:00:00,ch4,,tonnes,annual,2023-10-03 21:10:31.468524,
IND,mineral-extraction,copper-mining,2020-01-01 00:00:00,2020-12-31 00:00:00,co2,34863.0,tonnes,annual,2023-10-03 21:10:31.46851,2023-10-30 14:42:57.811773
IND,mineral-extraction,copper-mining,2020-01-01 00:00:00,2020-12-31 00:00:00,co2e_100yr,34863.0,tonnes,annual,2023-10-03 21:10:31.468542,2023-10-30 14:42:57.811773
IND,mineral-extraction,copper-mining,2020-01-01 00:00:00,2020-12-31 00:00:00,co2e_20yr,34863.0,tonnes,annual,2023-10-03 21:10:31.468549,2023-10-30 14:42:57.811773
IND,mineral-extraction,copper-mining,2020-01-01 00:00:00,2020-12-31 00:00:00,n2o,,tonnes,annual,2023-10-03 21:10:31.468533,
IND,mineral-extraction,copper-mining,2021-01-01 00:00:00,2021-12-31 00:00:00,ch4,,tonnes,annual,2023-10-03 21:10:31.469169,
IND,mineral-extraction,copper-mining,2021-01-01 00:00:00,2021-12-31 00:00:00,co2,95132.0,tonnes,annual,2023-10-03 21:10:31.469156,2023-10-30 14:42:57.811773
IND,mineral-extraction,copper-mining,2021-01-01 00:00:00,2021-12-31 00:00:00,co2e_100yr,95132.0,tonnes,annual,2023-10-03 21:10:31.469188,2023-10-30 14:42:57.811773
IND,mineral-extraction,copper-mining,2021-01-01 00:00:00,2021-12-31 00:00:00,co2e_20yr,95132.0,tonnes,annual,2023-10-03 21:10:31.469196,2023-10-30 14:42:57.811773
IND,mineral-extraction,copper-mining,2021-01-01 00:00:00,2021-12-31 00:00:00,n2o,,tonnes,annual,2023-10-03 21:10:31.46918,
IND,mineral-extraction,copper-mining,2022-01-01 00:00:00,2022-12-31 00:00:00,ch4,,tonnes,annual,2023-10-03 21:10:31.469798,
IND,mineral-extraction,copper-mining,2022-01-01 00:00:00,2022-12-31 00:00:00,co2,54426.0,tonnes,annual,2023-10-03 21:10:31.469784,
IND,mineral-extraction,copper-mining,2022-01-01 00:00:00,2022-12-31 00:00:00,co2e_100yr,54426.0,tonnes,annual,2023-10-03 21:10:31.469816,
IND,mineral-extraction,copper-mining,2022-01-01 00:00:00,2022-12-31 00:00:00,co2e_20yr,54426.0,tonnes,annual,2023-10-03 21:10:31.469826,
IND,mineral-extraction,copper-mining,2022-01-01 00:00:00,2022-12-31 00:00:00,n2o,,tonnes,annual,2023-10-03 21:10:31.469808,
