source_id,source_name,source_type,iso3_country,sector,subsector,start_time,end_time,lat,lon,geometry_ref,gas,emissions_quantity,temporal_granularity,activity,activity_units,emissions_factor,emissions_factor_units,capacity,capacity_units,capacity_factor,other1,other1_def,other2,other2_def,other3,other3_def,other4,other4_def,other5,other5_def,other6,other6_def,other7,other7_def,other8,other8_def,other9,other9_def,other10,other10_def,created_date,modified_date
25486704,Banwas Mine,copper-mine,IND,mineral-extraction,copper-mining,2020-01-01 00:00:00,2020-12-31 00:00:00,28.087282,75.822363,trace_75.822363_28.087282,ch4,,annual,108348,T of copper,,,,,,,,,,,,,,,,,,,,,,,,,,2023-11-01 00:00:00,2023-11-02 17:00:00
25486704,Banwas Mine,copper-mine,IND,mineral-extraction,copper-mining,2020-01-01 00:00:00,2020-12-31 00:00:00,28.087282,75.822363,trace_75.822363_28.087282,co2,3565.0,annual,108348,T of copper,0.0329,T of CO2 per T of copper extracted,,,,,,,,,,,,,,,,,,,,,,,,2023-11-01 00:00:00,2023-11-02 17:00:00
25486704,Banwas Mine,copper-mine,IND,mineral-extraction,copper-mining,2020-01-01 00:00:00,2020-12-31 00:00:00,28.087282,75.822363,trace_75.822363_28.087282,co2e_100yr,3565.0,annual,108348,T of copper,,,,,,,,,,,,,,,,,,,,,,,,,,2023-11-01 00:00:00,2023-11-02 17:00:00
25486704,Banwas Mine,copper-mine,IND,mineral-extraction,copper-mining,2020-01-01 00:00:00,2020-12-31 00:00:00,28.087282,75.822363,trace_75.822363_28.087282,co2e_20yr,3565.0,annual,108348,T of copper,,,,,,,,,,,,,,,,,,,,,,,,,,2023-11-01 00:00:00,2023-11-02 17:00:00
25486704,Banwas Mine,copper-mine,IND,mineral-extraction,copper-mining,2020-01-01 00:00:00,2020-12-31 00:00:00,28.087282,75.822363,trace_75.822363_28.087282,n2o,,annual,108348,T of copper,,,,,,,,,,,,,,,,,,,,,,,,,,2023-11-01 00:00:00,2023-11-02 17:00:00
25486704,Banwas Mine,copper-mine,IND,mineral-extraction,copper-mining,2021-01-01 00:00:00,2021-12-31 00:00:00,28.087282,75.822363,trace_75.822363_28.087282,ch4,,annual,82868,T of copper,,,,,,,,,,,,,,,,,,,,,,,,,,2023-11-01 00:00:00,2023-11-02 17:00:00
25486704,Banwas Mine,copper-mine,IND,mineral-extraction,copper-mining,2021-01-01 00:00:00,2021-12-31 00:00:00,28.087282,75.822363,trace_75.822363_28.087282,co2,3025.0,annual,82868,T of copper,0.0365,T of CO2 per T of copper extracted,,,,,,,,,,,,,,,,,,,,,,,,2023-11-01 00:00:00,2023-11-02 17:00:00
25486704,Banwas Mine,copper-mine,IND,mineral-extraction,copper-mining,2021-01-01 00:00:00,2021-12-31 00:00:00,28.087282,75.822363,trace_75.822363_28.087282,co2e_100yr,3025.0,annual,82868,T of copper,,,,,,,,,,,,,,,,,,,,,,,,,,2023-11-01 00:00:00,2023-11-02 17:00:00
25486704,Banwas Mine,copper-mine,IND,mineral-extraction,copper-mining,2021-01-01 00:00:00,2021-12-31 00:00:00,28.087282,75.822363,trace_75.822363_28.087282,co2e_20yr,3025.0,annual,82868,T of copper,,,,,,,,,,,,,,,,,,,,,,,,,,2023-11-01 00:00:00,2023-11-02 17:00:00
25486704,Banwas Mine,copper-mine,IND,mineral-extraction,copper-mining,2021-01-01 00:00:00,2021-12-31 00:00:00,28.087282,75.822363,trace_75.822363_28.087282,n2o,,annual,82868,T of copper,,,,,,,,,,,,,,,,,,,,,,,,,,2023-11-01 00:00:00,2023-11-02 17:00:00
25486704,Banwas Mine,copper-mine,IND,mineral-extraction,copper-mining,2022-01-01 00:00:00,2022-12-31 00:00:00,28.087282,75.822363,trace_75.822363_28.087282,ch4,,annual,109096,T of copper,,,,,,,,,,,,,,,,,,,,,,,,,,2023-11-01 00:00:00,2023-11-02 17:00:00
25486704,Banwas Mine,copper-mine,IND,mineral-extraction,copper-mining,2022-01-01 00:00:00,2022-12-31 00:00:00,28.087282,75.822363,trace_75.822363_28.087282,co2,2455.0,annual,109096,T of copper,0.0225,T of CO2 per T of copper extracted,,,,,,,,,,,,,,,,,,,,,,,,2023-11-01 00:00:00,2023-11-02 17:00:00
25486704,Banwas Mine,copper-mine,IND,mineral-extraction,copper-mining,2022-01-01 00:00:00,2022-12-31 00:00:00,28.087282,75.822363,trace_75.822363_28.087282,co2e_100yr,2455.0,annual,109096,T of copper,,,,,,,,,,,,,,,,,,,,,,,,,,2023-11-01 00:00:00,2023-11-02 17:00:00
25486704,Banwas Mine,copper-mine,IND,mineral-extraction,copper-mining,2022-01-01 00:00:00,2022-12-31 00:00:00,28.087282,75.822363,trace_75.822363_28.087282,co2e_20yr,2455.0,annual,109096,T of copper,,,,,,,,,,,,,,,,,,,,,,,,,,2023-11-01 00:00:00,2023-11-02 17:00:00
25486704,Banwas Mine,copper-mine,IND,mineral-extraction,copper-mining,2022-01-01 00:00:00,2022-12-31 00:00:00,28.087282,75.822363,trace_75.822363_28.087282,n2o,,annual,109096,T of copper,,,,,,,,,,,,,,,,,,,,,,,,,,2023-11-01 00:00:00,2023-11-02 17:00:00
25486705,Kendadih Mine,copper-mine,IND,mineral-extraction,copper-mining,2020-01-01 00:00:00,2020-12-31 00:00:00,22.590163,86.418679,trace_86.418679_22.590163,ch4,,annual,16222,T of copper,,,,,,,,,,,,,,,,,,,,,,,,,,2023-11-01 00:00:00,2023-11-02 17:00:00
25486705,Kendadih Mine,copper-mine,IND,mineral-extraction,copper-mining,2020-01-01 00:00:00,2020-12-31 00:00:00,22.590163,86.418679,trace_86.418679_22.590163,co2,534.0,annual,16222,T of copper,0.0329,T of CO2 per T of copper extracted,,,,,,,,,,,,,,,,,,,,,,,,2023-11-01 00:00:00,2023-11-02 17:00:00
25486705,Kendadih Mine,copper-mine,IND,mineral-extraction,copper-mining,2020-01-01 00:00:00,2020-12-31 00:00:00,22.590163,86.418679,trace_86.418679_22.590163,co2e_100yr,534.0,annual,16222,T of copper,,,,,,,,,,,,,,,,,,,,,,,,,,2023-11-01 00:00:00,2023-11-02 17:00:00
25486705,Kendadih Mine,copper-mine,IND,mineral-extraction,copper-mining,2020-01-01 00:00:00,2020-12-31 00:00:00,22.590163,86.418679,trace_86.418679_22.590163,co2e_20yr,534.0,annual,16222,T of copper,,,,,,,,,,,,,,,,,,,,,,,,,,2023-11-01 00:00:00,2023-11-02 17:00:00
25486705,Kendadih Mine,copper-mine,IND,mineral-extraction,copper-mining,2020-01-01 00:00:00,2020-12-31 00:00:00,22.590163,86.418679,trace_86.418679_22.590163,n2o,,annual,16222,T of copper,,,,,,,,,,,,,,,,,,,,,,,,,,2023-11-01 00:00:00,2023-11-02 17:00:00
25486705,Kendadih Mine,copper-mine,IND,mineral-extraction,copper-mining,2021-01-01 00:00:00,2021-12-31 00:00:00,22.590163,86.418679,trace_86.418679_22.590163,ch4,,annual,16222,T of copper,,,,,,,,,,,,,,,,,,,,,,,,,,2023-11-01 00:00:00,2023-11-02 17:00:00
25486705,Kendadih Mine,copper-mine,IND,mineral-extraction,copper-mining,2021-01-01 00:00:00,2021-12-31 00:00:00,22.590163,86.418679,trace_86.418679_22.590163,co2,592.0,annual,16222,T of copper,0.0365,T of CO2 per T of copper extracted,,,,,,,,,,,,,,,,,,,,,,,,2023-11-01 00:00:00,2023-11-02 17:00:00
25486705,Kendadih Mine,copper-mine,IND,mineral-extraction,copper-mining,2021-01-01 00:00:00,2021-12-31 00:00:00,22.590163,86.418679,trace_86.418679_22.590163,co2e_100yr,592.0,annual,16222,T of copper,,,,,,,,,,,,,,,,,,,,,,,,,,2023-11-01 00:00:00,2023-11-02 17:00:00
25486705,Kendadih Mine,copper-mine,IND,mineral-extraction,copper-mining,2021-01-01 00:00:00,2021-12-31 00:00:00,22.590163,86.418679,trace_86.418679_22.590163,co2e_20yr,592.0,annual,16222,T of copper,,,,,,,,,,,,,,,,,,,,,,,,,,2023-11-01 00:00:00,2023-11-02 17:00:00
25486705,Kendadih Mine,copper-mine,IND,mineral-extraction,copper-mining,2021-01-01 00:00:00,2021-12-31 00:00:00,22.590163,86.418679,trace_86.418679_22.590163,n2o,,annual,16222,T of copper,,,,,,,,,,,,,,,,,,,,,,,,,,2023-11-01 00:00:00,2023-11-02 17:00:00
25486705,Kendadih Mine,copper-mine,IND,mineral-extraction,copper-mining,2022-01-01 00:00:00,2022-12-31 00:00:00,22.590163,86.418679,trace_86.418679_22.590163,ch4,,annual,16222,T of copper,,,,,,,,,,,,,,,,,,,,,,,,,,2023-11-01 00:00:00,2023-11-02 17:00:00
25486705,Kendadih Mine,copper-mine,IND,mineral-extraction,copper-mining,2022-01-01 00:00:00,2022-12-31 00:00:00,22.590163,86.418679,trace_86.418679_22.590163,co2,365.0,annual,16222,T of copper,0.0225,T of CO2 per T of copper extracted,,,,,,,,,,,,,,,,,,,,,,,,2023-11-01 00:00:00,2023-11-02 17:00:00
25486705,Kendadih Mine,copper-mine,IND,mineral-extraction,copper-mining,2022-01-01 00:00:00,2022-12-31 00:00:00,22.590163,86.418679,trace_86.418679_22.590163,co2e_100yr,365.0,annual,16222,T of copper,,,,,,,,,,,,,,,,,,,,,,,,,,2023-11-01 00:00:00,2023-11-02 17:00:00
25486705,Kendadih Mine,copper-mine,IND,mineral-extraction,copper-mining,2022-01-01 00:00:00,2022-12-31 00:00:00,22.590163,86.418679,trace_86.418679_22.590163,co2e_20yr,365.0,annual,16222,T of copper,,,,,,,,,,,,,,,,,,,,,,,,,,2023-11-01 00:00:00,2023-11-02 17:00:00
25486705,Kendadih Mine,copper-mine,IND,mineral-extraction,copper-mining,2022-01-01 00:00:00,2022-12-31 00:00:00,22.590163,86.418679,trace_86.418679_22.590163,n2o,,annual,16222,T of copper,,,,,,,,,,,,,,,,,,,,,,,,,,2023-11-01 00:00:00,2023-11-02 17:00:00
25486706,Khetri Mine,copper-mine,IND,mineral-extraction,copper-mining,2020-01-01 00:00:00,2020-12-31 00:00:00,28.073558,75.811785,trace_75.811785_28.073558,ch4,,annual,244334,T of copper,,,,,,,,,,,,,,,,,,,,,,,,,,2023-11-01 00:00:00,2023-11-02 17:00:00
25486706,Khetri Mine,copper-mine,IND,mineral-extraction,copper-mining,2020-01-01 00:00:00,2020-12-31 00:00:00,28.073558,75.811785,trace_75.811785_28.073558,co2,8039.0,annual,244334,T of copper,0.0329,T of CO2 per T of copper extracted,,,,,,,,,,,,,,,,,,,,,,,,2023-11-01 00:00:00,2023-11-02 17:00:00
25486706,Khetri Mine,copper-mine,IND,mineral-extraction,copper-mining,2020-01-01 00:00:00,2020-12-31 00:00:00,28.073558,75.811785,trace_75.811785_28.073558,co2e_100yr,8039.0,annual,244334,T of copper,,,,,,,,,,,,,,,,,,,,,,,,,,2023-11-01 00:00:00,2023-11-02 17:00:00
25486706,Khetri Mine,copper-mine,IND,mineral-extraction,copper-mining,2020-01-01 00:00:00,2020-12-31 00:00:00,28.073558,75.811785,trace_75.811785_28.073558,co2e_20yr,8039.0,annual,244334,T of copper,,,,,,,,,,,,,,,,,,,,,,,,,,2023-11-01 00:00:00,2023-11-02 17:00:00
25486706,Khetri Mine,copper-mine,IND,mineral-extraction,copper-mining,2020-01-01 00:00:00,2020-12-31 00:00:00,28.073558,75.811785,trace_75.811785_28.073558,n2o,,annual,244334,T of copper,,,,,,,,,,,,,,,,,,,,,,,,,,2023-11-01 00:00:00,2023-11-02 17:00:00
25486706,Khetri Mine,copper-mine,IND,mineral-extraction,copper-mining,2021-01-01 00:00:00,2021-12-31 00:00:00,28.073558,75.811785,trace_75.811785_28.073558,ch4,,annual,375817,T of copper,,,,,,,,,,,,,,,,,,,,,,,,,,2023-11-01 00:00:00,2023-11-02 17:00:00
25486706,Khetri Mine,copper-mine,IND,mineral-extraction,copper-mining,2021-01-01 00:00:00,2021-12-31 00:00:00,28.073558,75.811785,trace_75.811785_28.073558,co2,13717.0,annual,375817,T of copper,0.0365,T of CO2 per T of copper extracted,,,,,,,,,,,,,,,,,,,,,,,,2023-11-01 00:00:00,2023-11-02 17:00:00
25486706,Khetri Mine,copper-mine,IND,mineral-extraction,copper-mining,2021-01-01 00:00:00,2021-12-31 00:00:00,28.073558,75.811785,trace_75.811785_28.073558,co2e_100yr,13717.0,annual,375817,T of copper,,,,,,,,,,,,,,,,,,,,,,,,,,2023-11-01 00:00:00,2023-11-02 17:00:00
25486706,Khetri Mine,copper-mine,IND,mineral-extraction,copper-mining,2021-01-01 00:00:00,2021-12-31 00:00:00,28.073558,75.811785,trace_75.811785_28.073558,co2e_20yr,13717.0,annual,375817,T of copper,,,,,,,,,,,,,,,,,,,,,,,,,,2023-11-01 00:00:00,2023-11-02 17:00:00
25486706,Khetri Mine,copper-mine,IND,mineral-extraction,copper-mining,2021-01-01 00:00:00,2021-12-31 00:00:00,28.073558,75.811785,trace_75.811785_28.073558,n2o,,annual,375817,T of copper,,,,,,,,,,,,,,,,,,,,,,,,,,2023-11-01 00:00:00,2023-11-02 17:00:00
25486706,Khetri Mine,copper-mine,IND,mineral-extraction,copper-mining,2022-01-01 00:00:00,2022-12-31 00:00:00,28.073558,75.811785,trace_75.811785_28.073558,ch4,,annual,333300,T of copper,,,,,,,,,,,,,,,,,,,,,,,,,,2023-11-01 00:00:00,2023-11-02 17:00:00
25486706,Khetri Mine,copper-mine,IND,mineral-extraction,copper-mining,2022-01-01 00:00:00,2022-12-31 00:00:00,28.073558,75.811785,trace_75.811785_28.073558,co2,7499.0,annual,333300,T of copper,0.0225,T of CO2 per T of copper extracted,,,,,,,,,,,,,,,,,,,,,,,,2023-11-01 00:00:00,2023-11-02 17:00:00
25486706,Khetri Mine,copper-mine,IND,mineral-extraction,copper-mining,2022-01-01 00:00:00,2022-12-31 00:00:00,28.073558,75.811785,trace_75.811785_28.073558,co2e_100yr,7499.0,annual,333300,T of copper,,,,,,,,,,,,,,,,,,,,,,,,,,2023-11-01 00:00:00,2023-11-02 17:00:00
25486706,Khetri Mine,copper-mine,IND,mineral-extraction,copper-mining,2022-01-01 00:00:00,2022-12-31 00:00:00,28.073558,75.811785,trace_75.811785_28.073558,co2e_20yr,7499.0,annual,333300,T of copper,,,,,,,,,,,,,,,,,,,,,,,,,,2023-11-01 00:00:00,2023-11-02 17:00:00
25486706,Khetri Mine,copper-mine,IND,mineral-extraction,copper-mining,2022-01-01 00:00:00,2022-12-31 00:00:00,28.073558,75.811785,trace_75.811785_28.073558,n2o,,annual,333300,T of copper,,,,,,,,,,,,,,,,,,,,,,,,,,2023-11-01 00:00:00,2023-11-02 17:00:00
25486707,Kolihan Mine,copper-mine,IND,mineral-extraction,copper-mining,2020-01-01 00:00:00,2020-12-31 00:00:00,28.014903,75.77574,trace_75.77574_28.014903,ch4,,annual,86524,T of copper,,,,,,,,,,,,,,,,,,,,,,,,,,2023-11-01 00:00:00,2023-11-02 17:00:00
25486707,Kolihan Mine,copper-mine,IND,mineral-extraction,copper-mining,2020-01-01 00:00:00,2020-12-31 00:00:00,28.014903,75.77574,trace_75.77574_28.014903,co2,2847.0,annual,86524,T of copper,0.0329,T of CO2 per T of copper extracted,,,,,,,,,,,,,,,,,,,,,,,,2023-11-01 00:00:00,2023-11-02 17:00:00
25486707,Kolihan Mine,copper-mine,IND,mineral-extraction,copper-mining,2020-01-01 00:00:00,2020-12-31 00:00:00,28.014903,75.77574,trace_75.77574_28.014903,co2e_100yr,2847.0,annual,86524,T of copper,,,,,,,,,,,,,,,,,,,,,,,,,,2023-11-01 00:00:00,2023-11-02 17:00:00
25486707,Kolihan Mine,copper-mine,IND,mineral-extraction,copper-mining,2020-01-01 00:00:00,2020-12-31 00:00:00,28.014903,75.77574,trace_75.77574_28.014903,co2e_20yr,2847.0,annual,86524,T of copper,,,,,,,,,,,,,,,,,,,,,,,,,,2023-11-01 00:00:00,2023-11-02 17:00:00
25486707,Kolihan Mine,copper-mine,IND,mineral-extraction,copper-mining,2020-01-01 00:00:00,2020-12-31 00:00:00,28.014903,75.77574,trace_75.77574_28.014903,n2o,,annual,86524,T of copper,,,,,,,,,,,,,,,,,,,,,,,,,,2023-11-01 00:00:00,2023-11-02 17:00:00
25486707,Kolihan Mine,copper-mine,IND,mineral-extraction,copper-mining,2021-01-01 00:00:00,2021-12-31 00:00:00,28.014903,75.77574,trace_75.77574_28.014903,ch4,,annual,375817,T of copper,,,,,,,,,,,,,,,,,,,,,,,,,,2023-11-01 00:00:00,2023-11-02 17:00:00
25486707,Kolihan Mine,copper-mine,IND,mineral-extraction,copper-mining,2021-01-01 00:00:00,2021-12-31 00:00:00,28.014903,75.77574,trace_75.77574_28.014903,co2,13717.0,annual,375817,T of copper,0.0365,T of CO2 per T of copper extracted,,,,,,,,,,,,,,,,,,,,,,,,2023-11-01 00:00:00,2023-11-02 17:00:00
25486707,Kolihan Mine,copper-mine,IND,mineral-extraction,copper-mining,2021-01-01 00:00:00,2021-12-31 00:00:00,28.014903,75.77574,trace_75.77574_28.014903,co2e_100yr,13717.0,annual,375817,T of copper,,,,,,,,,,,,,,,,,,,,,,,,,,2023-11-01 00:00:00,2023-11-02 17:00:00
25486707,Kolihan Mine,copper-mine,IND,mineral-extraction,copper-mining,2021-01-01 00:00:00,2021-12-31 00:00:00,28.014903,75.77574,trace_75.77574_28.014903,co2e_20yr,13717.0,annual,375817,T of copper,,,,,,,,,,,,,,,,,,,,,,,,,,2023-11-01 00:00:00,2023-11-02 17:00:00
25486707,Kolihan Mine,copper-mine,IND,mineral-extraction,copper-mining,2021-01-01 00:00:00,2021-12-31 00:00:00,28.014903,75.77574,trace_75.77574_28.014903,n2o,,annual,375817,T of copper,,,,,,,,,,,,,,,,,,,,,,,,,,2023-11-01 00:00:00,2023-11-02 17:00:00
25486707,Kolihan Mine,copper-mine,IND,mineral-extraction,copper-mining,2022-01-01 00:00:00,2022-12-31 00:00:00,28.014903,75.77574,trace_75.77574_28.014903,ch4,,annual,304093,T of copper,,,,,,,,,,,,,,,,,,,,,,,,,,2023-11-01 00:00:00,2023-11-02 17:00:00
25486707,Kolihan Mine,copper-mine,IND,mineral-extraction,copper-mining,2022-01-01 00:00:00,2022-12-31 00:00:00,28.014903,75.77574,trace_75.77574_28.014903,co2,6842.0,annual,304093,T of copper,0.0225,T of CO2 per T of copper extracted,,,,,,,,,,,,,,,,,,,,,,,,2023-11-01 00:00:00,2023-11-02 17:00:00
25486707,Kolihan Mine,copper-mine,IND,mineral-extraction,copper-mining,2022-01-01 00:00:00,2022-12-31 00:00:00,28.014903,75.77574,trace_75.77574_28.014903,co2e_100yr,6842.0,annual,304093,T of copper,,,,,,,,,,,,,,,,,,,,,,,,,,2023-11-01 00:00:00,2023-11-02 17:00:00
25486707,Kolihan Mine,copper-mine,IND,mineral-extraction,copper-mining,2022-01-01 00:00:00,2022-12-31 00:00:00,28.014903,75.77574,trace_75.77574_28.014903,co2e_20yr,6842.0,annual,304093,T of copper,,,,,,,,,,,,,,,,,,,,,,,,,,2023-11-01 00:00:00,2023-11-02 17:00:00
25486707,Kolihan Mine,copper-mine,IND,mineral-extraction,copper-mining,2022-01-01 00:00:00,2022-12-31 00:00:00,28.014903,75.77574,trace_75.77574_28.014903,n2o,,annual,304093,T of copper,,,,,,,,,,,,,,,,,,,,,,,,,,2023-11-01 00:00:00,2023-11-02 17:00:00
25486708,Malanjkhand Mine,copper-mine,IND,mineral-extraction,copper-mining,2020-01-01 00:00:00,2020-12-31 00:00:00,22.022125,80.715666,trace_80.715666_22.022125,ch4,,annual,467125,T of copper,,,,,,,,,,,,,,,,,,,,,,,,,,2023-11-01 00:00:00,2023-11-02 17:00:00
25486708,Malanjkhand Mine,copper-mine,IND,mineral-extraction,copper-mining,2020-01-01 00:00:00,2020-12-31 00:00:00,22.022125,80.715666,trace_80.715666_22.022125,co2,15368.0,annual,467125,T of copper,0.0329,T of CO2 per T of copper extracted,,,,,,,,,,,,,,,,,,,,,,,,2023-11-01 00:00:00,2023-11-02 17:00:00
25486708,Malanjkhand Mine,copper-mine,IND,mineral-extraction,copper-mining,2020-01-01 00:00:00,2020-12-31 00:00:00,22.022125,80.715666,trace_80.715666_22.022125,co2e_100yr,15368.0,annual,467125,T of copper,,,,,,,,,,,,,,,,,,,,,,,,,,2023-11-01 00:00:00,2023-11-02 17:00:00
25486708,Malanjkhand Mine,copper-mine,IND,mineral-extraction,copper-mining,2020-01-01 00:00:00,2020-12-31 00:00:00,22.022125,80.715666,trace_80.715666_22.022125,co2e_20yr,15368.0,annual,467125,T of copper,,,,,,,,,,,,,,,,,,,,,,,,,,2023-11-01 00:00:00,2023-11-02 17:00:00
25486708,Malanjkhand Mine,copper-mine,IND,mineral-extraction,copper-mining,2020-01-01 00:00:00,2020-12-31 00:00:00,22.022125,80.715666,trace_80.715666_22.022125,n2o,,annual,467125,T of copper,,,,,,,,,,,,,,,,,,,,,,,,,,2023-11-01 00:00:00,2023-11-02 17:00:00
25486708,Malanjkhand Mine,copper-mine,IND,mineral-extraction,copper-mining,2021-01-01 00:00:00,2021-12-31 00:00:00,22.022125,80.715666,trace_80.715666_22.022125,ch4,,annual,1618567,T of copper,,,,,,,,,,,,,,,,,,,,,,,,,,2023-11-01 00:00:00,2023-11-02 17:00:00
25486708,Malanjkhand Mine,copper-mine,IND,mineral-extraction,copper-mining,2021-01-01 00:00:00,2021-12-31 00:00:00,22.022125,80.715666,trace_80.715666_22.022125,co2,59078.0,annual,1618567,T of copper,0.0365,T of CO2 per T of copper extracted,,,,,,,,,,,,,,,,,,,,,,,,2023-11-01 00:00:00,2023-11-02 17:00:00
25486708,Malanjkhand Mine,copper-mine,IND,mineral-extraction,copper-mining,2021-01-01 00:00:00,2021-12-31 00:00:00,22.022125,80.715666,trace_80.715666_22.022125,co2e_100yr,59078.0,annual,1618567,T of copper,,,,,,,,,,,,,,,,,,,,,,,,,,2023-11-01 00:00:00,2023-11-02 17:00:00
25486708,Malanjkhand Mine,copper-mine,IND,mineral-extraction,copper-mining,2021-01-01 00:00:00,2021-12-31 00:00:00,22.022125,80.715666,trace_80.715666_22.022125,co2e_20yr,59078.0,annual,1618567,T of copper,,,,,,,,,,,,,,,,,,,,,,,,,,2023-11-01 00:00:00,2023-11-02 17:00:00
25486708,Malanjkhand Mine,copper-mine,IND,mineral-extraction,copper-mining,2021-01-01 00:00:00,2021-12-31 00:00:00,22.022125,80.715666,trace_80.715666_22.022125,n2o,,annual,1618567,T of copper,,,,,,,,,,,,,,,,,,,,,,,,,,2023-11-01 00:00:00,2023-11-02 17:00:00
25486708,Malanjkhand Mine,copper-mine,IND,mineral-extraction,copper-mining,2022-01-01 00:00:00,2022-12-31 00:00:00,22.022125,80.715666,trace_80.715666_22.022125,ch4,,annual,1507581,T of copper,,,,,,,,,,,,,,,,,,,,,,,,,,2023-11-01 00:00:00,2023-11-02 17:00:00
25486708,Malanjkhand Mine,copper-mine,IND,mineral-extraction,copper-mining,2022-01-01 00:00:00,2022-12-31 00:00:00,22.022125,80.715666,trace_80.715666_22.022125,co2,33921.0,annual,1507581,T of copper,0.0225,T of CO2 per T of copper extracted,,,,,,,,,,,,,,,,,,,,,,,,2023-11-01 00:00:00,2023-11-02 17:00:00
25486708,Malanjkhand Mine,copper-mine,IND,mineral-extraction,copper-mining,2022-01-01 00:00:00,2022-12-31 00:00:00,22.022125,80.715666,trace_80.715666_22.022125,co2e_100yr,33921.0,annual,1507581,T of copper,,,,,,,,,,,,,,,,,,,,,,,,,,2023-11-01 00:00:00,2023-11-02 17:00:00
25486708,Malanjkhand Mine,copper-mine,IND,mineral-extraction,copper-mining,2022-01-01 00:00:00,2022-12-31 00:00:00,22.022125,80.715666,trace_80.715666_22.022125,co2e_20yr,33921.0,annual,1507581,T of copper,,,,,,,,,,,,,,,,,,,,,,,,,,2023-11-01 00:00:00,2023-11-02 17:00:00
25486708,Malanjkhand Mine,copper-mine,IND,mineral-extraction,copper-mining,2022-01-01 00:00:00,2022-12-31 00:00:00,22.022125,80.715666,trace_80.715666_22.022125,n2o,,annual,1507581,T of copper,,,,,,,,,,,,,,,,,,,,,,,,,,2023-11-01 00:00:00,2023-11-02 17:00:00
25486709,Rakha Mine,copper-mine,IND,mineral-extraction,copper-mining,2020-01-01 00:00:00,2020-12-31 00:00:00,22.632161,86.370887,trace_86.370887_22.632161,ch4,,annual,0,T of copper,,,,,,,,,,,,,,,,,,,,,,,,,,2023-11-01 00:00:00,2023-11-02 17:00:00
25486709,Rakha Mine,copper-mine,IND,mineral-extraction,copper-mining,2020-01-01 00:00:00,2020-12-31 00:00:00,22.632161,86.370887,trace_86.370887_22.632161,co2,0.0,annual,0,T of copper,0.0,T of CO2 per T of copper extracted,,,,,,,,,,,,,,,,,,,,,,,,2023-11-01 00:00:00,2023-11-02 17:00:00
25486709,Rakha Mine,copper-mine,IND,mineral-extraction,copper-mining,2020-01-01 00:00:00,2020-12-31 00:00:00,22.632161,86.370887,trace_86.370887_22.632161,co2e_100yr,0.0,annual,0,T of copper,,,,,,,,,,,,,,,,,,,,,,,,,,2023-11-01 00:00:00,2023-11-02 17:00:00
25486709,Rakha Mine,copper-mine,IND,mineral-extraction,copper-mining,2020-01-01 00:00:00,2020-12-31 00:00:00,22.632161,86.370887,trace_86.370887_22.632161,co2e_20yr,0.0,annual,0,T of copper,,,,,,,,,,,,,,,,,,,,,,,,,,2023-11-01 00:00:00,2023-11-02 17:00:00
25486709,Rakha Mine,copper-mine,IND,mineral-extraction,copper-mining,2020-01-01 00:00:00,2020-12-31 00:00:00,22.632161,86.370887,trace_86.370887_22.632161,n2o,,annual,0,T of copper,,,,,,,,,,,,,,,,,,,,,,,,,,2023-11-01 00:00:00,2023-11-02 17:00:00
25486709,Rakha Mine,copper-mine,IND,mineral-extraction,copper-mining,2021-01-01 00:00:00,2021-12-31 00:00:00,22.632161,86.370887,trace_86.370887_22.632161,ch4,,annual,0,T of copper,,,,,,,,,,,,,,,,,,,,,,,,,,2023-11-01 00:00:00,2023-11-02 17:00:00
25486709,Rakha Mine,copper-mine,IND,mineral-extraction,copper-mining,2021-01-01 00:00:00,2021-12-31 00:00:00,22.632161,86.370887,trace_86.370887_22.632161,co2,0.0,annual,0,T of copper,0.0,T of CO2 per T of copper extracted,,,,,,,,,,,,,,,,,,,,,,,,2023-11-01 00:00:00,2023-11-02 17:00:00
25486709,Rakha Mine,copper-mine,IND,mineral-extraction,copper-mining,2021-01-01 00:00:00,2021-12-31 00:00:00,22.632161,86.370887,trace_86.370887_22.632161,co2e_100yr,0.0,annual,0,T of copper,,,,,,,,,,,,,,,,,,,,,,,,,,2023-11-01 00:00:00,2023-11-02 17:00:00
25486709,Rakha Mine,copper-mine,IND,mineral-extraction,copper-mining,2021-01-01 00:00:00,2021-12-31 00:00:00,22.632161,86.370887,trace_86.370887_22.632161,co2e_20yr,0.0,annual,0,T of copper,,,,,,,,,,,,,,,,,,,,,,,,,,2023-11-01 00:00:00,2023-11-02 17:00:00
25486709,Rakha Mine,copper-mine,IND,mineral-extraction,copper-mining,2021-01-01 00:00:00,2021-12-31 00:00:00,22.632161,86.370887,trace_86.370887_22.632161,n2o,,annual,0,T of copper,,,,,,,,,,,,,,,,,,,,,,,,,,2023-11-01 00:00:00,2023-11-02 17:00:00
25486709,Rakha Mine,copper-mine,IND,mineral-extraction,copper-mining,2022-01-01 00:00:00,2022-12-31 00:00:00,22.632161,86.370887,trace_86.370887_22.632161,ch4,,annual,0,T of copper,,,,,,,,,,,,,,,,,,,,,,,,,,2023-11-01 00:00:00,2023-11-02 17:00:00
25486709,Rakha Mine,copper-mine,IND,mineral-extraction,copper-mining,2022-01-01 00:00:00,2022-12-31 00:00:00,22.632161,86.370887,trace_86.370887_22.632161,co2,0.0,annual,0,T of copper,0.0,T of CO2 per T of copper extracted,,,,,,,,,,,,,,,,,,,,,,,,2023-11-01 00:00:00,2023-11-02 17:00:00
25486709,Rakha Mine,copper-mine,IND,mineral-extraction,copper-mining,2022-01-01 00:00:00,2022-12-31 00:00:00,22.632161,86.370887,trace_86.370887_22.632161,co2e_100yr,0.0,annual,0,T of copper,,,,,,,,,,,,,,,,,,,,,,,,,,2023-11-01 00:00:00,2023-11-02 17:00:00
25486709,Rakha Mine,copper-mine,IND,mineral-extraction,copper-mining,2022-01-01 00:00:00,2022-12-31 00:00:00,22.632161,86.370887,trace_86.370887_22.632161,co2e_20yr,0.0,annual,0,T of copper,,,,,,,,,,,,,,,,,,,,,,,,,,2023-11-01 00:00:00,2023-11-02 17:00:00
25486709,Rakha Mine,copper-mine,IND,mineral-extraction,copper-mining,2022-01-01 00:00:00,2022-12-31 00:00:00,22.632161,86.370887,trace_86.370887_22.632161,n2o,,annual,0,T of copper,,,,,,,,,,,,,,,,,,,,,,,,,,2023-11-01 00:00:00,2023-11-02 17:00:00
25486710,Surda Mine,copper-mine,IND,mineral-extraction,copper-mining,2020-01-01 00:00:00,2020-12-31 00:00:00,22.56403,86.430917,trace_86.430917_22.56403,ch4,,annual,137068,T of copper,,,,,,,,,,,,,,,,,,,,,,,,,,2023-11-01 00:00:00,2023-11-02 17:00:00
25486710,Surda Mine,copper-mine,IND,mineral-extraction,copper-mining,2020-01-01 00:00:00,2020-12-31 00:00:00,22.56403,86.430917,trace_86.430917_22.56403,co2,4510.0,annual,137068,T of copper,0.0329,T of CO2 per T of copper extracted,,,,,,,,,,,,,,,,,,,,,,,,2023-11-01 00:00:00,2023-11-02 17:00:00
25486710,Surda Mine,copper-mine,IND,mineral-extraction,copper-mining,2020-01-01 00:00:00,2020-12-31 00:00:00,22.56403,86.430917,trace_86.430917_22.56403,co2e_100yr,4510.0,annual,137068,T of copper,,,,,,,,,,,,,,,,,,,,,,,,,,2023-11-01 00:00:00,2023-11-02 17:00:00
25486710,Surda Mine,copper-mine,IND,mineral-extraction,copper-mining,2020-01-01 00:00:00,2020-12-31 00:00:00,22.56403,86.430917,trace_86.430917_22.56403,co2e_20yr,4510.0,annual,137068,T of copper,,,,,,,,,,,,,,,,,,,,,,,,,,2023-11-01 00:00:00,2023-11-02 17:00:00
25486710,Surda Mine,copper-mine,IND,mineral-extraction,copper-mining,2020-01-01 00:00:00,2020-12-31 00:00:00,22.56403,86.430917,trace_86.430917_22.56403,n2o,,annual,137068,T of copper,,,,,,,,,,,,,,,,,,,,,,,,,,2023-11-01 00:00:00,2023-11-02 17:00:00
25486710,Surda Mine,copper-mine,IND,mineral-extraction,copper-mining,2021-01-01 00:00:00,2021-12-31 00:00:00,22.56403,86.430917,trace_86.430917_22.56403,ch4,,annual,137068,T of copper,,,,,,,,,,,,,,,,,,,,,,,,,,2023-11-01 00:00:00,2023-11-02 17:00:00
25486710,Surda Mine,copper-mine,IND,mineral-extraction,copper-mining,2021-01-01 00:00:00,2021-12-31 00:00:00,22.56403,86.430917,trace_86.430917_22.56403,co2,5003.0,annual,137068,T of copper,0.0365,T of CO2 per T of copper extracted,,,,,,,,,,,,,,,,,,,,,,,,2023-11-01 00:00:00,2023-11-02 17:00:00
25486710,Surda Mine,copper-mine,IND,mineral-extraction,copper-mining,2021-01-01 00:00:00,2021-12-31 00:00:00,22.56403,86.430917,trace_86.430917_22.56403,co2e_100yr,5003.0,annual,137068,T of copper,,,,,,,,,,,,,,,,,,,,,,,,,,2023-11-01 00:00:00,2023-11-02 17:00:00
25486710,Surda Mine,copper-mine,IND,mineral-extraction,copper-mining,2021-01-01 00:00:00,2021-12-31 00:00:00,22.56403,86.430917,trace_86.430917_22.56403,co2e_20yr,5003.0,annual,137068,T of copper,,,,,,,,,,,,,,,,,,,,,,,,,,2023-11-01 00:00:00,2023-11-02 17:00:00
25486710,Surda Mine,copper-mine,IND,mineral-extraction,copper-mining,2021-01-01 00:00:00,2021-12-31 00:00:00,22.56403,86.430917,trace_86.430917_22.56403,n2o,,annual,137068,T of copper,,,,,,,,,,,,,,,,,,,,,,,,,,2023-11-01 00:00:00,2023-11-02 17:00:00
25486710,Surda Mine,copper-mine,IND,mineral-extraction,copper-mining,2022-01-01 00:00:00,2022-12-31 00:00:00,22.56403,86.430917,trace_86.430917_22.56403,ch4,,annual,148611,T of copper,,,,,,,,,,,,,,,,,,,,,,,,,,2023-11-01 00:00:00,2023-11-02 17:00:00
25486710,Surda Mine,copper-mine,IND,mineral-extraction,copper-mining,2022-01-01 00:00:00,2022-12-31 00:00:00,22.56403,86.430917,trace_86.430917_22.56403,co2,3344.0,annual,148611,T of copper,0.0225,T of CO2 per T of copper extracted,,,,,,,,,,,,,,,,,,,,,,,,2023-11-01 00:00:00,2023-11-02 17:00:00
25486710,Surda Mine,copper-mine,IND,mineral-extraction,copper-mining,2022-01-01 00:00:00,2022-12-31 00:00:00,22.56403,86.430917,trace_86.430917_22.56403,co2e_100yr,3344.0,annual,148611,T of copper,,,,,,,,,,,,,,,,,,,,,,,,,,2023-11-01 00:00:00,2023-11-02 17:00:00
25486710,Surda Mine,copper-mine,IND,mineral-extraction,copper-mining,2022-01-01 00:00:00,2022-12-31 00:00:00,22.56403,86.430917,trace_86.430917_22.56403,co2e_20yr,3344.0,annual,148611,T of copper,,,,,,,,,,,,,,,,,,,,,,,,,,2023-11-01 00:00:00,2023-11-02 17:00:00
25486710,Surda Mine,copper-mine,IND,mineral-extraction,copper-mining,2022-01-01 00:00:00,2022-12-31 00:00:00,22.56403,86.430917,trace_86.430917_22.56403,n2o,,annual,148611,T of copper,,,,,,,,,,,,,,,,,,,,,,,,,,2023-11-01 00:00:00,2023-11-02 17:00:00
