source_id,source_name,iso3_country,sector,subsector,start_time,end_time,source_type,capacity,capacity_factor,activity,co2_emissions_factor,ch4_emissions_factor,n2o_emissions_factor,co2_emissions,ch4_emissions,n2o_emissions,total_co2e_20yrgwp,created_date,modified_date,total_co2e_100yrgwp
25486704,Banwas Mine,IND,mineral-extraction,copper-mining,2022-01-01 00:00:00,2022-12-31 00:00:00,high,,,medium,very low,,,very low,,,very low,2023-10-30 00:00:00,2023-11-06 11:20:00,very low
25486705,Kendadih Mine,IND,mineral-extraction,copper-mining,2022-01-01 00:00:00,2022-12-31 00:00:00,high,,,low,very low,,,very low,,,very low,2023-10-30 00:00:00,2023-11-06 11:20:00,very low
25486706,Khetri Mine,IND,mineral-extraction,copper-mining,2022-01-01 00:00:00,2022-12-31 00:00:00,high,,,medium,very low,,,very low,,,very low,2023-10-30 00:00:00,2023-11-06 11:20:00,very low
25486707,Kolihan Mine,IND,mineral-extraction,copper-mining,2022-01-01 00:00:00,2022-12-31 00:00:00,high,,,medium,very low,,,very low,,,very low,2023-10-30 00:00:00,2023-11-06 11:20:00,very low
25486708,Malanjkhand Mine,IND,mineral-extraction,copper-mining,2022-01-01 00:00:00,2022-12-31 00:00:00,high,,,medium,very low,,,very low,,,very low,2023-10-30 00:00:00,2023-11-06 11:20:00,very low
25486709,Rakha Mine,IND,mineral-extraction,copper-mining,2022-01-01 00:00:00,2022-12-31 00:00:00,high,,,high,high,,,high,,,high,2023-10-30 00:00:00,2023-11-06 11:20:00,high
25486710,Surda Mine,IND,mineral-extraction,copper-mining,2022-01-01 00:00:00,2022-12-31 00:00:00,high,,,medium,very low,,,very low,,,very low,2023-10-30 00:00:00,2023-11-06 11:20:00,very low
