source_id,source_name,iso3_country,sector,subsector,start_time,end_time,source_type,capacity,capacity_factor,activity,co2_emissions_factor,ch4_emissions_factor,n2o_emissions_factor,co2_emissions,ch4_emissions,n2o_emissions,total_co2e_20yrgwp,created_date,modified_date,total_co2e_100yrgwp
25487250,Ajitaburu Mine,IND,mineral-extraction,iron-mining,2022-01-01 00:00:00,2022-12-31 00:00:00,high,,,,,,,,,,,2023-10-10 00:00:00,2023-11-06 11:20:00,
25487251,Appu Hati Mine,IND,mineral-extraction,iron-mining,2022-01-01 00:00:00,2022-12-31 00:00:00,high,,,,,,,,,,,2023-10-10 00:00:00,2023-11-06 11:20:00,
25487252,Bacheli Mine,IND,mineral-extraction,iron-mining,2022-01-01 00:00:00,2022-12-31 00:00:00,high,,,medium,low,,,low,,,low,2023-10-10 00:00:00,2023-11-06 11:20:00,low
25487253,Badampahar Mine,IND,mineral-extraction,iron-mining,2022-01-01 00:00:00,2022-12-31 00:00:00,high,,,,,,,,,,,2023-10-10 00:00:00,2023-11-06 11:20:00,
25487254,Bailadila Mine,IND,mineral-extraction,iron-mining,2022-01-01 00:00:00,2022-12-31 00:00:00,high,,,,,,,,,,,2023-10-10 00:00:00,2023-11-06 11:20:00,
25487255,Balda Block Mine,IND,mineral-extraction,iron-mining,2022-01-01 00:00:00,2022-12-31 00:00:00,high,,,medium,low,,,low,,,low,2023-10-10 00:00:00,2023-11-06 11:20:00,low
25487256,Barsua Mine,IND,mineral-extraction,iron-mining,2022-01-01 00:00:00,2022-12-31 00:00:00,high,,,,,,,,,,,2023-10-10 00:00:00,2023-11-06 11:20:00,
25487257,Bhadra Mine,IND,mineral-extraction,iron-mining,2022-01-01 00:00:00,2022-12-31 00:00:00,high,,,,,,,,,,,2023-10-10 00:00:00,2023-11-06 11:20:00,
25487258,Bhadrasahi Mine,IND,mineral-extraction,iron-mining,2022-01-01 00:00:00,2022-12-31 00:00:00,high,,,,,,,,,,,2023-10-10 00:00:00,2023-11-06 11:20:00,
25487259,Bhanjapali Mine,IND,mineral-extraction,iron-mining,2022-01-01 00:00:00,2022-12-31 00:00:00,high,,,,,,,,,,,2023-10-10 00:00:00,2023-11-06 11:20:00,
25487260,Bhutuda Mine,IND,mineral-extraction,iron-mining,2022-01-01 00:00:00,2022-12-31 00:00:00,high,,,,,,,,,,,2023-10-10 00:00:00,2023-11-06 11:20:00,
25487261,Bicholim Mine,IND,mineral-extraction,iron-mining,2022-01-01 00:00:00,2022-12-31 00:00:00,high,,,high,high,,,high,,,high,2023-10-10 00:00:00,2023-11-06 11:20:00,high
25487262,Bico Mine,IND,mineral-extraction,iron-mining,2022-01-01 00:00:00,2022-12-31 00:00:00,high,,,,,,,,,,,2023-10-10 00:00:00,2023-11-06 11:20:00,
25487263,Bolani Mine,IND,mineral-extraction,iron-mining,2022-01-01 00:00:00,2022-12-31 00:00:00,high,,,,,,,,,,,2023-10-10 00:00:00,2023-11-06 11:20:00,
25487264,Bondra Mine,IND,mineral-extraction,iron-mining,2022-01-01 00:00:00,2022-12-31 00:00:00,high,,,high,high,,,high,,,high,2023-10-10 00:00:00,2023-11-06 11:20:00,high
25487265,Chiria Mine,IND,mineral-extraction,iron-mining,2022-01-01 00:00:00,2022-12-31 00:00:00,high,,,,,,,,,,,2023-10-10 00:00:00,2023-11-06 11:20:00,
25487266,Codli Mine,IND,mineral-extraction,iron-mining,2022-01-01 00:00:00,2022-12-31 00:00:00,high,,,high,high,,,high,,,high,2023-10-10 00:00:00,2023-11-06 11:20:00,high
25487267,D Area Mine,IND,mineral-extraction,iron-mining,2022-01-01 00:00:00,2022-12-31 00:00:00,high,,,,,,,,,,,2023-10-10 00:00:00,2023-11-06 11:20:00,
25487268,Daitari Mine,IND,mineral-extraction,iron-mining,2022-01-01 00:00:00,2022-12-31 00:00:00,high,,,,,,,,,,,2023-10-10 00:00:00,2023-11-06 11:20:00,
25487269,Dharmapura Mine,IND,mineral-extraction,iron-mining,2022-01-01 00:00:00,2022-12-31 00:00:00,high,,,,,,,,,,,2023-10-10 00:00:00,2023-11-06 11:20:00,
25487270,Donimalai Mine,IND,mineral-extraction,iron-mining,2022-01-01 00:00:00,2022-12-31 00:00:00,high,,,,,,,,,,,2023-10-10 00:00:00,2023-11-06 11:20:00,
25487271,Gandamarhan Mine,IND,mineral-extraction,iron-mining,2022-01-01 00:00:00,2022-12-31 00:00:00,high,,,,,,,,,,,2023-10-10 00:00:00,2023-11-06 11:20:00,
25487272,Geetarani Mine,IND,mineral-extraction,iron-mining,2022-01-01 00:00:00,2022-12-31 00:00:00,high,,,,,,,,,,,2023-10-10 00:00:00,2023-11-06 11:20:00,
25487273,Ghoraburhani-Sagasahi Mine,IND,mineral-extraction,iron-mining,2022-01-01 00:00:00,2022-12-31 00:00:00,high,,,high,low,,,low,,,low,2023-10-10 00:00:00,2023-11-06 11:20:00,low
25487274,Gorumahisani Mine,IND,mineral-extraction,iron-mining,2022-01-01 00:00:00,2022-12-31 00:00:00,high,,,,,,,,,,,2023-10-10 00:00:00,2023-11-06 11:20:00,
25487275,Gua Mine,IND,mineral-extraction,iron-mining,2022-01-01 00:00:00,2022-12-31 00:00:00,high,,,,,,,,,,,2023-10-10 00:00:00,2023-11-06 11:20:00,
25487276,Guali Mine,IND,mineral-extraction,iron-mining,2022-01-01 00:00:00,2022-12-31 00:00:00,high,,,,,,,,,,,2023-10-10 00:00:00,2023-11-06 11:20:00,
25487277,Harvalem Mine,IND,mineral-extraction,iron-mining,2022-01-01 00:00:00,2022-12-31 00:00:00,high,,,,,,,,,,,2023-10-10 00:00:00,2023-11-06 11:20:00,
25487278,Jajang Mine,IND,mineral-extraction,iron-mining,2022-01-01 00:00:00,2022-12-31 00:00:00,high,,,,,,,,,,,2023-10-10 00:00:00,2023-11-06 11:20:00,
25487279,Jambunathanahall Mine,IND,mineral-extraction,iron-mining,2022-01-01 00:00:00,2022-12-31 00:00:00,high,,,,,,,,,,,2023-10-10 00:00:00,2023-11-06 11:20:00,
25487280,Jaribahal Mine,IND,mineral-extraction,iron-mining,2022-01-01 00:00:00,2022-12-31 00:00:00,high,,,,,,,,,,,2023-10-10 00:00:00,2023-11-06 11:20:00,
25487281,Jharan Dalli Mine,IND,mineral-extraction,iron-mining,2022-01-01 00:00:00,2022-12-31 00:00:00,high,,,,,,,,,,,2023-10-10 00:00:00,2023-11-06 11:20:00,
25487282,Jiling-Langlotta Mine,IND,mineral-extraction,iron-mining,2022-01-01 00:00:00,2022-12-31 00:00:00,high,,,,,,,,,,,2023-10-10 00:00:00,2023-11-06 11:20:00,
25487283,Joda East Mine,IND,mineral-extraction,iron-mining,2022-01-01 00:00:00,2022-12-31 00:00:00,high,,,medium,low,,,low,,,low,2023-10-10 00:00:00,2023-11-06 11:20:00,low
25487284,Joda West Mine,IND,mineral-extraction,iron-mining,2022-01-01 00:00:00,2022-12-31 00:00:00,high,,,,,,,,,,,2023-10-10 00:00:00,2023-11-06 11:20:00,
25487285,Joribar Mine,IND,mineral-extraction,iron-mining,2022-01-01 00:00:00,2022-12-31 00:00:00,high,,,,,,,,,,,2023-10-10 00:00:00,2023-11-06 11:20:00,
25487286,Kadam Kocha/Ruri Mine,IND,mineral-extraction,iron-mining,2022-01-01 00:00:00,2022-12-31 00:00:00,high,,,,,,,,,,,2023-10-10 00:00:00,2023-11-06 11:20:00,
25487287,Kalta Mine,IND,mineral-extraction,iron-mining,2022-01-01 00:00:00,2022-12-31 00:00:00,high,,,,,,,,,,,2023-10-10 00:00:00,2023-11-06 11:20:00,
25487288,Karnataka Mine,IND,mineral-extraction,iron-mining,2022-01-01 00:00:00,2022-12-31 00:00:00,high,,,high,medium,,,medium,,,medium,2023-10-10 00:00:00,2023-11-06 11:20:00,medium
25487289,Kasia Mine,IND,mineral-extraction,iron-mining,2022-01-01 00:00:00,2022-12-31 00:00:00,high,,,,,,,,,,,2023-10-10 00:00:00,2023-11-06 11:20:00,
25487290,Katesahi Mine,IND,mineral-extraction,iron-mining,2022-01-01 00:00:00,2022-12-31 00:00:00,high,,,,,,,,,,,2023-10-10 00:00:00,2023-11-06 11:20:00,
25487291,Khandbandh Mine,IND,mineral-extraction,iron-mining,2022-01-01 00:00:00,2022-12-31 00:00:00,high,,,,,,,,,,,2023-10-10 00:00:00,2023-11-06 11:20:00,
25487292,Kirandul Complex,IND,mineral-extraction,iron-mining,2022-01-01 00:00:00,2022-12-31 00:00:00,high,,,medium,low,,,low,,,low,2023-10-10 00:00:00,2023-11-06 11:20:00,low
25487293,Kiriburu Mine,IND,mineral-extraction,iron-mining,2022-01-01 00:00:00,2022-12-31 00:00:00,high,,,,,,,,,,,2023-10-10 00:00:00,2023-11-06 11:20:00,
25487294,Koira Mine,IND,mineral-extraction,iron-mining,2022-01-01 00:00:00,2022-12-31 00:00:00,high,,,,,,,,,,,2023-10-10 00:00:00,2023-11-06 11:20:00,
25487295,Kudremukh Mine,IND,mineral-extraction,iron-mining,2022-01-01 00:00:00,2022-12-31 00:00:00,high,,,high,high,,,high,,,high,2023-10-10 00:00:00,2023-11-06 11:20:00,high
25487296,Kumaraswamy Mine,IND,mineral-extraction,iron-mining,2022-01-01 00:00:00,2022-12-31 00:00:00,high,,,,,,,,,,,2023-10-10 00:00:00,2023-11-06 11:20:00,
25487297,Kurmitar Mine,IND,mineral-extraction,iron-mining,2022-01-01 00:00:00,2022-12-31 00:00:00,high,,,,,,,,,,,2023-10-10 00:00:00,2023-11-06 11:20:00,
25487298,Maha Parvat Mine,IND,mineral-extraction,iron-mining,2022-01-01 00:00:00,2022-12-31 00:00:00,high,,,,,,,,,,,2023-10-10 00:00:00,2023-11-06 11:20:00,
25487299,Meghahatuburu Mine,IND,mineral-extraction,iron-mining,2022-01-01 00:00:00,2022-12-31 00:00:00,high,,,,,,,,,,,2023-10-10 00:00:00,2023-11-06 11:20:00,
25487300,Mohanty Mine,IND,mineral-extraction,iron-mining,2022-01-01 00:00:00,2022-12-31 00:00:00,high,,,,,,,,,,,2023-10-10 00:00:00,2023-11-06 11:20:00,
25487301,Murgabeda Mine,IND,mineral-extraction,iron-mining,2022-01-01 00:00:00,2022-12-31 00:00:00,high,,,,,,,,,,,2023-10-10 00:00:00,2023-11-06 11:20:00,
25487302,Nadidih Mine,IND,mineral-extraction,iron-mining,2022-01-01 00:00:00,2022-12-31 00:00:00,high,,,,,,,,,,,2023-10-10 00:00:00,2023-11-06 11:20:00,
25487303,Naibuga Mine,IND,mineral-extraction,iron-mining,2022-01-01 00:00:00,2022-12-31 00:00:00,high,,,,,,,,,,,2023-10-10 00:00:00,2023-11-06 11:20:00,
25487304,Nandi Mine,IND,mineral-extraction,iron-mining,2022-01-01 00:00:00,2022-12-31 00:00:00,high,,,,,,,,,,,2023-10-10 00:00:00,2023-11-06 11:20:00,
25487305,Narayana Mine,IND,mineral-extraction,iron-mining,2022-01-01 00:00:00,2022-12-31 00:00:00,high,,,,,,,,,,,2023-10-10 00:00:00,2023-11-06 11:20:00,
25487306,Narayanposhi Mine,IND,mineral-extraction,iron-mining,2022-01-01 00:00:00,2022-12-31 00:00:00,high,,,,,,,,,,,2023-10-10 00:00:00,2023-11-06 11:20:00,
25487307,Navalatti Mine,IND,mineral-extraction,iron-mining,2022-01-01 00:00:00,2022-12-31 00:00:00,high,,,,,,,,,,,2023-10-10 00:00:00,2023-11-06 11:20:00,
25487308,Nilanchal Mine,IND,mineral-extraction,iron-mining,2022-01-01 00:00:00,2022-12-31 00:00:00,high,,,,,,,,,,,2023-10-10 00:00:00,2023-11-06 11:20:00,
25487309,Noamundi Mine,IND,mineral-extraction,iron-mining,2022-01-01 00:00:00,2022-12-31 00:00:00,high,,,low,low,,,low,,,low,2023-10-10 00:00:00,2023-11-06 11:20:00,low
25487310,North Eastern Mine,IND,mineral-extraction,iron-mining,2022-01-01 00:00:00,2022-12-31 00:00:00,high,,,,,,,,,,,2023-10-10 00:00:00,2023-11-06 11:20:00,
25487311,Nuagaon Mine,IND,mineral-extraction,iron-mining,2022-01-01 00:00:00,2022-12-31 00:00:00,high,,,,,,,,,,,2023-10-10 00:00:00,2023-11-06 11:20:00,
25487312,Oraghat Mine,IND,mineral-extraction,iron-mining,2022-01-01 00:00:00,2022-12-31 00:00:00,high,,,,,,,,,,,2023-10-10 00:00:00,2023-11-06 11:20:00,
25487313,Panposh Mine,IND,mineral-extraction,iron-mining,2022-01-01 00:00:00,2022-12-31 00:00:00,high,,,,,,,,,,,2023-10-10 00:00:00,2023-11-06 11:20:00,
25487314,Pattnaik Mine,IND,mineral-extraction,iron-mining,2022-01-01 00:00:00,2022-12-31 00:00:00,high,,,,,,,,,,,2023-10-10 00:00:00,2023-11-06 11:20:00,
25487315,Putulpani Mine,IND,mineral-extraction,iron-mining,2022-01-01 00:00:00,2022-12-31 00:00:00,high,,,,,,,,,,,2023-10-10 00:00:00,2023-11-06 11:20:00,
25487316,Raikela Mine,IND,mineral-extraction,iron-mining,2022-01-01 00:00:00,2022-12-31 00:00:00,high,,,,,,,,,,,2023-10-10 00:00:00,2023-11-06 11:20:00,
25487317,Rajhara Mine,IND,mineral-extraction,iron-mining,2022-01-01 00:00:00,2022-12-31 00:00:00,high,,,,,,,,,,,2023-10-10 00:00:00,2023-11-06 11:20:00,
25487318,Rama Mine,IND,mineral-extraction,iron-mining,2022-01-01 00:00:00,2022-12-31 00:00:00,high,,,,,,,,,,,2023-10-10 00:00:00,2023-11-06 11:20:00,
25487319,Ramgad Mine,IND,mineral-extraction,iron-mining,2022-01-01 00:00:00,2022-12-31 00:00:00,high,,,,,,,,,,,2023-10-10 00:00:00,2023-11-06 11:20:00,
25487320,Roida Mine,IND,mineral-extraction,iron-mining,2022-01-01 00:00:00,2022-12-31 00:00:00,high,,,,,,,,,,,2023-10-10 00:00:00,2023-11-06 11:20:00,
25487321,Rungta Mine,IND,mineral-extraction,iron-mining,2022-01-01 00:00:00,2022-12-31 00:00:00,high,,,,,,,,,,,2023-10-10 00:00:00,2023-11-06 11:20:00,
25487322,Sandur Mine,IND,mineral-extraction,iron-mining,2022-01-01 00:00:00,2022-12-31 00:00:00,high,,,,,,,,,,,2023-10-10 00:00:00,2023-11-06 11:20:00,
25487323,Sanindpur Mine,IND,mineral-extraction,iron-mining,2022-01-01 00:00:00,2022-12-31 00:00:00,high,,,,,,,,,,,2023-10-10 00:00:00,2023-11-06 11:20:00,
25487324,Sanquelim Mine,IND,mineral-extraction,iron-mining,2022-01-01 00:00:00,2022-12-31 00:00:00,high,,,high,high,,,high,,,high,2023-10-10 00:00:00,2023-11-06 11:20:00,high
25487325,Shigao Mine,IND,mineral-extraction,iron-mining,2022-01-01 00:00:00,2022-12-31 00:00:00,high,,,high,high,,,high,,,high,2023-10-10 00:00:00,2023-11-06 11:20:00,high
25487326,Sirkagutu Mine,IND,mineral-extraction,iron-mining,2022-01-01 00:00:00,2022-12-31 00:00:00,high,,,,,,,,,,,2023-10-10 00:00:00,2023-11-06 11:20:00,
25487327,Sonshi Mine,IND,mineral-extraction,iron-mining,2022-01-01 00:00:00,2022-12-31 00:00:00,high,,,high,high,,,high,,,high,2023-10-10 00:00:00,2023-11-06 11:20:00,high
25487328,Suakati Mine,IND,mineral-extraction,iron-mining,2022-01-01 00:00:00,2022-12-31 00:00:00,high,,,,,,,,,,,2023-10-10 00:00:00,2023-11-06 11:20:00,
25487329,Subrayanahalli Mine,IND,mineral-extraction,iron-mining,2022-01-01 00:00:00,2022-12-31 00:00:00,high,,,,,,,,,,,2023-10-10 00:00:00,2023-11-06 11:20:00,
25487330,Suctolim Mine,IND,mineral-extraction,iron-mining,2022-01-01 00:00:00,2022-12-31 00:00:00,high,,,,,,,,,,,2023-10-10 00:00:00,2023-11-06 11:20:00,
25487331,Suleipat Mine,IND,mineral-extraction,iron-mining,2022-01-01 00:00:00,2022-12-31 00:00:00,high,,,,,,,,,,,2023-10-10 00:00:00,2023-11-06 11:20:00,
25487332,Surla Mine,IND,mineral-extraction,iron-mining,2022-01-01 00:00:00,2022-12-31 00:00:00,high,,,high,high,,,high,,,high,2023-10-10 00:00:00,2023-11-06 11:20:00,high
25487333,Taldih Mine,IND,mineral-extraction,iron-mining,2022-01-01 00:00:00,2022-12-31 00:00:00,high,,,,,,,,,,,2023-10-10 00:00:00,2023-11-06 11:20:00,
25487334,Tantigram Mine,IND,mineral-extraction,iron-mining,2022-01-01 00:00:00,2022-12-31 00:00:00,high,,,,,,,,,,,2023-10-10 00:00:00,2023-11-06 11:20:00,
25487335,Tensa Mine,IND,mineral-extraction,iron-mining,2022-01-01 00:00:00,2022-12-31 00:00:00,high,,,,,,,,,,,2023-10-10 00:00:00,2023-11-06 11:20:00,
25487336,Thakurani Mine,IND,mineral-extraction,iron-mining,2022-01-01 00:00:00,2022-12-31 00:00:00,high,,,high,medium,,,medium,,,medium,2023-10-10 00:00:00,2023-11-06 11:20:00,medium
25487337,Tiom Mine,IND,mineral-extraction,iron-mining,2022-01-01 00:00:00,2022-12-31 00:00:00,high,,,,,,,,,,,2023-10-10 00:00:00,2023-11-06 11:20:00,
25487338,Ubbalagundi Mine,IND,mineral-extraction,iron-mining,2022-01-01 00:00:00,2022-12-31 00:00:00,high,,,,,,,,,,,2023-10-10 00:00:00,2023-11-06 11:20:00,
25487339,Venkatagiri Mine,IND,mineral-extraction,iron-mining,2022-01-01 00:00:00,2022-12-31 00:00:00,high,,,,,,,,,,,2023-10-10 00:00:00,2023-11-06 11:20:00,
