source_id,source_name,iso3_country,sector,subsector,lat,lon,geometry_ref,relationship,ultimate_parent_name,ultimate_parent_id,percent_interest_parent,company_name,company_id,percent_interest_company,interest_units,start_date,end_date,created_date,modified_date,percent_company_datasource,percent_parent_datasource
25487250,Ajitaburu Mine,IND,mineral-extraction,iron-mining,22.169647,85.354382,trace_85.354382_22.169647,owner,Steel Authority of India,100001000703,100,Steel Authority of India,100001000703,100,iron-ore_reserves,2022-01-01 00:00:00,2022-12-31 00:00:00,2023-11-29 22:49:36.035475,,,"{6471,7061}"
25487251,Appu Hati Mine,IND,mineral-extraction,iron-mining,21.969439,85.407463,trace_85.407463_21.969439,owner,Dalpahar Iron & Manganese Mines,100001012949,100,Dalpahar Iron & Manganese Mines,100001012949,100,iron-ore_reserves,2022-01-01 00:00:00,2022-12-31 00:00:00,2023-11-29 22:49:36.035508,,,{7061}
25487252,Bacheli Mine,IND,mineral-extraction,iron-mining,18.696927,81.222692,trace_81.222692_18.696927,owner,NMDC,100001000686,100,NMDC,100001000686,100,iron-ore_reserves,2022-01-01 00:00:00,2022-12-31 00:00:00,2023-11-29 22:49:36.035541,,,{7061}
25487253,Badampahar Mine,IND,mineral-extraction,iron-mining,22.068628,86.122735,trace_86.122735_22.068628,owner,Lal Trades & Agencies,100001012950,100,Lal Trades & Agencies,100001012950,100,iron-ore_reserves,2022-01-01 00:00:00,2022-12-31 00:00:00,2023-11-29 22:49:36.035573,,,{7061}
25487254,Bailadila Mine,IND,mineral-extraction,iron-mining,18.70234,81.223519,trace_81.223519_18.70234,owner,Bailadila Iron Ore Mining,100001012951,100,Bailadila Iron Ore Mining,100001012951,100,iron-ore_reserves,2022-01-01 00:00:00,2022-12-31 00:00:00,2023-11-29 22:49:36.035609,,,{7061}
25487255,Balda Block Mine,IND,mineral-extraction,iron-mining,21.879144,85.412166,trace_85.412166_21.879144,owner,Serajuddin &,100001012952,100,Serajuddin &,100001012952,100,iron-ore_reserves,2022-01-01 00:00:00,2022-12-31 00:00:00,2023-11-29 22:49:36.035643,,,{7061}
25487256,Barsua Mine,IND,mineral-extraction,iron-mining,21.869325,85.149153,trace_85.149153_21.869325,owner,Steel Authority of India,100001000703,100,Steel Authority of India,100001000703,100,iron-ore_reserves,2022-01-01 00:00:00,2022-12-31 00:00:00,2023-11-29 22:49:36.035678,,,"{6471,7061}"
25487257,Bhadra Mine,IND,mineral-extraction,iron-mining,15.105667,76.629021,trace_76.629021_15.105667,owner,JSW Steel,100001000516,100,JSW Steel,100001000516,100,iron-ore_reserves,2022-01-01 00:00:00,2022-12-31 00:00:00,2023-11-29 22:49:36.035712,,,"{6390,7061}"
25487258,Bhadrasahi Mine,IND,mineral-extraction,iron-mining,21.989152,85.39279,trace_85.39279_21.989152,owner,Orissa Minerals Development,100001012953,100,Orissa Minerals Development,100001012953,100,iron-ore_reserves,2022-01-01 00:00:00,2022-12-31 00:00:00,2023-11-29 22:49:36.035745,,,{7061}
25487259,Bhanjapali Mine,IND,mineral-extraction,iron-mining,21.915274,85.250305,trace_85.250305_21.915274,owner,Sri Jitendra Nath Patnaik,100001012954,100,Sri Jitendra Nath Patnaik,100001012954,100,iron-ore_reserves,2022-01-01 00:00:00,2022-12-31 00:00:00,2023-11-29 22:49:36.035778,,,{7061}
25487260,Bhutuda Mine,IND,mineral-extraction,iron-mining,21.792453,85.148819,trace_85.148819_21.792453,owner,AXL Exploration,100001012955,100,AXL Exploration,100001012955,100,iron-ore_reserves,2022-01-01 00:00:00,2022-12-31 00:00:00,2023-11-29 22:49:36.035827,,,{7061}
25487261,Bicholim Mine,IND,mineral-extraction,iron-mining,15.605424,73.916491,trace_73.916491_15.605424,owner,Vedanta Resources,100000121514,100,Vedanta Resources,100000121514,100,iron-ore_reserves,2022-01-01 00:00:00,2022-12-31 00:00:00,2023-11-29 22:49:36.03586,,,{7061}
25487262,Bico Mine,IND,mineral-extraction,iron-mining,21.969084,85.262653,trace_85.262653_21.969084,owner,Bonai Industrial,100001012956,100,Bonai Industrial,100001012956,100,iron-ore_reserves,2022-01-01 00:00:00,2022-12-31 00:00:00,2023-11-29 22:49:36.035899,,,{7061}
25487263,Bolani Mine,IND,mineral-extraction,iron-mining,22.103431,85.302394,trace_85.302394_22.103431,owner,Steel Authority of India,100001000703,100,Steel Authority of India,100001000703,100,iron-ore_reserves,2022-01-01 00:00:00,2022-12-31 00:00:00,2023-11-29 22:49:36.035934,,,"{6471,7061}"
25487264,Bondra Mine,IND,mineral-extraction,iron-mining,15.362383,74.155652,trace_74.155652_15.362383,owner,Pandurang Timblo Industries,100001012957,100,Pandurang Timblo Industries,100001012957,100,iron-ore_reserves,2022-01-01 00:00:00,2022-12-31 00:00:00,2023-11-29 22:49:36.035967,,,{7061}
25487265,Chiria Mine,IND,mineral-extraction,iron-mining,22.261726,85.273121,trace_85.273121_22.261726,owner,Steel Authority of India,100001000703,100,Steel Authority of India,100001000703,100,iron-ore_reserves,2022-01-01 00:00:00,2022-12-31 00:00:00,2023-11-29 22:49:36.036002,,,"{6471,7061}"
25487266,Codli Mine,IND,mineral-extraction,iron-mining,15.342999,74.134102,trace_74.134102_15.342999,owner,Vedanta Resources,100000121514,100,Vedanta Resources,100000121514,100,iron-ore_reserves,2022-01-01 00:00:00,2022-12-31 00:00:00,2023-11-29 22:49:36.036035,,,{7061}
25487268,Daitari Mine,IND,mineral-extraction,iron-mining,21.105561,85.806755,trace_85.806755_21.105561,owner,Odisha Mining,100001012622,100,Odisha Mining,100001012622,100,iron-ore_reserves,2022-01-01 00:00:00,2022-12-31 00:00:00,2023-11-29 22:49:36.036067,,,{7061}
25487269,Dharmapura Mine,IND,mineral-extraction,iron-mining,15.142877,76.454776,trace_76.454776_15.142877,owner,VNK Menon,100001012958,100,VNK Menon,100001012958,100,iron-ore_reserves,2022-01-01 00:00:00,2022-12-31 00:00:00,2023-11-29 22:49:36.0361,,,{7061}
25487270,Donimalai Mine,IND,mineral-extraction,iron-mining,15.057487,76.62772,trace_76.62772_15.057487,owner,NMDC,100001000686,100,NMDC,100001000686,100,iron-ore_reserves,2022-01-01 00:00:00,2022-12-31 00:00:00,2023-11-29 22:49:36.036132,,,{7061}
25487271,Gandamarhan Mine,IND,mineral-extraction,iron-mining,21.632623,85.504929,trace_85.504929_21.632623,owner,Odisha Mining,100001012622,100,Odisha Mining,100001012622,100,iron-ore_reserves,2022-01-01 00:00:00,2022-12-31 00:00:00,2023-11-29 22:49:36.036165,,,{7061}
25487272,Geetarani Mine,IND,mineral-extraction,iron-mining,21.873106,85.179535,trace_85.179535_21.873106,owner,Geetarani Mohanty,100001012959,100,Geetarani Mohanty,100001012959,100,iron-ore_reserves,2022-01-01 00:00:00,2022-12-31 00:00:00,2023-11-29 22:49:36.036198,,,{7061}
25487273,Ghoraburhani-Sagasahi Mine,IND,mineral-extraction,iron-mining,21.947366,85.288774,trace_85.288774_21.947366,owner,ArcelorMittal,100000000687,100,ArcelorMittal,100000000687,100,iron-ore_reserves,2022-01-01 00:00:00,2022-12-31 00:00:00,2023-11-29 22:49:36.036304,,,"{6340,7061,34539}"
25487274,Gorumahisani Mine,IND,mineral-extraction,iron-mining,22.31535,86.283658,trace_86.283658_22.31535,owner,Tata Steel,100001010018,100,Tata Steel,100001010018,100,iron-ore_reserves,2022-01-01 00:00:00,2022-12-31 00:00:00,2023-11-29 22:49:36.03634,,,"{6109,7061}"
25487275,Gua Mine,IND,mineral-extraction,iron-mining,22.216926,85.361282,trace_85.361282_22.216926,owner,Steel Authority of India,100001000703,100,Steel Authority of India,100001000703,100,iron-ore_reserves,2022-01-01 00:00:00,2022-12-31 00:00:00,2023-11-29 22:49:36.036375,,,"{6471,7061}"
25487276,Guali Mine,IND,mineral-extraction,iron-mining,21.994285,85.311181,trace_85.311181_21.994285,owner,Odisha Mining,100001012622,100,Odisha Mining,100001012622,100,iron-ore_reserves,2022-01-01 00:00:00,2022-12-31 00:00:00,2023-11-29 22:49:36.036408,,,{7061}
25487277,Harvalem Mine,IND,mineral-extraction,iron-mining,15.548168,74.03077,trace_74.03077_15.548168,owner,Nathurmal Mining & Minerals,100001012960,100,Nathurmal Mining & Minerals,100001012960,100,iron-ore_reserves,2022-01-01 00:00:00,2022-12-31 00:00:00,2023-11-29 22:49:36.036446,,,"{7061,34546}"
25487278,Jajang Mine,IND,mineral-extraction,iron-mining,21.931082,85.427162,trace_85.427162_21.931082,owner,JSW Steel,100001000516,100,JSW Steel,100001000516,100,iron-ore_reserves,2022-01-01 00:00:00,2022-12-31 00:00:00,2023-11-29 22:49:36.036481,,,"{6390,7061}"
25487279,Jambunathanahall Mine,IND,mineral-extraction,iron-mining,15.227764,76.431135,trace_76.431135_15.227764,owner,MSPL,100001012961,100,MSPL,100001012961,100,iron-ore_reserves,2022-01-01 00:00:00,2022-12-31 00:00:00,2023-11-29 22:49:36.036517,,,"{7061,34547}"
25487280,Jaribahal Mine,IND,mineral-extraction,iron-mining,21.919462,85.41294,trace_85.41294_21.919462,owner,Kashvi Group,100001012962,100,Kashvi Group,100001012962,100,iron-ore_reserves,2022-01-01 00:00:00,2022-12-31 00:00:00,2023-11-29 22:49:36.03655,,,{7061}
25487281,Jharan Dalli Mine,IND,mineral-extraction,iron-mining,20.56481,81.04626,trace_81.04626_20.56481,owner,Steel Authority of India,100001000703,100,Steel Authority of India,100001000703,100,iron-ore_reserves,2022-01-01 00:00:00,2022-12-31 00:00:00,2023-11-29 22:49:36.036585,,,"{6471,7061}"
25487282,Jiling-Langlotta Mine,IND,mineral-extraction,iron-mining,21.953951,85.430969,trace_85.430969_21.953951,owner,Odisha Mining,100001012622,100,Odisha Mining,100001012622,100,iron-ore_reserves,2022-01-01 00:00:00,2022-12-31 00:00:00,2023-11-29 22:49:36.036618,,,{7061}
25487283,Joda East Mine,IND,mineral-extraction,iron-mining,22.010132,85.437204,trace_85.437204_22.010132,owner,Tata Steel,100001010018,100,Tata Steel,100001010018,100,iron-ore_reserves,2022-01-01 00:00:00,2022-12-31 00:00:00,2023-11-29 22:49:36.036669,,,"{6109,7061}"
25487284,Joda West Mine,IND,mineral-extraction,iron-mining,22.028505,85.397262,trace_85.397262_22.028505,owner,Tata Steel,100001010018,100,Tata Steel,100001010018,100,iron-ore_reserves,2022-01-01 00:00:00,2022-12-31 00:00:00,2023-11-29 22:49:36.036709,,,"{6109,7061}"
25487285,Joribar Mine,IND,mineral-extraction,iron-mining,21.930605,85.401295,trace_85.401295_21.930605,owner,Tata Steel,100001010018,100,Tata Steel,100001010018,100,iron-ore_reserves,2022-01-01 00:00:00,2022-12-31 00:00:00,2023-11-29 22:49:36.036745,,,"{6109,7061}"
25487286,Kadam Kocha/Ruri Mine,IND,mineral-extraction,iron-mining,22.136432,85.342913,trace_85.342913_22.136432,owner,NKPK Mines,100001012963,100,NKPK Mines,100001012963,100,iron-ore_reserves,2022-01-01 00:00:00,2022-12-31 00:00:00,2023-11-29 22:49:36.036778,,,{7061}
25487287,Kalta Mine,IND,mineral-extraction,iron-mining,21.975614,85.21536,trace_85.21536_21.975614,owner,Steel Authority of India,100001000703,100,Steel Authority of India,100001000703,100,iron-ore_reserves,2022-01-01 00:00:00,2022-12-31 00:00:00,2023-11-29 22:49:36.036819,,,"{6471,7061}"
25487288,Karnataka Mine,IND,mineral-extraction,iron-mining,14.224704,76.207168,trace_76.207168_14.224704,owner,Vedanta Resources,100000121514,100,Vedanta Resources,100000121514,100,iron-ore_reserves,2022-01-01 00:00:00,2022-12-31 00:00:00,2023-11-29 22:49:36.036856,,,{7061}
25487289,Kasia Mine,IND,mineral-extraction,iron-mining,22.061772,85.363544,trace_85.363544_22.061772,owner,Essel Mining Industries,100001012964,100,Essel Mining Industries,100001012964,100,iron-ore_reserves,2022-01-01 00:00:00,2022-12-31 00:00:00,2023-11-29 22:49:36.036889,,,{7061}
25487291,Khandbandh Mine,IND,mineral-extraction,iron-mining,21.92504,85.37931,trace_85.37931_21.92504,owner,Sree Metaliks,100000130860,100,Sree Metaliks,100000130860,100,iron-ore_reserves,2022-01-01 00:00:00,2022-12-31 00:00:00,2023-11-29 22:49:36.036922,,,{7061}
25487292,Kirandul Complex,IND,mineral-extraction,iron-mining,18.633714,81.23848,trace_81.23848_18.633714,owner,National Mineral Development,100001012965,100,National Mineral Development,100001012965,100,iron-ore_reserves,2022-01-01 00:00:00,2022-12-31 00:00:00,2023-11-29 22:49:36.036955,,,{7061}
25487293,Kiriburu Mine,IND,mineral-extraction,iron-mining,22.072726,85.267298,trace_85.267298_22.072726,owner,Steel Authority of India,100001000703,100,Steel Authority of India,100001000703,100,iron-ore_reserves,2022-01-01 00:00:00,2022-12-31 00:00:00,2023-11-29 22:49:36.036996,,,"{6471,7061}"
25487294,Koira Mine,IND,mineral-extraction,iron-mining,21.900866,85.227232,trace_85.227232_21.900866,owner,Essel Mining Industries,100001012964,100,Essel Mining Industries,100001012964,100,iron-ore_reserves,2022-01-01 00:00:00,2022-12-31 00:00:00,2023-11-29 22:49:36.037029,,,{7061}
25487295,Kudremukh Mine,IND,mineral-extraction,iron-mining,13.178929,75.251755,trace_75.251755_13.178929,owner,KIOCL,100001012966,100,KIOCL,100001012966,100,iron-ore_reserves,2022-01-01 00:00:00,2022-12-31 00:00:00,2023-11-29 22:49:36.037062,,,{7061}
25487296,Kumaraswamy Mine,IND,mineral-extraction,iron-mining,15.009331,76.596069,trace_76.596069_15.009331,owner,NMDC,100001000686,100,NMDC,100001000686,100,iron-ore_reserves,2022-01-01 00:00:00,2022-12-31 00:00:00,2023-11-29 22:49:36.037094,,,{7061}
25487297,Kurmitar Mine,IND,mineral-extraction,iron-mining,21.753651,85.16127,trace_85.16127_21.753651,owner,Odisha Mining,100001012622,100,Odisha Mining,100001012622,100,iron-ore_reserves,2022-01-01 00:00:00,2022-12-31 00:00:00,2023-11-29 22:49:36.037129,,,{7061}
25487298,Maha Parvat Mine,IND,mineral-extraction,iron-mining,21.872484,85.424497,trace_85.424497_21.872484,owner,Odisha Mining,100001012622,100,Odisha Mining,100001012622,100,iron-ore_reserves,2022-01-01 00:00:00,2022-12-31 00:00:00,2023-11-29 22:49:36.037162,,,{7061}
25487299,Meghahatuburu Mine,IND,mineral-extraction,iron-mining,22.106718,85.279108,trace_85.279108_22.106718,owner,Steel Authority of India,100001000703,100,Steel Authority of India,100001000703,100,iron-ore_reserves,2022-01-01 00:00:00,2022-12-31 00:00:00,2023-11-29 22:49:36.037197,,,"{6471,7061}"
25487300,Mohanty Mine,IND,mineral-extraction,iron-mining,21.876106,85.186559,trace_85.186559_21.876106,owner,Geetarani Mohanty,100001012959,100,Geetarani Mohanty,100001012959,100,iron-ore_reserves,2022-01-01 00:00:00,2022-12-31 00:00:00,2023-11-29 22:49:36.03723,,,{7061}
25487301,Murgabeda Mine,IND,mineral-extraction,iron-mining,22.098455,85.45256,trace_85.45256_22.098455,owner,DR Patnaik,100001012967,100,DR Patnaik,100001012967,100,iron-ore_reserves,2022-01-01 00:00:00,2022-12-31 00:00:00,2023-11-29 22:49:36.037262,,,{7061}
25487303,Naibuga Mine,IND,mineral-extraction,iron-mining,21.836959,85.399016,trace_85.399016_21.836959,owner,TP Mohanty,100001012968,100,TP Mohanty,100001012968,100,iron-ore_reserves,2022-01-01 00:00:00,2022-12-31 00:00:00,2023-11-29 22:49:36.0373,,,"{7061,34548}"
25487304,Nandi Mine,IND,mineral-extraction,iron-mining,15.019342,76.557254,trace_76.557254_15.019342,owner,JSW Steel,100001000516,100,JSW Steel,100001000516,100,iron-ore_reserves,2022-01-01 00:00:00,2022-12-31 00:00:00,2023-11-29 22:49:36.037334,,,"{6390,7061}"
25487305,Narayana Mine,IND,mineral-extraction,iron-mining,14.992565,76.656198,trace_76.656198_14.992565,owner,Narayana Mines,100001012969,100,Narayana Mines,100001012969,100,iron-ore_reserves,2022-01-01 00:00:00,2022-12-31 00:00:00,2023-11-29 22:49:36.037367,,,{7061}
25487306,Narayanposhi Mine,IND,mineral-extraction,iron-mining,21.927954,85.242293,trace_85.242293_21.927954,owner,JSW Steel,100001000516,100,JSW Steel,100001000516,100,iron-ore_reserves,2022-01-01 00:00:00,2022-12-31 00:00:00,2023-11-29 22:49:36.037401,,,"{6390,7061}"
25487307,Navalatti Mine,IND,mineral-extraction,iron-mining,15.0872,76.600807,trace_76.600807_15.0872,owner,HR Gaviappa &,100001012970,100,HR Gaviappa &,100001012970,100,iron-ore_reserves,2022-01-01 00:00:00,2022-12-31 00:00:00,2023-11-29 22:49:36.03744,,,"{7061,34549}"
25487308,Nilanchal Mine,IND,mineral-extraction,iron-mining,21.853172,85.337922,trace_85.337922_21.853172,owner,Tata Steel Group,100001012971,100,Tata Steel Group,100001012971,100,iron-ore_reserves,2022-01-01 00:00:00,2022-12-31 00:00:00,2023-11-29 22:49:36.037473,,,{7061}
25487309,Noamundi Mine,IND,mineral-extraction,iron-mining,22.13471,85.49832,trace_85.49832_22.13471,owner,Tata Steel Group,100001012971,100,Tata Steel Group,100001012971,100,iron-ore_reserves,2022-01-01 00:00:00,2022-12-31 00:00:00,2023-11-29 22:49:36.037512,,,{7061}
25487310,North Eastern Mine,IND,mineral-extraction,iron-mining,15.183938,76.479568,trace_76.479568_15.183938,owner,Rungta Mines,100000130898,100,Rungta Mines,100000130898,100,iron-ore_reserves,2022-01-01 00:00:00,2022-12-31 00:00:00,2023-11-29 22:49:36.037544,,,{7061}
25487311,Nuagaon Mine,IND,mineral-extraction,iron-mining,21.972214,85.300502,trace_85.300502_21.972214,owner,JSW Steel,100001000516,100,JSW Steel,100001000516,100,iron-ore_reserves,2022-01-01 00:00:00,2022-12-31 00:00:00,2023-11-29 22:49:36.037579,,,"{6390,7061}"
25487312,Oraghat Mine,IND,mineral-extraction,iron-mining,21.923855,85.311665,trace_85.311665_21.923855,owner,Rungta Sons,100001010016,100,Rungta Sons,100001010016,100,iron-ore_reserves,2022-01-01 00:00:00,2022-12-31 00:00:00,2023-11-29 22:49:36.037611,,,{7061}
25487313,Panposh Mine,IND,mineral-extraction,iron-mining,22.113704,85.32666,trace_85.32666_22.113704,owner,Steel Authority of India,100001000703,100,Steel Authority of India,100001000703,100,iron-ore_reserves,2022-01-01 00:00:00,2022-12-31 00:00:00,2023-11-29 22:49:36.037646,,,"{6471,7061}"
25487314,Pattnaik Mine,IND,mineral-extraction,iron-mining,22.10769,85.467616,trace_85.467616_22.10769,owner,Patnaik Minerals,100001012972,100,Patnaik Minerals,100001012972,100,iron-ore_reserves,2022-01-01 00:00:00,2022-12-31 00:00:00,2023-11-29 22:49:36.037679,,,{7061}
25487315,Putulpani Mine,IND,mineral-extraction,iron-mining,21.658659,85.495415,trace_85.495415_21.658659,owner,Kalinga Commercial,100001012973,100,Kalinga Commercial,100001012973,100,iron-ore_reserves,2022-01-01 00:00:00,2022-12-31 00:00:00,2023-11-29 22:49:36.037712,,,{7061}
25487316,Raikela Mine,IND,mineral-extraction,iron-mining,21.8762,85.183522,trace_85.183522_21.8762,owner,Geetarani Mohanty,100001012959,100,Geetarani Mohanty,100001012959,100,iron-ore_reserves,2022-01-01 00:00:00,2022-12-31 00:00:00,2023-11-29 22:49:36.037744,,,{7061}
25487317,Rajhara Mine,IND,mineral-extraction,iron-mining,20.5699,81.095035,trace_81.095035_20.5699,owner,Bhilai Steel Plant,100001012974,100,Bhilai Steel Plant,100001012974,100,iron-ore_reserves,2022-01-01 00:00:00,2022-12-31 00:00:00,2023-11-29 22:49:36.037779,,,{7061}
25487318,Rama Mine,IND,mineral-extraction,iron-mining,15.129942,76.462979,trace_76.462979_15.129942,owner,JSW Steel,100001000516,100,JSW Steel,100001000516,100,iron-ore_reserves,2022-01-01 00:00:00,2022-12-31 00:00:00,2023-11-29 22:49:36.037819,,,"{6390,7061}"
25487319,Ramgad Mine,IND,mineral-extraction,iron-mining,15.168654,76.433394,trace_76.433394_15.168654,owner,Baldota Group,100001012975,100,Baldota Group,100001012975,100,iron-ore_reserves,2022-01-01 00:00:00,2022-12-31 00:00:00,2023-11-29 22:49:36.037854,,,"{7061,34547}"
25487320,Roida Mine,IND,mineral-extraction,iron-mining,22.037707,85.363569,trace_85.363569_22.037707,owner,Mesco Group,100001012976,100,Mesco Group,100001012976,100,iron-ore_reserves,2022-01-01 00:00:00,2022-12-31 00:00:00,2023-11-29 22:49:36.037886,,,{7061}
25487321,Rungta Mine,IND,mineral-extraction,iron-mining,21.877549,85.38084,trace_85.38084_21.877549,owner,Rungta Mines,100000130898,100,Rungta Mines,100000130898,100,iron-ore_reserves,2022-01-01 00:00:00,2022-12-31 00:00:00,2023-11-29 22:49:36.037919,,,{7061}
25487322,Sandur Mine,IND,mineral-extraction,iron-mining,15.015609,76.62825,trace_76.62825_15.015609,owner,Sandur Manganese & Iron Ores,100001012977,100,Sandur Manganese & Iron Ores,100001012977,100,iron-ore_reserves,2022-01-01 00:00:00,2022-12-31 00:00:00,2023-11-29 22:49:36.037952,,,{7061}
25487323,Sanindpur Mine,IND,mineral-extraction,iron-mining,21.927708,85.304348,trace_85.304348_21.927708,owner,Rungta Sons,100001010016,100,Rungta Sons,100001010016,100,iron-ore_reserves,2022-01-01 00:00:00,2022-12-31 00:00:00,2023-11-29 22:49:36.037984,,,{7061}
25487324,Sanquelim Mine,IND,mineral-extraction,iron-mining,15.555838,74.01157,trace_74.01157_15.555838,owner,Vedanta Resources,100000121514,100,Vedanta Resources,100000121514,100,iron-ore_reserves,2022-01-01 00:00:00,2022-12-31 00:00:00,2023-11-29 22:49:36.038017,,,{7061}
25487325,Shigao Mine,IND,mineral-extraction,iron-mining,21.877549,85.380841,trace_85.380841_21.877549,owner,Sociedade Timblo Irmaos,100001012978,100,Sociedade Timblo Irmaos,100001012978,100,iron-ore_reserves,2022-01-01 00:00:00,2022-12-31 00:00:00,2023-11-29 22:49:36.03805,,,{7061}
25487326,Sirkagutu Mine,IND,mineral-extraction,iron-mining,21.794576,85.327646,trace_85.327646_21.794576,owner,Prakash Industries,100000121137,100,Prakash Industries,100000121137,100,iron-ore_reserves,2022-01-01 00:00:00,2022-12-31 00:00:00,2023-11-29 22:49:36.03809,,,{7061}
25487327,Sonshi Mine,IND,mineral-extraction,iron-mining,15.486797,74.070719,trace_74.070719_15.486797,owner,Vedanta Resources,100000121514,100,Vedanta Resources,100000121514,100,iron-ore_reserves,2022-01-01 00:00:00,2022-12-31 00:00:00,2023-11-29 22:49:36.038123,,,{7061}
25487329,Subrayanahalli Mine,IND,mineral-extraction,iron-mining,14.999155,76.566657,trace_76.566657_14.999155,owner,Karnataka State Minerals,100001012979,100,Karnataka State Minerals,100001012979,100,iron-ore_reserves,2022-01-01 00:00:00,2022-12-31 00:00:00,2023-11-29 22:49:36.038156,,,{7061}
25487330,Suctolim Mine,IND,mineral-extraction,iron-mining,15.361515,74.166643,trace_74.166643_15.361515,owner,Panduronga Timblo Group,100001012980,100,Panduronga Timblo Group,100001012980,100,iron-ore_reserves,2022-01-01 00:00:00,2022-12-31 00:00:00,2023-11-29 22:49:36.038189,,,{7061}
25487331,Suleipat Mine,IND,mineral-extraction,iron-mining,22.142979,86.220817,trace_86.220817_22.142979,owner,Dagara Mines,100001012981,100,Dagara Mines,100001012981,100,iron-ore_reserves,2022-01-01 00:00:00,2022-12-31 00:00:00,2023-11-29 22:49:36.038221,,,{7061}
25487332,Surla Mine,IND,mineral-extraction,iron-mining,15.516067,74.049596,trace_74.049596_15.516067,owner,Vedanta Resources,100000121514,100,Vedanta Resources,100000121514,100,iron-ore_reserves,2022-01-01 00:00:00,2022-12-31 00:00:00,2023-11-29 22:49:36.038254,,,{7061}
25487333,Taldih Mine,IND,mineral-extraction,iron-mining,21.90237,85.156925,trace_85.156925_21.90237,owner,Steel Authority of India,100001000703,100,Steel Authority of India,100001000703,100,iron-ore_reserves,2022-01-01 00:00:00,2022-12-31 00:00:00,2023-11-29 22:49:36.038288,,,"{6471,7061}"
25487334,Tantigram Mine,IND,mineral-extraction,iron-mining,21.858013,85.243945,trace_85.243945_21.858013,owner,KJS Concrete,100001012982,100,KJS Concrete,100001012982,100,iron-ore_reserves,2022-01-01 00:00:00,2022-12-31 00:00:00,2023-11-29 22:49:36.038321,,,{7061}
25487335,Tensa Mine,IND,mineral-extraction,iron-mining,21.88873,85.179594,trace_85.179594_21.88873,owner,Jindal Steel & Power,100001000439,100,Jindal Steel & Power (Mauritius),100001001102,100,iron-ore_reserves,2022-01-01 00:00:00,2022-12-31 00:00:00,2023-11-29 22:49:36.038356,,,"{6157,7061}"
25487336,Thakurani Mine,IND,mineral-extraction,iron-mining,22.111475,85.432979,trace_85.432979_22.111475,owner,ArcelorMittal,100000000687,100,ArcelorMittal,100000000687,100,iron-ore_reserves,2022-01-01 00:00:00,2022-12-31 00:00:00,2023-11-29 22:49:36.038396,,,"{6340,7061,34539}"
25487337,Tiom Mine,IND,mineral-extraction,iron-mining,15.137679,76.529028,trace_76.529028_15.137679,owner,Karnataka State Minerals,100001012979,100,Karnataka State Minerals,100001012979,100,iron-ore_reserves,2022-01-01 00:00:00,2022-12-31 00:00:00,2023-11-29 22:49:36.038429,,,{7061}
25487338,Ubbalagundi Mine,IND,mineral-extraction,iron-mining,15.068628,76.644841,trace_76.644841_15.068628,owner,Mysore Mineral,100001012983,100,Mysore Mineral,100001012983,100,iron-ore_reserves,2022-01-01 00:00:00,2022-12-31 00:00:00,2023-11-29 22:49:36.038462,,,{7061}
25487339,Venkatagiri Mine,IND,mineral-extraction,iron-mining,15.204026,76.400078,trace_76.400078_15.204026,owner,Trident Mineral Resources,100001012984,100,Trident Mineral Resources,100001012984,100,iron-ore_reserves,2022-01-01 00:00:00,2022-12-31 00:00:00,2023-11-29 22:49:36.038497,,,{7061}
