iso3_country,sector,subsector,start_time,end_time,gas,emissions_quantity,emissions_quantity_units,temporal_granularity,created_date,modified_date
IND,mineral-extraction,iron-mining,2015-01-01 00:00:00,2015-12-31 00:00:00,ch4,,tonnes,annual,2023-10-03 21:13:23.362578,
IND,mineral-extraction,iron-mining,2015-01-01 00:00:00,2015-12-31 00:00:00,co2,21858247.0,tonnes,annual,2023-10-03 21:13:23.362563,2023-11-02 13:53:03.921757
IND,mineral-extraction,iron-mining,2015-01-01 00:00:00,2015-12-31 00:00:00,co2e_100yr,21858247.0,tonnes,annual,2023-10-03 21:13:23.362596,2023-11-02 13:53:03.921757
IND,mineral-extraction,iron-mining,2015-01-01 00:00:00,2015-12-31 00:00:00,co2e_20yr,21858247.0,tonnes,annual,2023-10-03 21:13:23.362603,2023-11-02 13:53:03.921757
IND,mineral-extraction,iron-mining,2015-01-01 00:00:00,2015-12-31 00:00:00,n2o,,tonnes,annual,2023-10-03 21:13:23.362587,
IND,mineral-extraction,iron-mining,2016-01-01 00:00:00,2016-12-31 00:00:00,ch4,,tonnes,annual,2023-10-03 21:13:23.363171,
IND,mineral-extraction,iron-mining,2016-01-01 00:00:00,2016-12-31 00:00:00,co2,28320904.0,tonnes,annual,2023-10-03 21:13:23.363157,2023-11-02 13:53:03.921757
IND,mineral-extraction,iron-mining,2016-01-01 00:00:00,2016-12-31 00:00:00,co2e_100yr,28320904.0,tonnes,annual,2023-10-03 21:13:23.363189,2023-11-02 13:53:03.921757
IND,mineral-extraction,iron-mining,2016-01-01 00:00:00,2016-12-31 00:00:00,co2e_20yr,28320904.0,tonnes,annual,2023-10-03 21:13:23.363197,2023-11-02 13:53:03.921757
IND,mineral-extraction,iron-mining,2016-01-01 00:00:00,2016-12-31 00:00:00,n2o,,tonnes,annual,2023-10-03 21:13:23.363181,
IND,mineral-extraction,iron-mining,2017-01-01 00:00:00,2017-12-31 00:00:00,ch4,,tonnes,annual,2023-10-03 21:13:23.363808,
IND,mineral-extraction,iron-mining,2017-01-01 00:00:00,2017-12-31 00:00:00,co2,30978603.0,tonnes,annual,2023-10-03 21:13:23.363794,2023-11-02 13:53:03.921757
IND,mineral-extraction,iron-mining,2017-01-01 00:00:00,2017-12-31 00:00:00,co2e_100yr,30978603.0,tonnes,annual,2023-10-03 21:13:23.363827,2023-11-02 13:53:03.921757
IND,mineral-extraction,iron-mining,2017-01-01 00:00:00,2017-12-31 00:00:00,co2e_20yr,30978603.0,tonnes,annual,2023-10-03 21:13:23.363834,2023-11-02 13:53:03.921757
IND,mineral-extraction,iron-mining,2017-01-01 00:00:00,2017-12-31 00:00:00,n2o,,tonnes,annual,2023-10-03 21:13:23.363818,
IND,mineral-extraction,iron-mining,2018-01-01 00:00:00,2018-12-31 00:00:00,ch4,,tonnes,annual,2023-10-03 21:13:23.364373,
IND,mineral-extraction,iron-mining,2018-01-01 00:00:00,2018-12-31 00:00:00,co2,31327969.0,tonnes,annual,2023-10-03 21:13:23.36436,2023-11-02 13:53:03.921757
IND,mineral-extraction,iron-mining,2018-01-01 00:00:00,2018-12-31 00:00:00,co2e_100yr,31327969.0,tonnes,annual,2023-10-03 21:13:23.364391,2023-11-02 13:53:03.921757
IND,mineral-extraction,iron-mining,2018-01-01 00:00:00,2018-12-31 00:00:00,co2e_20yr,31327969.0,tonnes,annual,2023-10-03 21:13:23.364399,2023-11-02 13:53:03.921757
IND,mineral-extraction,iron-mining,2018-01-01 00:00:00,2018-12-31 00:00:00,n2o,,tonnes,annual,2023-10-03 21:13:23.364382,
IND,mineral-extraction,iron-mining,2019-01-01 00:00:00,2019-12-31 00:00:00,ch4,,tonnes,annual,2023-10-03 21:13:23.365055,
IND,mineral-extraction,iron-mining,2019-01-01 00:00:00,2019-12-31 00:00:00,co2,36555104.0,tonnes,annual,2023-10-03 21:13:23.36504,2023-11-02 13:53:03.921757
IND,mineral-extraction,iron-mining,2019-01-01 00:00:00,2019-12-31 00:00:00,co2e_100yr,36555104.0,tonnes,annual,2023-10-03 21:13:23.365072,2023-11-02 13:53:03.921757
IND,mineral-extraction,iron-mining,2019-01-01 00:00:00,2019-12-31 00:00:00,co2e_20yr,36555104.0,tonnes,annual,2023-10-03 21:13:23.36508,2023-11-02 13:53:03.921757
IND,mineral-extraction,iron-mining,2019-01-01 00:00:00,2019-12-31 00:00:00,n2o,,tonnes,annual,2023-10-03 21:13:23.365064,
IND,mineral-extraction,iron-mining,2020-01-01 00:00:00,2020-12-31 00:00:00,ch4,,tonnes,annual,2023-10-03 21:13:23.365755,
IND,mineral-extraction,iron-mining,2020-01-01 00:00:00,2020-12-31 00:00:00,co2,14731032.0,tonnes,annual,2023-10-03 21:13:23.365737,2023-11-02 13:53:03.921757
IND,mineral-extraction,iron-mining,2020-01-01 00:00:00,2020-12-31 00:00:00,co2e_100yr,14731032.0,tonnes,annual,2023-10-03 21:13:23.365775,2023-11-02 13:53:03.921757
IND,mineral-extraction,iron-mining,2020-01-01 00:00:00,2020-12-31 00:00:00,co2e_20yr,14731032.0,tonnes,annual,2023-10-03 21:13:23.365783,2023-11-02 13:53:03.921757
IND,mineral-extraction,iron-mining,2020-01-01 00:00:00,2020-12-31 00:00:00,n2o,,tonnes,annual,2023-10-03 21:13:23.365765,
IND,mineral-extraction,iron-mining,2021-01-01 00:00:00,2021-12-31 00:00:00,ch4,,tonnes,annual,2023-10-03 21:13:23.366426,
IND,mineral-extraction,iron-mining,2021-01-01 00:00:00,2021-12-31 00:00:00,co2,11177729.0,tonnes,annual,2023-10-03 21:13:23.366409,2023-10-30 14:42:59.662935
IND,mineral-extraction,iron-mining,2021-01-01 00:00:00,2021-12-31 00:00:00,co2e_100yr,11177729.0,tonnes,annual,2023-10-03 21:13:23.366444,2023-10-30 14:42:59.662935
IND,mineral-extraction,iron-mining,2021-01-01 00:00:00,2021-12-31 00:00:00,co2e_20yr,11177729.0,tonnes,annual,2023-10-03 21:13:23.366453,2023-10-30 14:42:59.662935
IND,mineral-extraction,iron-mining,2021-01-01 00:00:00,2021-12-31 00:00:00,n2o,,tonnes,annual,2023-10-03 21:13:23.366435,
IND,mineral-extraction,iron-mining,2022-01-01 00:00:00,2022-12-31 00:00:00,ch4,,tonnes,annual,2023-10-03 21:13:23.367073,
IND,mineral-extraction,iron-mining,2022-01-01 00:00:00,2022-12-31 00:00:00,co2,13098121.0,tonnes,annual,2023-10-03 21:13:23.367058,
IND,mineral-extraction,iron-mining,2022-01-01 00:00:00,2022-12-31 00:00:00,co2e_100yr,13098121.0,tonnes,annual,2023-10-03 21:13:23.367093,
IND,mineral-extraction,iron-mining,2022-01-01 00:00:00,2022-12-31 00:00:00,co2e_20yr,13098121.0,tonnes,annual,2023-10-03 21:13:23.367102,
IND,mineral-extraction,iron-mining,2022-01-01 00:00:00,2022-12-31 00:00:00,n2o,,tonnes,annual,2023-10-03 21:13:23.367085,
