iso3_country,sector,subsector,start_time,end_time,gas,emissions_quantity,emissions_quantity_units,temporal_granularity,created_date,modified_date
IND,mineral-extraction,rock-quarrying,2015-01-01 00:00:00,2015-12-31 00:00:00,ch4,,tonnes,annual,2023-10-03 21:10:31.573373,
IND,mineral-extraction,rock-quarrying,2015-01-01 00:00:00,2015-12-31 00:00:00,co2,681.0,tonnes,annual,2023-10-03 21:10:31.573357,
IND,mineral-extraction,rock-quarrying,2015-01-01 00:00:00,2015-12-31 00:00:00,co2e_100yr,681.0,tonnes,annual,2023-10-03 21:10:31.573391,
IND,mineral-extraction,rock-quarrying,2015-01-01 00:00:00,2015-12-31 00:00:00,co2e_20yr,681.0,tonnes,annual,2023-10-03 21:10:31.573398,
IND,mineral-extraction,rock-quarrying,2015-01-01 00:00:00,2015-12-31 00:00:00,n2o,,tonnes,annual,2023-10-03 21:10:31.573382,
IND,mineral-extraction,rock-quarrying,2016-01-01 00:00:00,2016-12-31 00:00:00,ch4,,tonnes,annual,2023-10-03 21:10:31.57398,
IND,mineral-extraction,rock-quarrying,2016-01-01 00:00:00,2016-12-31 00:00:00,co2,964.0,tonnes,annual,2023-10-03 21:10:31.573963,
IND,mineral-extraction,rock-quarrying,2016-01-01 00:00:00,2016-12-31 00:00:00,co2e_100yr,964.0,tonnes,annual,2023-10-03 21:10:31.573998,
IND,mineral-extraction,rock-quarrying,2016-01-01 00:00:00,2016-12-31 00:00:00,co2e_20yr,964.0,tonnes,annual,2023-10-03 21:10:31.574005,
IND,mineral-extraction,rock-quarrying,2016-01-01 00:00:00,2016-12-31 00:00:00,n2o,,tonnes,annual,2023-10-03 21:10:31.573989,
IND,mineral-extraction,rock-quarrying,2017-01-01 00:00:00,2017-12-31 00:00:00,ch4,,tonnes,annual,2023-10-03 21:10:31.574606,
IND,mineral-extraction,rock-quarrying,2017-01-01 00:00:00,2017-12-31 00:00:00,co2,956.0,tonnes,annual,2023-10-03 21:10:31.57459,
IND,mineral-extraction,rock-quarrying,2017-01-01 00:00:00,2017-12-31 00:00:00,co2e_100yr,956.0,tonnes,annual,2023-10-03 21:10:31.574624,
IND,mineral-extraction,rock-quarrying,2017-01-01 00:00:00,2017-12-31 00:00:00,co2e_20yr,956.0,tonnes,annual,2023-10-03 21:10:31.574632,
IND,mineral-extraction,rock-quarrying,2017-01-01 00:00:00,2017-12-31 00:00:00,n2o,,tonnes,annual,2023-10-03 21:10:31.574616,
IND,mineral-extraction,rock-quarrying,2018-01-01 00:00:00,2018-12-31 00:00:00,ch4,,tonnes,annual,2023-10-03 21:10:31.575203,
IND,mineral-extraction,rock-quarrying,2018-01-01 00:00:00,2018-12-31 00:00:00,co2,812.0,tonnes,annual,2023-10-03 21:10:31.575188,
IND,mineral-extraction,rock-quarrying,2018-01-01 00:00:00,2018-12-31 00:00:00,co2e_100yr,812.0,tonnes,annual,2023-10-03 21:10:31.575221,
IND,mineral-extraction,rock-quarrying,2018-01-01 00:00:00,2018-12-31 00:00:00,co2e_20yr,812.0,tonnes,annual,2023-10-03 21:10:31.575229,
IND,mineral-extraction,rock-quarrying,2018-01-01 00:00:00,2018-12-31 00:00:00,n2o,,tonnes,annual,2023-10-03 21:10:31.575213,
IND,mineral-extraction,rock-quarrying,2019-01-01 00:00:00,2019-12-31 00:00:00,ch4,,tonnes,annual,2023-10-03 21:10:31.575885,
IND,mineral-extraction,rock-quarrying,2019-01-01 00:00:00,2019-12-31 00:00:00,co2,809.0,tonnes,annual,2023-10-03 21:10:31.575868,
IND,mineral-extraction,rock-quarrying,2019-01-01 00:00:00,2019-12-31 00:00:00,co2e_100yr,809.0,tonnes,annual,2023-10-03 21:10:31.575903,
IND,mineral-extraction,rock-quarrying,2019-01-01 00:00:00,2019-12-31 00:00:00,co2e_20yr,809.0,tonnes,annual,2023-10-03 21:10:31.57591,
IND,mineral-extraction,rock-quarrying,2019-01-01 00:00:00,2019-12-31 00:00:00,n2o,,tonnes,annual,2023-10-03 21:10:31.575894,
IND,mineral-extraction,rock-quarrying,2020-01-01 00:00:00,2020-12-31 00:00:00,ch4,,tonnes,annual,2023-10-03 21:10:31.576515,
IND,mineral-extraction,rock-quarrying,2020-01-01 00:00:00,2020-12-31 00:00:00,co2,876.0,tonnes,annual,2023-10-03 21:10:31.576499,
IND,mineral-extraction,rock-quarrying,2020-01-01 00:00:00,2020-12-31 00:00:00,co2e_100yr,876.0,tonnes,annual,2023-10-03 21:10:31.576535,
IND,mineral-extraction,rock-quarrying,2020-01-01 00:00:00,2020-12-31 00:00:00,co2e_20yr,876.0,tonnes,annual,2023-10-03 21:10:31.576542,
IND,mineral-extraction,rock-quarrying,2020-01-01 00:00:00,2020-12-31 00:00:00,n2o,,tonnes,annual,2023-10-03 21:10:31.576526,
IND,mineral-extraction,rock-quarrying,2021-01-01 00:00:00,2021-12-31 00:00:00,ch4,,tonnes,annual,2023-10-03 21:10:31.577199,
IND,mineral-extraction,rock-quarrying,2021-01-01 00:00:00,2021-12-31 00:00:00,co2,786.0,tonnes,annual,2023-10-03 21:10:31.577183,
IND,mineral-extraction,rock-quarrying,2021-01-01 00:00:00,2021-12-31 00:00:00,co2e_100yr,786.0,tonnes,annual,2023-10-03 21:10:31.577218,
IND,mineral-extraction,rock-quarrying,2021-01-01 00:00:00,2021-12-31 00:00:00,co2e_20yr,786.0,tonnes,annual,2023-10-03 21:10:31.577225,
IND,mineral-extraction,rock-quarrying,2021-01-01 00:00:00,2021-12-31 00:00:00,n2o,,tonnes,annual,2023-10-03 21:10:31.577209,
IND,mineral-extraction,rock-quarrying,2022-01-01 00:00:00,2022-12-31 00:00:00,ch4,,tonnes,annual,2023-10-03 21:10:31.577891,
IND,mineral-extraction,rock-quarrying,2022-01-01 00:00:00,2022-12-31 00:00:00,co2,765.0,tonnes,annual,2023-10-03 21:10:31.577875,
IND,mineral-extraction,rock-quarrying,2022-01-01 00:00:00,2022-12-31 00:00:00,co2e_100yr,765.0,tonnes,annual,2023-10-03 21:10:31.57791,
IND,mineral-extraction,rock-quarrying,2022-01-01 00:00:00,2022-12-31 00:00:00,co2e_20yr,765.0,tonnes,annual,2023-10-03 21:10:31.577917,
IND,mineral-extraction,rock-quarrying,2022-01-01 00:00:00,2022-12-31 00:00:00,n2o,,tonnes,annual,2023-10-03 21:10:31.577901,
