iso3_country,sector,subsector,start_time,end_time,gas,emissions_quantity,emissions_quantity_units,temporal_granularity,created_date,modified_date
IND,mineral-extraction,sand-quarrying,2015-01-01 00:00:00,2015-12-31 00:00:00,ch4,,tonnes,annual,2023-10-03 21:10:31.499078,
IND,mineral-extraction,sand-quarrying,2015-01-01 00:00:00,2015-12-31 00:00:00,co2,13.0,tonnes,annual,2023-10-03 21:10:31.499063,
IND,mineral-extraction,sand-quarrying,2015-01-01 00:00:00,2015-12-31 00:00:00,co2e_100yr,13.0,tonnes,annual,2023-10-03 21:10:31.499095,
IND,mineral-extraction,sand-quarrying,2015-01-01 00:00:00,2015-12-31 00:00:00,co2e_20yr,13.0,tonnes,annual,2023-10-03 21:10:31.499103,
IND,mineral-extraction,sand-quarrying,2015-01-01 00:00:00,2015-12-31 00:00:00,n2o,,tonnes,annual,2023-10-03 21:10:31.499087,
IND,mineral-extraction,sand-quarrying,2016-01-01 00:00:00,2016-12-31 00:00:00,ch4,,tonnes,annual,2023-10-03 21:10:31.49966,
IND,mineral-extraction,sand-quarrying,2016-01-01 00:00:00,2016-12-31 00:00:00,co2,14.0,tonnes,annual,2023-10-03 21:10:31.499645,
IND,mineral-extraction,sand-quarrying,2016-01-01 00:00:00,2016-12-31 00:00:00,co2e_100yr,14.0,tonnes,annual,2023-10-03 21:10:31.499678,
IND,mineral-extraction,sand-quarrying,2016-01-01 00:00:00,2016-12-31 00:00:00,co2e_20yr,14.0,tonnes,annual,2023-10-03 21:10:31.499686,
IND,mineral-extraction,sand-quarrying,2016-01-01 00:00:00,2016-12-31 00:00:00,n2o,,tonnes,annual,2023-10-03 21:10:31.49967,
IND,mineral-extraction,sand-quarrying,2017-01-01 00:00:00,2017-12-31 00:00:00,ch4,,tonnes,annual,2023-10-03 21:10:31.500237,
IND,mineral-extraction,sand-quarrying,2017-01-01 00:00:00,2017-12-31 00:00:00,co2,14.0,tonnes,annual,2023-10-03 21:10:31.500222,
IND,mineral-extraction,sand-quarrying,2017-01-01 00:00:00,2017-12-31 00:00:00,co2e_100yr,14.0,tonnes,annual,2023-10-03 21:10:31.500255,
IND,mineral-extraction,sand-quarrying,2017-01-01 00:00:00,2017-12-31 00:00:00,co2e_20yr,14.0,tonnes,annual,2023-10-03 21:10:31.500262,
IND,mineral-extraction,sand-quarrying,2017-01-01 00:00:00,2017-12-31 00:00:00,n2o,,tonnes,annual,2023-10-03 21:10:31.500246,
IND,mineral-extraction,sand-quarrying,2018-01-01 00:00:00,2018-12-31 00:00:00,ch4,,tonnes,annual,2023-10-03 21:10:31.500818,
IND,mineral-extraction,sand-quarrying,2018-01-01 00:00:00,2018-12-31 00:00:00,co2,14.0,tonnes,annual,2023-10-03 21:10:31.500803,
IND,mineral-extraction,sand-quarrying,2018-01-01 00:00:00,2018-12-31 00:00:00,co2e_100yr,14.0,tonnes,annual,2023-10-03 21:10:31.500836,
IND,mineral-extraction,sand-quarrying,2018-01-01 00:00:00,2018-12-31 00:00:00,co2e_20yr,14.0,tonnes,annual,2023-10-03 21:10:31.500843,
IND,mineral-extraction,sand-quarrying,2018-01-01 00:00:00,2018-12-31 00:00:00,n2o,,tonnes,annual,2023-10-03 21:10:31.500827,
IND,mineral-extraction,sand-quarrying,2019-01-01 00:00:00,2019-12-31 00:00:00,ch4,,tonnes,annual,2023-10-03 21:10:31.501509,
IND,mineral-extraction,sand-quarrying,2019-01-01 00:00:00,2019-12-31 00:00:00,co2,14.0,tonnes,annual,2023-10-03 21:10:31.501493,
IND,mineral-extraction,sand-quarrying,2019-01-01 00:00:00,2019-12-31 00:00:00,co2e_100yr,14.0,tonnes,annual,2023-10-03 21:10:31.501528,
IND,mineral-extraction,sand-quarrying,2019-01-01 00:00:00,2019-12-31 00:00:00,co2e_20yr,14.0,tonnes,annual,2023-10-03 21:10:31.501536,
IND,mineral-extraction,sand-quarrying,2019-01-01 00:00:00,2019-12-31 00:00:00,n2o,,tonnes,annual,2023-10-03 21:10:31.50152,
IND,mineral-extraction,sand-quarrying,2020-01-01 00:00:00,2020-12-31 00:00:00,ch4,,tonnes,annual,2023-10-03 21:10:31.502094,
IND,mineral-extraction,sand-quarrying,2020-01-01 00:00:00,2020-12-31 00:00:00,co2,15.0,tonnes,annual,2023-10-03 21:10:31.502078,
IND,mineral-extraction,sand-quarrying,2020-01-01 00:00:00,2020-12-31 00:00:00,co2e_100yr,15.0,tonnes,annual,2023-10-03 21:10:31.502112,
IND,mineral-extraction,sand-quarrying,2020-01-01 00:00:00,2020-12-31 00:00:00,co2e_20yr,15.0,tonnes,annual,2023-10-03 21:10:31.50212,
IND,mineral-extraction,sand-quarrying,2020-01-01 00:00:00,2020-12-31 00:00:00,n2o,,tonnes,annual,2023-10-03 21:10:31.502103,
IND,mineral-extraction,sand-quarrying,2021-01-01 00:00:00,2021-12-31 00:00:00,ch4,,tonnes,annual,2023-10-03 21:10:31.502734,
IND,mineral-extraction,sand-quarrying,2021-01-01 00:00:00,2021-12-31 00:00:00,co2,15.0,tonnes,annual,2023-10-03 21:10:31.502718,
IND,mineral-extraction,sand-quarrying,2021-01-01 00:00:00,2021-12-31 00:00:00,co2e_100yr,15.0,tonnes,annual,2023-10-03 21:10:31.502751,
IND,mineral-extraction,sand-quarrying,2021-01-01 00:00:00,2021-12-31 00:00:00,co2e_20yr,15.0,tonnes,annual,2023-10-03 21:10:31.502758,
IND,mineral-extraction,sand-quarrying,2021-01-01 00:00:00,2021-12-31 00:00:00,n2o,,tonnes,annual,2023-10-03 21:10:31.502743,
IND,mineral-extraction,sand-quarrying,2022-01-01 00:00:00,2022-12-31 00:00:00,ch4,,tonnes,annual,2023-10-03 21:10:31.503401,
IND,mineral-extraction,sand-quarrying,2022-01-01 00:00:00,2022-12-31 00:00:00,co2,15.0,tonnes,annual,2023-10-03 21:10:31.503385,
IND,mineral-extraction,sand-quarrying,2022-01-01 00:00:00,2022-12-31 00:00:00,co2e_100yr,15.0,tonnes,annual,2023-10-03 21:10:31.503418,
IND,mineral-extraction,sand-quarrying,2022-01-01 00:00:00,2022-12-31 00:00:00,co2e_20yr,15.0,tonnes,annual,2023-10-03 21:10:31.503437,
IND,mineral-extraction,sand-quarrying,2022-01-01 00:00:00,2022-12-31 00:00:00,n2o,,tonnes,annual,2023-10-03 21:10:31.50341,
